Recipe ID,Ingredients Found in Instructions
1,2
2,2
3,7
4,6
5,2
6,1
7,2
8,4
9,6
10,5
11,3
12,3
13,4
14,0
15,1
16,5
17,2
18,4
19,1
20,3
21,4
22,4
23,4
24,0
25,0
26,2
27,4
28,2
29,0
30,3
31,4
32,2
33,4
34,3
35,5
36,2
37,2
38,3
39,5
40,2
41,4
42,2
43,5
44,2
45,6
46,3
47,2
48,5
49,1
50,2
51,4
52,2
53,3
54,4
55,2
56,1
57,4
58,4
59,1
60,3
61,5
62,2
63,1
64,2
65,5
66,2
67,2
68,3
69,2
70,6
71,6
72,2
73,3
74,3
75,0
76,6
77,1
78,4
79,4
80,0
81,4
82,1
83,1
84,3
85,2
86,5
87,4
88,2
89,0
90,4
91,2
92,3
93,5
94,4
95,4
96,2
97,0
98,4
99,3
100,1
101,3
102,2
103,3
104,1
105,3
106,0
107,2
108,1
109,2
110,4
111,1
112,4
113,3
114,1
115,4
116,3
117,0
118,5
119,2
120,0
121,2
122,4
123,5
124,3
125,4
126,3
127,2
128,1
129,1
130,3
131,1
132,4
133,1
134,2
135,5
136,0
137,5
138,3
139,3
140,1
141,3
142,6
143,0
144,1
145,0
146,0
147,1
148,2
149,1
150,4
151,2
152,3
153,2
154,4
155,6
156,3
157,2
158,2
159,6
160,3
161,0
162,3
163,0
164,3
165,2
166,2
167,2
168,2
169,2
170,4
171,5
172,2
173,1
174,4
175,1
176,2
177,1
178,4
179,2
180,6
181,0
182,3
183,0
184,1
185,2
186,3
187,3
188,3
189,0
190,0
191,7
192,4
193,3
194,0
195,3
196,3
197,4
198,0
199,1
200,3
201,4
202,4
203,2
204,2
205,6
206,3
207,5
208,4
209,2
210,1
211,2
212,5
213,1
214,3
215,4
216,5
217,2
218,1
219,0
220,3
221,4
222,4
223,1
224,1
225,5
226,4
227,1
228,0
229,2
230,5
231,1
232,4
233,0
234,1
235,3
236,0
237,5
238,5
239,3
240,0
241,1
242,2
243,4
244,6
245,3
246,4
247,4
248,3
249,2
250,1
251,1
252,0
253,4
254,1
255,4
256,1
257,6
258,4
259,4
260,5
261,0
262,2
263,6
264,4
265,3
266,1
267,3
268,2
269,0
270,3
271,0
272,5
273,0
274,1
275,3
276,6
277,4
278,5
279,1
280,5
281,5
282,2
283,3
284,2
285,3
286,6
287,7
288,4
289,2
290,5
291,1
292,4
293,3
294,5
295,5
296,4
297,4
298,5
299,3
300,4
301,1
302,3
303,2
304,1
305,0
306,0
307,2
308,4
309,2
310,6
311,3
312,1
313,1
314,3
315,2
316,4
317,2
318,0
319,3
320,4
321,3
322,4
323,1
324,0
325,3
326,4
327,4
328,4
329,2
330,2
331,2
332,5
333,4
334,2
335,2
336,6
337,3
338,2
339,2
340,2
341,1
342,4
343,3
344,6
345,6
346,2
347,0
348,3
349,1
350,2
351,1
352,3
353,2
354,4
355,5
356,0
357,1
358,5
359,0
360,3
361,3
362,3
363,6
364,1
365,3
366,4
367,2
368,3
369,2
370,7
371,0
372,4
373,1
374,5
375,0
376,3
377,3
378,6
379,4
380,5
381,2
382,1
383,2
384,0
385,1
386,5
387,4
388,3
389,5
390,2
391,1
392,0
393,1
394,0
395,0
396,3
397,5
398,4
399,5
400,5
401,5
402,1
403,2
404,5
405,1
406,5
407,4
408,2
409,0
410,2
411,4
412,1
413,1
414,5
415,5
416,2
417,2
418,5
419,2
420,3
421,3
422,6
423,5
424,3
425,1
426,4
427,5
428,3
429,4
430,4
431,2
432,3
433,1
434,4
435,1
436,3
437,2
438,0
439,4
440,3
441,0
442,6
443,5
444,0
445,2
446,4
447,3
448,3
449,2
450,4
451,0
452,2
453,2
454,1
455,2
456,4
457,0
458,2
459,3
460,3
461,3
462,1
463,1
464,2
465,3
466,3
467,1
468,3
469,1
470,0
471,4
472,1
473,2
474,1
475,1
476,0
477,3
478,0
479,0
480,1
481,6
482,1
483,6
484,2
485,3
486,0
487,2
488,2
489,4
490,4
491,4
492,5
493,0
494,3
495,5
496,0
497,3
498,5
499,4
500,3
501,3
502,2
503,1
504,2
505,4
506,2
507,3
508,7
509,1
510,3
511,2
512,5
513,5
514,1
515,3
516,4
517,8
518,5
519,6
520,4
521,6
522,1
523,1
524,1
525,1
526,1
527,8
528,6
529,3
530,2
531,0
532,4
533,2
534,0
535,4
536,1
537,5
538,5
539,1
540,0
541,1
542,3
543,4
544,1
545,1
546,3
547,1
548,5
549,2
550,3
551,3
552,1
553,5
554,3
555,0
556,1
557,2
558,1
559,5
560,6
561,2
562,1
563,3
564,1
565,6
566,5
567,0
568,0
569,3
570,2
571,5
572,4
573,5
574,5
575,2
576,0
577,5
578,3
579,6
580,4
581,2
582,2
583,1
584,4
585,0
586,2
587,3
588,3
589,3
590,3
591,1
592,6
593,4
594,2
595,1
596,5
597,3
598,2
599,0
600,3
601,0
602,1
603,5
604,1
605,1
606,2
607,6
608,2
609,2
610,7
611,3
612,4
613,2
614,2
615,1
616,1
617,5
618,1
619,2
620,4
621,5
622,1
623,3
624,2
625,6
626,1
627,1
628,4
629,0
630,2
631,1
632,2
633,2
634,1
635,5
636,2
637,0
638,1
639,3
640,2
641,3
642,3
643,2
644,0
645,3
646,0
647,6
648,4
649,1
650,4
651,2
652,1
653,1
654,4
655,5
656,6
657,1
658,4
659,3
660,3
661,3
662,1
663,3
664,4
665,0
666,2
667,5
668,4
669,3
670,1
671,3
672,5
673,2
674,4
675,2
676,4
677,1
678,2
679,1
680,5
681,2
682,1
683,2
684,2
685,3
686,4
687,2
688,4
689,2
690,3
691,3
692,4
693,4
694,3
695,2
696,2
697,4
698,3
699,1
700,5
701,2
702,3
703,2
704,5
705,4
706,2
707,5
708,2
709,3
710,5
711,1
712,5
713,5
714,4
715,2
716,0
717,1
718,5
719,1
720,2
721,1
722,4
723,4
724,2
725,4
726,3
727,1
728,3
729,2
730,3
731,2
732,2
733,6
734,4
735,0
736,4
737,2
738,6
739,3
740,1
741,4
742,1
743,2
744,7
745,2
746,5
747,6
748,2
749,2
750,6
751,1
752,3
753,3
754,4
755,0
756,0
757,3
758,5
759,4
760,5
761,4
762,1
763,2
764,7
765,1
766,3
767,4
768,0
769,2
770,1
771,0
772,1
773,2
774,5
775,2
776,0
777,1
778,5
779,5
780,2
781,2
782,2
783,2
784,1
785,3
786,2
787,5
788,4
789,4
790,4
791,2
792,4
793,4
794,1
795,2
796,1
797,0
798,0
799,1
800,0
801,0
802,4
803,4
804,2
805,2
806,5
807,5
808,2
809,6
810,2
811,1
812,0
813,6
814,0
815,2
816,4
817,2
818,5
819,7
820,0
821,1
822,2
823,6
824,1
825,4
826,1
827,2
828,3
829,2
830,4
831,0
832,1
833,0
834,6
835,4
836,0
837,2
838,1
839,2
840,2
841,3
842,5
843,4
844,4
845,0
846,3
847,2
848,0
849,6
850,6
851,2
852,2
853,2
854,1
855,5
856,4
857,1
858,5
859,2
860,0
861,1
862,0
863,4
864,4
865,1
866,3
867,6
868,1
869,4
870,5
871,2
872,1
873,4
874,3
875,4
876,2
877,1
878,4
879,0
880,4
881,0
882,4
883,2
884,4
885,3
886,1
887,1
888,5
889,2
890,4
891,3
892,1
893,5
894,0
895,5
896,3
897,1
898,1
899,3
900,2
901,4
902,2
903,5
904,6
905,3
906,2
907,6
908,1
909,1
910,1
911,1
912,2
913,6
914,4
915,2
916,4
917,1
918,2
919,4
920,4
921,3
922,3
923,0
924,1
925,1
926,2
927,3
928,6
929,2
930,3
931,1
932,4
933,2
934,1
935,2
936,0
937,3
938,2
939,3
940,1
941,2
942,2
943,0
944,2
945,2
946,6
947,4
948,4
949,3
950,2
951,3
952,1
953,3
954,6
955,3
956,2
957,3
958,3
959,3
960,2
961,4
962,4
963,2
964,1
965,4
966,0
967,1
968,0
969,2
970,0
971,4
972,5
973,2
974,1
975,0
976,2
977,3
978,5
979,3
980,1
981,0
982,1
983,2
984,4
985,5
986,0
987,2
988,1
989,7
990,1
991,5
992,2
993,6
994,5
995,1
996,0
997,3
998,1
999,3
1000,4
1001,3
1002,6
1003,4
1004,2
1005,4
1006,3
1007,1
1008,0
1009,3
1010,4
1011,1
1012,3
1013,3
1014,4
1015,5
1016,2
1017,0
1018,2
1019,2
1020,2
1021,8
1022,0
1023,1
1024,4
1025,3
1026,0
1027,2
1028,1
1029,1
1030,2
1031,4
1032,4
1033,1
1034,4
1035,2
1036,5
1037,4
1038,4
1039,2
1040,5
1041,2
1042,3
1043,2
1044,0
1045,0
1046,2
1047,2
1048,2
1049,3
1050,2
1051,2
1052,5
1053,2
1054,3
1055,4
1056,3
1057,0
1058,2
1059,4
1060,0
1061,0
1062,2
1063,1
1064,2
1065,0
1066,1
1067,2
1068,3
1069,3
1070,2
1071,0
1072,1
1073,4
1074,4
1075,2
1076,1
1077,6
1078,3
1079,3
1080,2
1081,1
1082,6
1083,3
1084,5
1085,1
1086,2
1087,2
1088,0
1089,5
1090,3
1091,3
1092,3
1093,2
1094,3
1095,3
1096,3
1097,1
1098,4
1099,6
1100,3
1101,4
1102,3
1103,0
1104,3
1105,3
1106,3
1107,2
1108,3
1109,2
1110,1
1111,4
1112,5
1113,1
1114,0
1115,2
1116,4
1117,1
1118,5
1119,3
1120,2
1121,6
1122,2
1123,1
1124,2
1125,2
1126,0
1127,3
1128,3
1129,0
1130,2
1131,4
1132,5
1133,4
1134,5
1135,2
1136,4
1137,5
1138,3
1139,6
1140,2
1141,2
1142,0
1143,2
1144,0
1145,4
1146,5
1147,1
1148,4
1149,4
1150,3
1151,4
1152,2
1153,5
1154,2
1155,4
1156,6
1157,4
1158,2
1159,6
1160,1
1161,2
1162,0
1163,2
1164,4
1165,3
1166,2
1167,3
1168,1
1169,4
1170,3
1171,3
1172,2
1173,2
1174,2
1175,2
1176,0
1177,5
1178,2
1179,4
1180,0
1181,5
1182,0
1183,6
1184,6
1185,2
1186,5
1187,4
1188,3
1189,0
1190,2
1191,1
1192,2
1193,4
1194,2
1195,6
1196,3
1197,0
1198,0
1199,1
1200,2
1201,3
1202,3
1203,2
1204,4
1205,4
1206,1
1207,4
1208,2
1209,2
1210,2
1211,6
1212,5
1213,4
1214,1
1215,3
1216,2
1217,0
1218,5
1219,4
1220,3
1221,6
1222,1
1223,1
1224,2
1225,2
1226,6
1227,0
1228,1
1229,1
1230,3
1231,0
1232,0
1233,6
1234,6
1235,0
1236,2
1237,4
1238,4
1239,2
1240,3
1241,4
1242,0
1243,2
1244,4
1245,4
1246,0
1247,5
1248,3
1249,3
1250,5
1251,6
1252,1
1253,4
1254,1
1255,1
1256,6
1257,2
1258,3
1259,0
1260,4
1261,2
1262,4
1263,7
1264,3
1265,2
1266,0
1267,4
1268,2
1269,1
1270,2
1271,4
1272,7
1273,3
1274,2
1275,4
1276,4
1277,1
1278,6
1279,3
1280,6
1281,3
1282,2
1283,3
1284,4
1285,2
1286,4
1287,3
1288,0
1289,1
1290,3
1291,4
1292,3
1293,1
1294,2
1295,3
1296,2
1297,3
1298,3
1299,3
1300,6
1301,5
1302,5
1303,2
1304,3
1305,3
1306,1
1307,5
1308,4
1309,3
1310,5
1311,0
1312,2
1313,0
1314,5
1315,1
1316,2
1317,0
1318,2
1319,1
1320,2
1321,2
1322,0
1323,4
1324,2
1325,1
1326,4
1327,2
1328,5
1329,5
1330,5
1331,2
1332,2
1333,0
1334,0
1335,2
1336,0
1337,3
1338,0
1339,4
1340,2
1341,3
1342,3
1343,3
1344,0
1345,4
1346,0
1347,3
1348,6
1349,4
1350,4
1351,5
1352,5
1353,0
1354,2
1355,2
1356,1
1357,4
1358,3
1359,2
1360,1
1361,1
1362,6
1363,2
1364,2
1365,3
1366,3
1367,0
1368,1
1369,4
1370,0
1371,1
1372,4
1373,3
1374,0
1375,4
1376,4
1377,2
1378,2
1379,3
1380,5
1381,0
1382,2
1383,3
1384,4
1385,2
1386,2
1387,2
1388,4
1389,1
1390,0
1391,2
1392,3
1393,0
1394,3
1395,2
1396,0
1397,0
1398,3
1399,1
1400,2
1401,4
1402,3
1403,5
1404,3
1405,1
1406,0
1407,3
1408,2
1409,2
1410,5
1411,2
1412,6
1413,2
1414,0
1415,0
1416,5
1417,3
1418,4
1419,3
1420,3
1421,1
1422,2
1423,4
1424,2
1425,1
1426,1
1427,1
1428,1
1429,3
1430,1
1431,2
1432,4
1433,3
1434,6
1435,1
1436,2
1437,2
1438,2
1439,2
1440,6
1441,6
1442,2
1443,2
1444,5
1445,3
1446,5
1447,2
1448,1
1449,2
1450,2
1451,2
1452,2
1453,2
1454,3
1455,2
1456,1
1457,2
1458,4
1459,2
1460,0
1461,0
1462,6
1463,4
1464,4
1465,5
1466,1
1467,3
1468,2
1469,6
1470,4
1471,5
1472,1
1473,0
1474,3
1475,1
1476,5
1477,1
1478,4
1479,2
1480,4
1481,2
1482,2
1483,1
1484,2
1485,4
1486,2
1487,2
1488,3
1489,3
1490,1
1491,1
1492,4
1493,1
1494,5
1495,2
1496,1
1497,1
1498,3
1499,2
1500,2
1501,3
1502,4
1503,0
1504,0
1505,2
1506,2
1507,3
1508,5
1509,4
1510,5
1511,2
1512,6
1513,2
1514,0
1515,5
1516,4
1517,1
1518,3
1519,1
1520,1
1521,0
1522,1
1523,5
1524,3
1525,6
1526,2
1527,4
1528,4
1529,2
1530,1
1531,4
1532,4
1533,2
1534,1
1535,3
1536,3
1537,3
1538,3
1539,1
1540,3
1541,0
1542,1
1543,5
1544,2
1545,4
1546,2
1547,1
1548,5
1549,1
1550,5
1551,1
1552,2
1553,1
1554,3
1555,2
1556,0
1557,4
1558,2
1559,7
1560,2
1561,3
1562,6
1563,1
1564,5
1565,3
1566,3
1567,0
1568,6
1569,1
1570,2
1571,2
1572,1
1573,0
1574,0
1575,4
1576,6
1577,2
1578,4
1579,4
1580,3
1581,7
1582,2
1583,2
1584,1
1585,3
1586,2
1587,0
1588,5
1589,2
1590,4
1591,2
1592,2
1593,1
1594,0
1595,2
1596,1
1597,3
1598,5
1599,4
1600,3
1601,3
1602,0
1603,1
1604,1
1605,3
1606,1
1607,2
1608,2
1609,2
1610,1
1611,2
1612,2
1613,0
1614,1
1615,2
1616,5
1617,3
1618,2
1619,2
1620,5
1621,3
1622,3
1623,4
1624,3
1625,7
1626,3
1627,1
1628,3
1629,1
1630,5
1631,4
1632,2
1633,2
1634,6
1635,7
1636,2
1637,0
1638,5
1639,1
1640,1
1641,2
1642,1
1643,3
1644,2
1645,2
1646,3
1647,2
1648,7
1649,5
1650,0
1651,0
1652,5
1653,3
1654,4
1655,4
1656,6
1657,2
1658,2
1659,4
1660,5
1661,3
1662,1
1663,1
1664,3
1665,4
1666,6
1667,2
1668,2
1669,1
1670,2
1671,1
1672,1
1673,7
1674,4
1675,3
1676,2
1677,6
1678,8
1679,0
1680,0
1681,0
1682,0
1683,2
1684,4
1685,2
1686,2
1687,0
1688,1
1689,2
1690,4
1691,1
1692,2
1693,5
1694,1
1695,4
1696,5
1697,6
1698,4
1699,2
1700,1
1701,1
1702,5
1703,1
1704,0
1705,3
1706,3
1707,1
1708,2
1709,0
1710,0
1711,1
1712,0
1713,4
1714,1
1715,2
1716,0
1717,4
1718,1
1719,2
1720,0
1721,4
1722,4
1723,2
1724,0
1725,0
1726,3
1727,1
1728,1
1729,2
1730,3
1731,3
1732,2
1733,1
1734,1
1735,2
1736,5
1737,3
1738,2
1739,0
1740,3
1741,4
1742,1
1743,4
1744,5
1745,3
1746,3
1747,2
1748,7
1749,5
1750,3
1751,4
1752,5
1753,0
1754,4
1755,2
1756,3
1757,3
1758,2
1759,1
1760,2
1761,5
1762,1
1763,2
1764,0
1765,2
1766,0
1767,2
1768,0
1769,3
1770,3
1771,4
1772,4
1773,3
1774,1
1775,1
1776,5
1777,0
1778,4
1779,3
1780,2
1781,5
1782,2
1783,0
1784,3
1785,4
1786,4
1787,0
1788,1
1789,5
1790,3
1791,4
1792,2
1793,3
1794,1
1795,3
1796,2
1797,1
1798,2
1799,1
1800,5
1801,0
1802,4
1803,1
1804,4
1805,3
1806,2
1807,4
1808,1
1809,2
1810,0
1811,3
1812,3
1813,7
1814,1
1815,1
1816,5
1817,0
1818,7
1819,2
1820,2
1821,5
1822,2
1823,5
1824,6
1825,3
1826,1
1827,3
1828,6
1829,2
1830,3
1831,7
1832,6
1833,2
1834,4
1835,4
1836,0
1837,1
1838,3
1839,3
1840,5
1841,6
1842,4
1843,3
1844,2
1845,3
1846,1
1847,2
1848,5
1849,2
1850,4
1851,3
1852,6
1853,0
1854,0
1855,5
1856,4
1857,5
1858,1
1859,2
1860,2
1861,2
1862,1
1863,2
1864,3
1865,0
1866,2
1867,1
1868,6
1869,2
1870,1
1871,2
1872,3
1873,0
1874,1
1875,5
1876,3
1877,4
1878,4
1879,2
1880,0
1881,2
1882,3
1883,2
1884,2
1885,3
1886,2
1887,0
1888,5
1889,0
1890,1
1891,5
1892,3
1893,3
1894,4
1895,3
1896,2
1897,2
1898,3
1899,4
1900,2
1901,0
1902,2
1903,3
1904,5
1905,7
1906,1
1907,3
1908,3
1909,5
1910,5
1911,1
1912,5
1913,6
1914,4
1915,3
1916,0
1917,1
1918,4
1919,4
1920,1
1921,5
1922,2
1923,1
1924,3
1925,4
1926,3
1927,4
1928,3
1929,0
1930,4
1931,1
1932,4
1933,3
1934,6
1935,0
1936,3
1937,0
1938,2
1939,1
1940,2
1941,3
1942,4
1943,6
1944,3
1945,3
1946,2
1947,4
1948,2
1949,4
1950,4
1951,3
1952,2
1953,2
1954,5
1955,4
1956,3
1957,3
1958,2
1959,2
1960,2
1961,3
1962,4
1963,7
1964,6
1965,3
1966,4
1967,2
1968,0
1969,2
1970,3
1971,6
1972,2
1973,0
1974,3
1975,2
1976,3
1977,0
1978,2
1979,3
1980,3
1981,2
1982,2
1983,3
1984,2
1985,1
1986,1
1987,2
1988,7
1989,4
1990,6
1991,4
1992,0
1993,0
1994,4
1995,4
1996,4
1997,0
1998,8
1999,2
2000,3
2001,1
2002,2
2003,5
2004,2
2005,3
2006,0
2007,7
2008,6
2009,7
2010,2
2011,4
2012,4
2013,1
2014,5
2015,3
2016,2
2017,4
2018,6
2019,5
2020,2
2021,4
2022,1
2023,5
2024,5
2025,2
2026,0
2027,2
2028,2
2029,6
2030,1
2031,4
2032,3
2033,0
2034,4
2035,2
2036,0
2037,5
2038,3
2039,4
2040,3
2041,0
2042,2
2043,1
2044,5
2045,2
2046,3
2047,5
2048,3
2049,1
2050,4
2051,5
2052,4
2053,3
2054,1
2055,3
2056,0
2057,0
2058,2
2059,5
2060,3
2061,0
2062,3
2063,2
2064,4
2065,3
2066,4
2067,3
2068,0
2069,4
2070,2
2071,1
2072,3
2073,6
2074,2
2075,5
2076,1
2077,2
2078,0
2079,2
2080,4
2081,2
2082,3
2083,3
2084,0
2085,1
2086,0
2087,1
2088,3
2089,0
2090,2
2091,5
2092,2
2093,5
2094,3
2095,1
2096,2
2097,3
2098,3
2099,1
2100,2
2101,0
2102,3
2103,1
2104,3
2105,3
2106,8
2107,2
2108,4
2109,6
2110,1
2111,2
2112,4
2113,2
2114,4
2115,4
2116,5
2117,5
2118,1
2119,1
2120,3
2121,4
2122,3
2123,1
2124,3
2125,4
2126,5
2127,2
2128,1
2129,2
2130,5
2131,1
2132,3
2133,4
2134,5
2135,0
2136,3
2137,5
2138,4
2139,0
2140,5
2141,5
2142,2
2143,1
2144,5
2145,0
2146,3
2147,1
2148,0
2149,3
2150,3
2151,1
2152,0
2153,4
2154,2
2155,6
2156,3
2157,2
2158,4
2159,5
2160,3
2161,3
2162,5
2163,2
2164,2
2165,0
2166,1
2167,1
2168,1
2169,5
2170,6
2171,1
2172,3
2173,2
2174,7
2175,1
2176,5
2177,4
2178,6
2179,1
2180,2
2181,0
2182,2
2183,1
2184,2
2185,1
2186,6
2187,1
2188,5
2189,3
2190,2
2191,2
2192,4
2193,2
2194,2
2195,3
2196,1
2197,2
2198,0
2199,5
2200,1
2201,2
2202,2
2203,2
2204,1
2205,4
2206,2
2207,2
2208,2
2209,1
2210,1
2211,2
2212,3
2213,2
2214,5
2215,3
2216,0
2217,2
2218,1
2219,1
2220,2
2221,3
2222,1
2223,2
2224,6
2225,5
2226,1
2227,1
2228,4
2229,2
2230,0
2231,2
2232,5
2233,2
2234,0
2235,2
2236,2
2237,5
2238,0
2239,1
2240,2
2241,0
2242,5
2243,5
2244,4
2245,5
2246,5
2247,5
2248,2
2249,3
2250,4
2251,4
2252,2
2253,5
2254,4
2255,1
2256,5
2257,3
2258,2
2259,3
2260,2
2261,2
2262,3
2263,3
2264,6
2265,4
2266,1
2267,3
2268,5
2269,2
2270,4
2271,2
2272,2
2273,5
2274,6
2275,3
2276,6
2277,4
2278,4
2279,4
2280,2
2281,3
2282,3
2283,2
2284,5
2285,6
2286,0
2287,1
2288,3
2289,4
2290,0
2291,3
2292,6
2293,2
2294,0
2295,4
2296,3
2297,1
2298,3
2299,3
2300,2
2301,8
2302,2
2303,2
2304,2
2305,4
2306,0
2307,3
2308,3
2309,0
2310,1
2311,1
2312,4
2313,2
2314,6
2315,2
2316,1
2317,1
2318,5
2319,6
2320,3
2321,5
2322,8
2323,1
2324,3
2325,2
2326,3
2327,4
2328,5
2329,2
2330,4
2331,2
2332,3
2333,4
2334,2
2335,3
2336,6
2337,5
2338,3
2339,2
2340,1
2341,5
2342,2
2343,3
2344,2
2345,6
2346,0
2347,3
2348,2
2349,2
2350,1
2351,3
2352,2
2353,4
2354,1
2355,4
2356,6
2357,0
2358,2
2359,1
2360,2
2361,1
2362,3
2363,4
2364,8
2365,4
2366,0
2367,4
2368,7
2369,1
2370,4
2371,8
2372,2
2373,0
2374,5
2375,1
2376,6
2377,5
2378,3
2379,1
2380,3
2381,6
2382,4
2383,1
2384,6
2385,3
2386,3
2387,1
2388,2
2389,5
2390,2
2391,2
2392,2
2393,2
2394,5
2395,1
2396,2
2397,2
2398,0
2399,1
2400,3
2401,5
2402,6
2403,6
2404,2
2405,3
2406,1
2407,7
2408,2
2409,2
2410,2
2411,3
2412,3
2413,1
2414,0
2415,5
2416,0
2417,0
2418,1
2419,1
2420,4
2421,2
2422,5
2423,3
2424,2
2425,3
2426,1
2427,3
2428,4
2429,2
2430,2
2431,1
2432,1
2433,3
2434,0
2435,1
2436,1
2437,5
2438,2
2439,3
2440,3
2441,3
2442,1
2443,1
2444,7
2445,1
2446,1
2447,2
2448,1
2449,2
2450,2
2451,5
2452,4
2453,4
2454,2
2455,2
2456,1
2457,2
2458,2
2459,5
2460,3
2461,5
2462,3
2463,3
2464,6
2465,4
2466,3
2467,5
2468,0
2469,5
2470,4
2471,3
2472,1
2473,1
2474,1
2475,3
2476,0
2477,4
2478,5
2479,5
2480,0
2481,5
2482,1
2483,1
2484,5
2485,3
2486,0
2487,2
2488,4
2489,2
2490,3
2491,3
2492,0
2493,1
2494,1
2495,3
2496,4
2497,5
2498,5
2499,4
2500,0
2501,2
2502,2
2503,2
2504,4
2505,3
2506,2
2507,0
2508,5
2509,5
2510,0
2511,1
2512,0
2513,3
2514,1
2515,4
2516,2
2517,4
2518,5
2519,1
2520,7
2521,0
2522,2
2523,3
2524,1
2525,2
2526,4
2527,2
2528,2
2529,2
2530,6
2531,3
2532,0
2533,1
2534,2
2535,4
2536,1
2537,3
2538,4
2539,3
2540,2
2541,2
2542,1
2543,6
2544,3
2545,1
2546,3
2547,4
2548,2
2549,2
2550,1
2551,4
2552,4
2553,1
2554,4
2555,1
2556,0
2557,1
2558,4
2559,1
2560,4
2561,1
2562,4
2563,4
2564,2
2565,3
2566,2
2567,4
2568,1
2569,3
2570,4
2571,4
2572,3
2573,3
2574,2
2575,1
2576,0
2577,0
2578,3
2579,2
2580,1
2581,2
2582,1
2583,0
2584,3
2585,2
2586,6
2587,1
2588,3
2589,3
2590,1
2591,2
2592,5
2593,3
2594,1
2595,2
2596,4
2597,5
2598,3
2599,4
2600,0
2601,3
2602,4
2603,4
2604,5
2605,5
2606,3
2607,2
2608,3
2609,1
2610,2
2611,6
2612,0
2613,1
2614,5
2615,5
2616,3
2617,4
2618,2
2619,1
2620,0
2621,4
2622,2
2623,2
2624,3
2625,2
2626,4
2627,4
2628,4
2629,2
2630,4
2631,2
2632,7
2633,5
2634,2
2635,3
2636,2
2637,2
2638,2
2639,2
2640,2
2641,1
2642,2
2643,5
2644,1
2645,4
2646,7
2647,0
2648,3
2649,2
2650,4
2651,0
2652,2
2653,1
2654,3
2655,3
2656,3
2657,3
2658,4
2659,7
2660,2
2661,2
2662,0
2663,4
2664,4
2665,3
2666,3
2667,2
2668,2
2669,1
2670,3
2671,3
2672,2
2673,1
2674,4
2675,5
2676,3
2677,4
2678,3
2679,4
2680,3
2681,1
2682,7
2683,0
2684,0
2685,1
2686,3
2687,7
2688,1
2689,6
2690,5
2691,1
2692,4
2693,2
2694,4
2695,4
2696,2
2697,4
2698,4
2699,3
2700,0
2701,6
2702,6
2703,1
2704,3
2705,0
2706,2
2707,1
2708,3
2709,1
2710,0
2711,1
2712,4
2713,1
2714,3
2715,2
2716,6
2717,3
2718,2
2719,2
2720,2
2721,2
2722,3
2723,4
2724,5
2725,5
2726,3
2727,2
2728,2
2729,2
2730,2
2731,4
2732,2
2733,2
2734,2
2735,3
2736,2
2737,3
2738,3
2739,6
2740,2
2741,1
2742,2
2743,2
2744,7
2745,3
2746,2
2747,5
2748,4
2749,4
2750,7
2751,4
2752,2
2753,6
2754,3
2755,3
2756,1
2757,3
2758,2
2759,0
2760,5
2761,4
2762,4
2763,5
2764,2
2765,2
2766,1
2767,2
2768,1
2769,1
2770,4
2771,1
2772,3
2773,6
2774,1
2775,3
2776,3
2777,3
2778,3
2779,1
2780,1
2781,3
2782,3
2783,5
2784,3
2785,3
2786,3
2787,1
2788,6
2789,3
2790,1
2791,5
2792,3
2793,7
2794,2
2795,4
2796,1
2797,2
2798,2
2799,3
2800,1
2801,2
2802,4
2803,1
2804,1
2805,4
2806,5
2807,2
2808,5
2809,2
2810,2
2811,3
2812,5
2813,3
2814,4
2815,2
2816,2
2817,0
2818,0
2819,4
2820,2
2821,3
2822,4
2823,3
2824,1
2825,2
2826,1
2827,3
2828,3
2829,0
2830,1
2831,3
2832,2
2833,4
2834,4
2835,2
2836,6
2837,1
2838,0
2839,2
2840,2
2841,5
2842,1
2843,6
2844,2
2845,3
2846,1
2847,2
2848,2
2849,1
2850,1
2851,3
2852,1
2853,4
2854,5
2855,0
2856,2
2857,3
2858,0
2859,1
2860,3
2861,2
2862,3
2863,3
2864,3
2865,0
2866,1
2867,0
2868,2
2869,3
2870,3
2871,3
2872,5
2873,0
2874,4
2875,2
2876,4
2877,5
2878,3
2879,2
2880,0
2881,2
2882,0
2883,5
2884,3
2885,2
2886,1
2887,3
2888,1
2889,2
2890,0
2891,1
2892,1
2893,3
2894,0
2895,3
2896,1
2897,7
2898,6
2899,2
2900,5
2901,0
2902,1
2903,6
2904,4
2905,3
2906,3
2907,3
2908,1
2909,1
2910,3
2911,1
2912,5
2913,4
2914,2
2915,5
2916,2
2917,1
2918,5
2919,2
2920,5
2921,4
2922,3
2923,3
2924,1
2925,0
2926,4
2927,2
2928,0
2929,1
2930,1
2931,0
2932,2
2933,5
2934,4
2935,4
2936,3
2937,3
2938,5
2939,1
2940,0
2941,5
2942,5
2943,3
2944,0
2945,4
2946,3
2947,2
2948,3
2949,4
2950,4
2951,5
2952,3
2953,0
2954,4
2955,4
2956,5
2957,4
2958,2
2959,2
2960,1
2961,1
2962,2
2963,4
2964,0
2965,1
2966,3
2967,1
2968,4
2969,3
2970,1
2971,5
2972,2
2973,0
2974,3
2975,0
2976,1
2977,6
2978,1
2979,4
2980,3
2981,5
2982,0
2983,0
2984,5
2985,0
2986,6
2987,4
2988,3
2989,5
2990,5
2991,2
2992,1
2993,4
2994,0
2995,5
2996,3
2997,1
2998,2
2999,1
3000,4
3001,4
3002,0
3003,3
3004,3
3005,3
3006,0
3007,4
3008,4
3009,1
3010,2
3011,1
3012,3
3013,5
3014,2
3015,1
3016,6
3017,2
3018,0
3019,2
3020,2
3021,4
3022,4
3023,5
3024,5
3025,4
3026,3
3027,4
3028,6
3029,3
3030,2
3031,3
3032,5
3033,3
3034,2
3035,3
3036,2
3037,2
3038,3
3039,5
3040,4
3041,1
3042,3
3043,1
3044,2
3045,0
3046,3
3047,3
3048,6
3049,2
3050,5
3051,1
3052,0
3053,2
3054,2
3055,3
3056,3
3057,2
3058,5
3059,0
3060,3
3061,1
3062,8
3063,2
3064,3
3065,5
3066,2
3067,2
3068,4
3069,2
3070,3
3071,0
3072,3
3073,1
3074,2
3075,5
3076,0
3077,2
3078,1
3079,2
3080,3
3081,0
3082,0
3083,3
3084,1
3085,1
3086,7
3087,4
3088,4
3089,0
3090,5
3091,1
3092,3
3093,5
3094,1
3095,2
3096,2
3097,1
3098,4
3099,4
3100,3
3101,2
3102,4
3103,4
3104,0
3105,4
3106,5
3107,3
3108,2
3109,1
3110,5
3111,1
3112,2
3113,1
3114,1
3115,3
3116,1
3117,6
3118,3
3119,3
3120,1
3121,2
3122,2
3123,0
3124,2
3125,1
3126,4
3127,4
3128,1
3129,4
3130,1
3131,3
3132,4
3133,3
3134,2
3135,0
3136,1
3137,2
3138,1
3139,2
3140,1
3141,2
3142,0
3143,5
3144,2
3145,2
3146,1
3147,4
3148,2
3149,4
3150,1
3151,4
3152,2
3153,2
3154,2
3155,4
3156,1
3157,1
3158,0
3159,3
3160,3
3161,3
3162,2
3163,0
3164,1
3165,5
3166,2
3167,3
3168,1
3169,1
3170,3
3171,0
3172,3
3173,1
3174,3
3175,4
3176,0
3177,2
3178,5
3179,7
3180,0
3181,3
3182,2
3183,6
3184,0
3185,6
3186,3
3187,5
3188,3
3189,2
3190,3
3191,7
3192,1
3193,2
3194,5
3195,1
3196,5
3197,4
3198,1
3199,1
3200,3
3201,2
3202,0
3203,3
3204,3
3205,1
3206,3
3207,1
3208,4
3209,5
3210,1
3211,3
3212,1
3213,4
3214,0
3215,0
3216,2
3217,4
3218,2
3219,3
3220,0
3221,1
3222,4
3223,2
3224,4
3225,1
3226,2
3227,1
3228,0
3229,2
3230,0
3231,4
3232,3
3233,4
3234,0
3235,0
3236,1
3237,0
3238,3
3239,5
3240,4
3241,5
3242,0
3243,3
3244,4
3245,5
3246,2
3247,6
3248,6
3249,3
3250,4
3251,1
3252,0
3253,4
3254,3
3255,6
3256,0
3257,3
3258,2
3259,2
3260,2
3261,0
3262,2
3263,7
3264,4
3265,2
3266,4
3267,4
3268,4
3269,3
3270,3
3271,0
3272,1
3273,3
3274,3
3275,0
3276,1
3277,1
3278,1
3279,4
3280,1
3281,0
3282,0
3283,3
3284,2
3285,1
3286,2
3287,4
3288,3
3289,1
3290,3
3291,3
3292,3
3293,2
3294,3
3295,4
3296,6
3297,0
3298,3
3299,5
3300,0
3301,3
3302,2
3303,4
3304,1
3305,2
3306,1
3307,5
3308,3
3309,3
3310,2
3311,1
3312,0
3313,5
3314,1
3315,3
3316,6
3317,4
3318,0
3319,4
3320,3
3321,5
3322,2
3323,2
3324,3
3325,6
3326,4
3327,4
3328,0
3329,2
3330,4
3331,2
3332,1
3333,5
3334,0
3335,2
3336,1
3337,3
3338,3
3339,3
3340,5
3341,0
3342,2
3343,0
3344,1
3345,2
3346,2
3347,5
3348,0
3349,3
3350,3
3351,1
3352,2
3353,4
3354,2
3355,4
3356,6
3357,4
3358,2
3359,6
3360,2
3361,4
3362,1
3363,4
3364,1
3365,2
3366,2
3367,3
3368,5
3369,1
3370,2
3371,2
3372,1
3373,4
3374,1
3375,3
3376,1
3377,6
3378,4
3379,3
3380,1
3381,0
3382,5
3383,3
3384,7
3385,5
3386,3
3387,4
3388,3
3389,6
3390,3
3391,4
3392,3
3393,1
3394,2
3395,2
3396,1
3397,4
3398,2
3399,5
3400,1
3401,4
3402,1
3403,3
3404,4
3405,2
3406,0
3407,1
3408,2
3409,3
3410,5
3411,2
3412,5
3413,5
3414,0
3415,4
3416,6
3417,5
3418,3
3419,4
3420,0
3421,3
3422,3
3423,5
3424,5
3425,4
3426,4
3427,2
3428,4
3429,2
3430,3
3431,1
3432,5
3433,3
3434,0
3435,3
3436,2
3437,2
3438,0
3439,3
3440,4
3441,1
3442,5
3443,3
3444,4
3445,2
3446,3
3447,1
3448,5
3449,0
3450,2
3451,3
3452,4
3453,1
3454,4
3455,5
3456,2
3457,3
3458,3
3459,2
3460,0
3461,1
3462,2
3463,5
3464,1
3465,4
3466,3
3467,4
3468,4
3469,2
3470,2
3471,1
3472,2
3473,8
3474,0
3475,0
3476,3
3477,2
3478,5
3479,2
3480,3
3481,2
3482,2
3483,2
3484,2
3485,1
3486,4
3487,3
3488,5
3489,3
3490,1
3491,3
3492,1
3493,2
3494,0
3495,3
3496,3
3497,4
3498,6
3499,5
3500,2
3501,5
3502,1
3503,3
3504,3
3505,3
3506,2
3507,3
3508,3
3509,1
3510,4
3511,2
3512,1
3513,5
3514,2
3515,2
3516,3
3517,2
3518,5
3519,2
3520,7
3521,2
3522,5
3523,3
3524,5
3525,4
3526,4
3527,1
3528,2
3529,2
3530,1
3531,7
3532,0
3533,6
3534,2
3535,4
3536,2
3537,5
3538,1
3539,1
3540,1
3541,2
3542,2
3543,3
3544,4
3545,5
3546,0
3547,2
3548,1
3549,3
3550,5
3551,2
3552,5
3553,1
3554,2
3555,6
3556,2
3557,3
3558,2
3559,0
3560,3
3561,0
3562,3
3563,3
3564,3
3565,2
3566,0
3567,0
3568,3
3569,1
3570,1
3571,6
3572,5
3573,1
3574,3
3575,1
3576,2
3577,0
3578,0
3579,5
3580,2
3581,3
3582,4
3583,4
3584,6
3585,3
3586,7
3587,0
3588,2
3589,3
3590,1
3591,0
3592,3
3593,2
3594,2
3595,1
3596,6
3597,6
3598,0
3599,3
3600,4
3601,3
3602,6
3603,0
3604,6
3605,4
3606,3
3607,4
3608,2
3609,3
3610,5
3611,3
3612,4
3613,3
3614,1
3615,0
3616,6
3617,8
3618,4
3619,4
3620,5
3621,1
3622,1
3623,2
3624,2
3625,3
3626,3
3627,5
3628,4
3629,3
3630,4
3631,4
3632,5
3633,1
3634,6
3635,2
3636,5
3637,3
3638,2
3639,0
3640,1
3641,3
3642,5
3643,5
3644,2
3645,2
3646,2
3647,0
3648,1
3649,2
3650,3
3651,4
3652,3
3653,3
3654,2
3655,2
3656,6
3657,1
3658,1
3659,6
3660,2
3661,2
3662,4
3663,2
3664,2
3665,5
3666,1
3667,2
3668,1
3669,1
3670,0
3671,3
3672,4
3673,1
3674,0
3675,4
3676,2
3677,5
3678,4
3679,1
3680,3
3681,2
3682,2
3683,1
3684,3
3685,7
3686,5
3687,3
3688,2
3689,2
3690,7
3691,4
3692,5
3693,1
3694,2
3695,5
3696,5
3697,3
3698,6
3699,1
3700,1
3701,3
3702,0
3703,1
3704,7
3705,2
3706,5
3707,5
3708,7
3709,4
3710,1
3711,2
3712,5
3713,2
3714,1
3715,0
3716,3
3717,6
3718,4
3719,4
3720,2
3721,2
3722,3
3723,0
3724,7
3725,5
3726,1
3727,0
3728,3
3729,3
3730,3
3731,1
3732,3
3733,1
3734,1
3735,2
3736,5
3737,0
3738,2
3739,3
3740,1
3741,3
3742,4
3743,1
3744,5
3745,1
3746,5
3747,5
3748,4
3749,3
3750,3
3751,6
3752,2
3753,2
3754,1
3755,2
3756,0
3757,2
3758,4
3759,2
3760,2
3761,1
3762,4
3763,5
3764,1
3765,7
3766,0
3767,0
3768,0
3769,1
3770,2
3771,1
3772,2
3773,1
3774,3
3775,1
3776,0
3777,1
3778,2
3779,0
3780,5
3781,4
3782,5
3783,2
3784,3
3785,4
3786,0
3787,4
3788,4
3789,0
3790,2
3791,1
3792,1
3793,2
3794,1
3795,1
3796,3
3797,2
3798,1
3799,1
3800,1
3801,0
3802,4
3803,2
3804,6
3805,5
3806,0
3807,1
3808,2
3809,2
3810,6
3811,3
3812,5
3813,6
3814,0
3815,2
3816,2
3817,1
3818,3
3819,3
3820,2
3821,3
3822,1
3823,0
3824,3
3825,3
3826,3
3827,5
3828,4
3829,1
3830,4
3831,1
3832,2
3833,4
3834,4
3835,2
3836,5
3837,2
3838,0
3839,3
3840,5
3841,0
3842,2
3843,1
3844,3
3845,3
3846,4
3847,1
3848,4
3849,4
3850,1
3851,1
3852,3
3853,2
3854,3
3855,0
3856,3
3857,1
3858,1
3859,9
3860,2
3861,2
3862,3
3863,1
3864,4
3865,6
3866,3
3867,3
3868,3
3869,1
3870,5
3871,8
3872,3
3873,2
3874,5
3875,5
3876,6
3877,0
3878,5
3879,1
3880,0
3881,7
3882,3
3883,1
3884,3
3885,0
3886,3
3887,3
3888,4
3889,3
3890,1
3891,6
3892,2
3893,0
3894,2
3895,2
3896,4
3897,0
3898,4
3899,5
3900,4
3901,2
3902,4
3903,5
3904,2
3905,2
3906,2
3907,2
3908,1
3909,4
3910,4
3911,0
3912,2
3913,4
3914,3
3915,2
3916,1
3917,0
3918,3
3919,1
3920,4
3921,3
3922,0
3923,2
3924,2
3925,3
3926,5
3927,1
3928,5
3929,3
3930,2
3931,3
3932,5
3933,2
3934,3
3935,3
3936,3
3937,2
3938,1
3939,3
3940,1
3941,3
3942,3
3943,4
3944,2
3945,2
3946,6
3947,3
3948,2
3949,4
3950,4
3951,1
3952,2
3953,6
3954,2
3955,0
3956,5
3957,1
3958,7
3959,0
3960,4
3961,4
3962,1
3963,0
3964,2
3965,4
3966,5
3967,1
3968,0
3969,2
3970,2
3971,5
3972,2
3973,3
3974,2
3975,4
3976,2
3977,1
3978,1
3979,4
3980,1
3981,2
3982,2
3983,2
3984,1
3985,1
3986,4
3987,4
3988,2
3989,3
3990,1
3991,2
3992,4
3993,3
3994,7
3995,6
3996,4
3997,5
3998,3
3999,5
4000,5
4001,5
4002,4
4003,1
4004,2
4005,3
4006,1
4007,3
4008,2
4009,4
4010,7
4011,1
4012,2
4013,1
4014,2
4015,1
4016,1
4017,5
4018,7
4019,3
4020,0
4021,0
4022,4
4023,0
4024,2
4025,3
4026,3
4027,5
4028,5
4029,1
4030,1
4031,2
4032,5
4033,1
4034,0
4035,2
4036,3
4037,1
4038,1
4039,1
4040,5
4041,5
4042,1
4043,1
4044,3
4045,4
4046,5
4047,5
4048,4
4049,6
4050,5
4051,3
4052,0
4053,0
4054,1
4055,4
4056,1
4057,3
4058,1
4059,3
4060,8
4061,2
4062,6
4063,0
4064,3
4065,4
4066,3
4067,1
4068,2
4069,3
4070,1
4071,1
4072,1
4073,3
4074,1
4075,5
4076,2
4077,1
4078,3
4079,1
4080,2
4081,3
4082,2
4083,2
4084,4
4085,2
4086,2
4087,6
4088,0
4089,2
4090,4
4091,2
4092,2
4093,2
4094,3
4095,0
4096,0
4097,1
4098,1
4099,2
4100,3
4101,1
4102,3
4103,5
4104,2
4105,0
4106,3
4107,2
4108,8
4109,2
4110,2
4111,2
4112,2
4113,5
4114,2
4115,2
4116,1
4117,1
4118,1
4119,3
4120,6
4121,0
4122,2
4123,3
4124,4
4125,2
4126,6
4127,1
4128,0
4129,1
4130,1
4131,2
4132,1
4133,4
4134,0
4135,5
4136,3
4137,3
4138,4
4139,3
4140,0
4141,7
4142,1
4143,2
4144,3
4145,5
4146,4
4147,3
4148,2
4149,2
4150,5
4151,4
4152,3
4153,3
4154,2
4155,1
4156,3
4157,4
4158,2
4159,3
4160,0
4161,0
4162,3
4163,3
4164,1
4165,1
4166,2
4167,0
4168,2
4169,2
4170,3
4171,4
4172,6
4173,3
4174,1
4175,3
4176,1
4177,5
4178,3
4179,1
4180,2
4181,0
4182,3
4183,5
4184,2
4185,1
4186,2
4187,3
4188,2
4189,3
4190,1
4191,3
4192,3
4193,1
4194,2
4195,0
4196,2
4197,5
4198,3
4199,3
4200,3
4201,2
4202,3
4203,1
4204,1
4205,2
4206,1
4207,5
4208,5
4209,2
4210,0
4211,4
4212,2
4213,0
4214,2
4215,2
4216,3
4217,0
4218,2
4219,2
4220,2
4221,4
4222,3
4223,4
4224,1
4225,0
4226,5
4227,4
4228,3
4229,3
4230,6
4231,0
4232,3
4233,2
4234,4
4235,3
4236,3
4237,6
4238,5
4239,1
4240,3
4241,3
4242,3
4243,2
4244,3
4245,0
4246,2
4247,7
4248,4
4249,1
4250,0
4251,1
4252,0
4253,4
4254,3
4255,5
4256,1
4257,2
4258,0
4259,4
4260,0
4261,7
4262,7
4263,2
4264,4
4265,3
4266,5
4267,2
4268,4
4269,2
4270,0
4271,5
4272,3
4273,3
4274,5
4275,4
4276,4
4277,6
4278,2
4279,0
4280,3
4281,5
4282,3
4283,1
4284,6
4285,2
4286,0
4287,2
4288,0
4289,1
4290,1
4291,1
4292,5
4293,1
4294,5
4295,2
4296,4
4297,0
4298,4
4299,2
4300,2
4301,1
4302,5
4303,1
4304,2
4305,1
4306,3
4307,5
4308,2
4309,1
4310,0
4311,2
4312,4
4313,3
4314,5
4315,3
4316,2
4317,2
4318,2
4319,1
4320,1
4321,3
4322,4
4323,7
4324,3
4325,0
4326,7
4327,2
4328,0
4329,5
4330,4
4331,1
4332,5
4333,5
4334,0
4335,2
4336,3
4337,4
4338,3
4339,2
4340,5
4341,4
4342,2
4343,2
4344,5
4345,2
4346,4
4347,1
4348,3
4349,3
4350,2
4351,2
4352,0
4353,4
4354,5
4355,3
4356,2
4357,1
4358,7
4359,4
4360,2
4361,1
4362,4
4363,0
4364,3
4365,0
4366,4
4367,1
4368,1
4369,3
4370,2
4371,5
4372,2
4373,1
4374,4
4375,6
4376,1
4377,5
4378,3
4379,8
4380,1
4381,5
4382,2
4383,2
4384,5
4385,5
4386,4
4387,4
4388,4
4389,0
4390,3
4391,1
4392,1
4393,2
4394,6
4395,1
4396,2
4397,4
4398,5
4399,6
4400,1
4401,3
4402,5
4403,3
4404,0
4405,3
4406,4
4407,1
4408,4
4409,1
4410,3
4411,5
4412,0
4413,2
4414,2
4415,1
4416,6
4417,6
4418,4
4419,3
4420,1
4421,2
4422,5
4423,1
4424,3
4425,7
4426,0
4427,2
4428,5
4429,1
4430,3
4431,0
4432,4
4433,1
4434,3
4435,2
4436,1
4437,5
4438,3
4439,3
4440,1
4441,1
4442,4
4443,0
4444,3
4445,3
4446,3
4447,0
4448,2
4449,3
4450,4
4451,1
4452,1
4453,1
4454,1
4455,1
4456,4
4457,0
4458,1
4459,2
4460,2
4461,3
4462,5
4463,1
4464,2
4465,5
4466,5
4467,4
4468,3
4469,4
4470,2
4471,1
4472,1
4473,3
4474,6
4475,1
4476,3
4477,4
4478,2
4479,4
4480,3
4481,6
4482,3
4483,2
4484,3
4485,3
4486,0
4487,0
4488,1
4489,0
4490,1
4491,5
4492,2
4493,2
4494,2
4495,3
4496,1
4497,0
4498,3
4499,1
4500,3
4501,5
4502,2
4503,2
4504,2
4505,5
4506,0
4507,2
4508,2
4509,2
4510,6
4511,3
4512,0
4513,5
4514,0
4515,5
4516,2
4517,6
4518,0
4519,1
4520,2
4521,0
4522,1
4523,4
4524,0
4525,2
4526,4
4527,1
4528,2
4529,1
4530,1
4531,3
4532,2
4533,5
4534,2
4535,4
4536,6
4537,3
4538,0
4539,2
4540,1
4541,2
4542,2
4543,4
4544,3
4545,2
4546,5
4547,7
4548,3
4549,1
4550,6
4551,3
4552,2
4553,2
4554,1
4555,3
4556,3
4557,2
4558,3
4559,4
4560,4
4561,0
4562,3
4563,1
4564,1
4565,2
4566,1
4567,2
4568,4
4569,7
4570,2
4571,3
4572,3
4573,4
4574,0
4575,3
4576,4
4577,2
4578,4
4579,0
4580,1
4581,2
4582,2
4583,2
4584,3
4585,6
4586,2
4587,7
4588,2
4589,4
4590,0
4591,3
4592,0
4593,2
4594,5
4595,3
4596,0
4597,3
4598,4
4599,4
4600,0
4601,3
4602,4
4603,3
4604,4
4605,0
4606,2
4607,2
4608,4
4609,0
4610,2
4611,4
4612,0
4613,2
4614,5
4615,4
4616,0
4617,2
4618,2
4619,2
4620,1
4621,3
4622,1
4623,4
4624,2
4625,5
4626,3
4627,4
4628,0
4629,1
4630,1
4631,2
4632,2
4633,3
4634,3
4635,1
4636,1
4637,3
4638,2
4639,0
4640,2
4641,4
4642,0
4643,2
4644,4
4645,1
4646,2
4647,4
4648,6
4649,5
4650,2
4651,2
4652,3
4653,5
4654,2
4655,3
4656,2
4657,2
4658,6
4659,2
4660,3
4661,2
4662,2
4663,3
4664,2
4665,4
4666,3
4667,0
4668,3
4669,6
4670,1
4671,3
4672,2
4673,6
4674,2
4675,3
4676,1
4677,5
4678,4
4679,5
4680,0
4681,1
4682,2
4683,5
4684,2
4685,1
4686,2
4687,1
4688,4
4689,2
4690,1
4691,2
4692,3
4693,4
4694,6
4695,2
4696,0
4697,4
4698,1
4699,4
4700,2
4701,0
4702,1
4703,2
4704,4
4705,4
4706,3
4707,4
4708,3
4709,3
4710,2
4711,1
4712,0
4713,4
4714,2
4715,3
4716,3
4717,4
4718,5
4719,0
4720,2
4721,3
4722,2
4723,2
4724,5
4725,0
4726,6
4727,3
4728,6
4729,3
4730,1
4731,1
4732,2
4733,2
4734,3
4735,3
4736,5
4737,2
4738,1
4739,7
4740,2
4741,1
4742,5
4743,2
4744,1
4745,3
4746,2
4747,0
4748,3
4749,2
4750,2
4751,1
4752,1
4753,3
4754,4
4755,5
4756,1
4757,2
4758,4
4759,3
4760,4
4761,1
4762,5
4763,1
4764,1
4765,1
4766,0
4767,1
4768,1
4769,2
4770,3
4771,3
4772,4
4773,2
4774,3
4775,5
4776,1
4777,2
4778,7
4779,0
4780,2
4781,4
4782,3
4783,3
4784,4
4785,6
4786,3
4787,2
4788,1
4789,3
4790,4
4791,6
4792,2
4793,0
4794,3
4795,3
4796,3
4797,6
4798,6
4799,0
4800,2
4801,1
4802,0
4803,2
4804,4
4805,3
4806,2
4807,5
4808,1
4809,1
4810,4
4811,3
4812,1
4813,2
4814,4
4815,1
4816,3
4817,5
4818,3
4819,1
4820,6
4821,0
4822,0
4823,1
4824,2
4825,6
4826,4
4827,2
4828,2
4829,1
4830,2
4831,2
4832,4
4833,5
4834,6
4835,2
4836,1
4837,2
4838,0
4839,1
4840,5
4841,1
4842,2
4843,6
4844,1
4845,1
4846,3
4847,1
4848,3
4849,2
4850,2
4851,2
4852,1
4853,2
4854,1
4855,0
4856,3
4857,3
4858,2
4859,0
4860,3
4861,7
4862,1
4863,3
4864,2
4865,2
4866,5
4867,0
4868,3
4869,1
4870,0
4871,6
4872,2
4873,1
4874,2
4875,2
4876,5
4877,4
4878,1
4879,3
4880,2
4881,1
4882,0
4883,3
4884,2
4885,2
4886,2
4887,2
4888,1
4889,4
4890,0
4891,2
4892,3
4893,0
4894,2
4895,5
4896,2
4897,2
4898,3
4899,3
4900,2
4901,3
4902,4
4903,5
4904,2
4905,4
4906,7
4907,3
4908,3
4909,1
4910,1
4911,5
4912,0
4913,4
4914,0
4915,4
4916,3
4917,4
4918,2
4919,3
4920,2
4921,3
4922,3
4923,1
4924,3
4925,5
4926,1
4927,1
4928,3
4929,7
4930,7
4931,5
4932,2
4933,3
4934,5
4935,0
4936,1
4937,4
4938,0
4939,5
4940,1
4941,3
4942,3
4943,6
4944,3
4945,3
4946,0
4947,2
4948,1
4949,4
4950,3
4951,6
4952,0
4953,5
4954,3
4955,1
4956,3
4957,4
4958,2
4959,1
4960,6
4961,5
4962,0
4963,2
4964,0
4965,1
4966,0
4967,1
4968,2
4969,2
4970,3
4971,1
4972,3
4973,4
4974,2
4975,2
4976,0
4977,0
4978,5
4979,1
4980,0
4981,2
4982,2
4983,1
4984,7
4985,4
4986,2
4987,2
4988,3
4989,4
4990,2
4991,0
4992,1
4993,6
4994,4
4995,5
4996,2
4997,5
4998,2
4999,5
5000,5
5001,1
5002,3
5003,2
5004,2
5005,2
5006,5
5007,0
5008,6
5009,3
5010,3
5011,0
5012,2
5013,1
5014,2
5015,7
5016,2
5017,3
5018,3
5019,2
5020,4
5021,5
5022,1
5023,6
5024,4
5025,2
5026,1
5027,5
5028,4
5029,3
5030,1
5031,2
5032,5
5033,3
5034,3
5035,6
5036,2
5037,3
5038,2
5039,7
5040,3
5041,1
5042,0
5043,4
5044,2
5045,1
5046,2
5047,4
5048,1
5049,0
5050,7
5051,3
5052,2
5053,4
5054,2
5055,2
5056,5
5057,2
5058,0
5059,3
5060,5
5061,6
5062,0
5063,3
5064,4
5065,4
5066,3
5067,4
5068,2
5069,2
5070,6
5071,3
5072,3
5073,2
5074,1
5075,0
5076,6
5077,6
5078,1
5079,4
5080,2
5081,2
5082,3
5083,2
5084,2
5085,5
5086,1
5087,2
5088,1
5089,0
5090,3
5091,3
5092,4
5093,4
5094,6
5095,3
5096,4
5097,5
5098,1
5099,1
5100,4
5101,1
5102,0
5103,0
5104,5
5105,1
5106,6
5107,1
5108,2
5109,0
5110,2
5111,3
5112,1
5113,3
5114,2
5115,4
5116,5
5117,1
5118,3
5119,1
5120,2
5121,2
5122,3
5123,0
5124,4
5125,1
5126,7
5127,4
5128,2
5129,3
5130,2
5131,4
5132,3
5133,6
5134,1
5135,5
5136,1
5137,2
5138,2
5139,0
5140,1
5141,2
5142,4
5143,1
5144,4
5145,4
5146,1
5147,2
5148,4
5149,3
5150,3
5151,1
5152,3
5153,2
5154,1
5155,7
5156,3
5157,4
5158,2
5159,3
5160,2
5161,1
5162,1
5163,5
5164,3
5165,5
5166,4
5167,3
5168,0
5169,5
5170,2
5171,4
5172,5
5173,0
5174,6
5175,1
5176,2
5177,1
5178,2
5179,1
5180,0
5181,1
5182,1
5183,3
5184,5
5185,3
5186,6
5187,3
5188,5
5189,2
5190,3
5191,2
5192,4
5193,0
5194,2
5195,2
5196,3
5197,4
5198,5
5199,3
5200,4
5201,5
5202,1
5203,4
5204,2
5205,1
5206,3
5207,0
5208,2
5209,7
5210,1
5211,5
5212,1
5213,1
5214,3
5215,5
5216,1
5217,2
5218,0
5219,5
5220,3
5221,2
5222,3
5223,2
5224,1
5225,0
5226,1
5227,1
5228,2
5229,2
5230,2
5231,4
5232,5
5233,1
5234,5
5235,1
5236,2
5237,0
5238,6
5239,1
5240,2
5241,3
5242,3
5243,1
5244,5
5245,1
5246,2
5247,4
5248,4
5249,4
5250,4
5251,0
5252,4
5253,3
5254,4
5255,6
5256,3
5257,3
5258,5
5259,1
5260,1
5261,5
5262,2
5263,2
5264,5
5265,5
5266,4
5267,0
5268,0
5269,1
5270,4
5271,3
5272,1
5273,1
5274,1
5275,4
5276,4
5277,2
5278,3
5279,3
5280,6
5281,7
5282,0
5283,2
5284,4
5285,2
5286,5
5287,3
5288,1
5289,3
5290,1
5291,2
5292,6
5293,0
5294,0
5295,0
5296,2
5297,0
5298,2
5299,2
5300,1
5301,3
5302,1
5303,3
5304,4
5305,0
5306,4
5307,4
5308,0
5309,3
5310,1
5311,6
5312,4
5313,4
5314,6
5315,1
5316,1
5317,5
5318,2
5319,3
5320,4
5321,1
5322,2
5323,3
5324,2
5325,4
5326,3
5327,6
5328,1
5329,1
5330,3
5331,5
5332,1
5333,1
5334,2
5335,3
5336,3
5337,1
5338,0
5339,2
5340,0
5341,5
5342,7
5343,4
5344,3
5345,3
5346,3
5347,2
5348,0
5349,2
5350,3
5351,2
5352,1
5353,2
5354,1
5355,2
5356,6
5357,1
5358,3
5359,2
5360,3
5361,4
5362,3
5363,2
5364,1
5365,4
5366,5
5367,3
5368,0
5369,1
5370,2
5371,4
5372,2
5373,5
5374,5
5375,2
5376,0
5377,6
5378,3
5379,2
5380,4
5381,2
5382,2
5383,3
5384,3
5385,3
5386,1
5387,1
5388,4
5389,5
5390,0
5391,5
5392,0
5393,3
5394,3
5395,3
5396,6
5397,0
5398,0
5399,2
5400,5
5401,3
5402,1
5403,2
5404,3
5405,4
5406,4
5407,4
5408,0
5409,2
5410,5
5411,2
5412,4
5413,5
5414,1
5415,3
5416,4
5417,1
5418,4
5419,0
5420,2
5421,2
5422,3
5423,1
5424,3
5425,2
5426,2
5427,1
5428,4
5429,3
5430,5
5431,3
5432,1
5433,3
5434,0
5435,1
5436,4
5437,1
5438,2
5439,1
5440,0
5441,3
5442,1
5443,4
5444,4
5445,1
5446,3
5447,2
5448,1
5449,2
5450,3
5451,2
5452,2
5453,5
5454,1
5455,3
5456,4
5457,1
5458,6
5459,1
5460,4
5461,5
5462,5
5463,7
5464,5
5465,0
5466,1
5467,6
5468,5
5469,0
5470,1
5471,2
5472,5
5473,1
5474,2
5475,1
5476,0
5477,6
5478,4
5479,0
5480,2
5481,3
5482,1
5483,2
5484,6
5485,0
5486,2
5487,3
5488,3
5489,2
5490,3
5491,1
5492,1
5493,6
5494,2
5495,1
5496,2
5497,7
5498,4
5499,3
5500,3
5501,3
5502,4
5503,5
5504,4
5505,1
5506,5
5507,1
5508,2
5509,0
5510,5
5511,1
5512,1
5513,5
5514,2
5515,4
5516,1
5517,3
5518,4
5519,2
5520,3
5521,3
5522,2
5523,1
5524,5
5525,6
5526,0
5527,0
5528,4
5529,1
5530,4
5531,1
5532,5
5533,0
5534,3
5535,6
5536,6
5537,4
5538,2
5539,5
5540,6
5541,2
5542,3
5543,4
5544,1
5545,4
5546,2
5547,4
5548,4
5549,3
5550,3
5551,3
5552,3
5553,5
5554,5
5555,4
5556,5
5557,3
5558,2
5559,5
5560,6
5561,0
5562,3
5563,2
5564,1
5565,3
5566,1
5567,2
5568,1
5569,0
5570,2
5571,2
5572,6
5573,4
5574,2
5575,1
5576,1
5577,2
5578,2
5579,3
5580,3
5581,3
5582,5
5583,2
5584,2
5585,3
5586,3
5587,5
5588,1
5589,3
5590,0
5591,1
5592,2
5593,1
5594,3
5595,1
5596,3
5597,1
5598,3
5599,5
5600,2
5601,4
5602,2
5603,0
5604,2
5605,4
5606,2
5607,3
5608,6
5609,7
5610,5
5611,5
5612,3
5613,1
5614,2
5615,2
5616,3
5617,4
5618,5
5619,4
5620,3
5621,1
5622,2
5623,4
5624,1
5625,2
5626,1
5627,2
5628,3
5629,4
5630,4
5631,2
5632,2
5633,1
5634,3
5635,4
5636,6
5637,4
5638,4
5639,2
5640,2
5641,1
5642,4
5643,0
5644,5
5645,1
5646,4
5647,4
5648,0
5649,1
5650,0
5651,4
5652,6
5653,2
5654,1
5655,7
5656,3
5657,3
5658,1
5659,1
5660,2
5661,3
5662,2
5663,3
5664,3
5665,4
5666,2
5667,4
5668,5
5669,2
5670,1
5671,1
5672,0
5673,3
5674,3
5675,5
5676,4
5677,3
5678,3
5679,1
5680,2
5681,1
5682,2
5683,1
5684,1
5685,2
5686,0
5687,4
5688,0
5689,0
5690,6
5691,2
5692,1
5693,3
5694,4
5695,2
5696,0
5697,2
5698,0
5699,5
5700,3
5701,0
5702,2
5703,2
5704,0
5705,2
5706,5
5707,2
5708,1
5709,5
5710,4
5711,1
5712,5
5713,4
5714,3
5715,2
5716,3
5717,1
5718,2
5719,3
5720,2
5721,1
5722,1
5723,1
5724,4
5725,0
5726,0
5727,4
5728,2
5729,4
5730,3
5731,3
5732,3
5733,2
5734,0
5735,6
5736,3
5737,3
5738,2
5739,3
5740,0
5741,3
5742,1
5743,2
5744,6
5745,1
5746,6
5747,6
5748,3
5749,1
5750,4
5751,1
5752,2
5753,1
5754,5
5755,1
5756,4
5757,2
5758,3
5759,1
5760,4
5761,5
5762,2
5763,3
5764,1
5765,5
5766,6
5767,3
5768,6
5769,4
5770,3
5771,2
5772,4
5773,2
5774,2
5775,3
5776,3
5777,0
5778,1
5779,5
5780,4
5781,2
5782,4
5783,6
5784,2
5785,2
5786,2
5787,4
5788,2
5789,0
5790,2
5791,4
5792,3
5793,2
5794,5
5795,3
5796,2
5797,2
5798,6
5799,4
5800,3
5801,3
5802,3
5803,1
5804,4
5805,3
5806,2
5807,3
5808,2
5809,3
5810,4
5811,3
5812,3
5813,1
5814,2
5815,0
5816,5
5817,4
5818,4
5819,4
5820,3
5821,4
5822,1
5823,5
5824,0
5825,2
5826,6
5827,6
5828,1
5829,3
5830,2
5831,0
5832,2
5833,0
5834,2
5835,0
5836,1
5837,7
5838,0
5839,0
5840,1
5841,5
5842,3
5843,1
5844,3
5845,7
5846,3
5847,4
5848,0
5849,7
5850,6
5851,1
5852,3
5853,1
5854,6
5855,5
5856,3
5857,2
5858,0
5859,4
5860,6
5861,0
5862,0
5863,1
5864,4
5865,1
5866,4
5867,3
5868,2
5869,2
5870,4
5871,4
5872,3
5873,3
5874,3
5875,2
5876,2
5877,5
5878,3
5879,0
5880,1
5881,5
5882,2
5883,6
5884,2
5885,0
5886,2
5887,1
5888,4
5889,4
5890,1
5891,0
5892,2
5893,0
5894,5
5895,2
5896,5
5897,3
5898,7
5899,5
5900,0
5901,5
5902,3
5903,1
5904,3
5905,0
5906,4
5907,3
5908,7
5909,6
5910,4
5911,3
5912,8
5913,0
5914,4
5915,5
5916,4
5917,2
5918,5
5919,3
5920,3
5921,0
5922,0
5923,1
5924,5
5925,1
5926,4
5927,3
5928,0
5929,0
5930,5
5931,1
5932,2
5933,2
5934,3
5935,3
5936,4
5937,1
5938,3
5939,6
5940,2
5941,4
5942,5
5943,6
5944,0
5945,1
5946,3
5947,3
5948,1
5949,3
5950,5
5951,3
5952,3
5953,2
5954,2
5955,6
5956,2
5957,4
5958,0
5959,3
5960,2
5961,4
5962,2
5963,2
5964,6
5965,5
5966,5
5967,4
5968,4
5969,2
5970,1
5971,2
5972,3
5973,4
5974,5
5975,2
5976,3
5977,4
5978,3
5979,4
5980,1
5981,1
5982,3
5983,1
5984,0
5985,2
5986,3
5987,6
5988,0
5989,1
5990,4
5991,3
5992,2
5993,1
5994,1
5995,1
5996,4
5997,3
5998,4
5999,0
6000,3
6001,7
6002,2
6003,0
6004,4
6005,2
6006,5
6007,4
6008,1
6009,2
6010,6
6011,4
6012,3
6013,5
6014,5
6015,2
6016,0
6017,3
6018,3
6019,6
6020,1
6021,4
6022,3
6023,2
6024,4
6025,2
6026,2
6027,2
6028,1
6029,1
6030,3
6031,4
6032,3
6033,4
6034,3
6035,4
6036,5
6037,1
6038,1
6039,0
6040,6
6041,3
6042,3
6043,0
6044,7
6045,0
6046,3
6047,2
6048,1
6049,2
6050,3
6051,1
6052,0
6053,2
6054,4
6055,3
6056,1
6057,2
6058,0
6059,2
6060,4
6061,5
6062,2
6063,2
6064,3
6065,3
6066,3
6067,3
6068,3
6069,4
6070,0
6071,1
6072,5
6073,1
6074,2
6075,3
6076,3
6077,1
6078,5
6079,4
6080,5
6081,2
6082,3
6083,3
6084,2
6085,3
6086,4
6087,2
6088,5
6089,3
6090,5
6091,6
6092,5
6093,4
6094,4
6095,4
6096,3
6097,1
6098,2
6099,0
6100,2
6101,4
6102,5
6103,6
6104,6
6105,1
6106,7
6107,1
6108,2
6109,2
6110,2
6111,0
6112,4
6113,3
6114,6
6115,5
6116,2
6117,4
6118,2
6119,5
6120,2
6121,3
6122,2
6123,2
6124,0
6125,4
6126,1
6127,2
6128,2
6129,0
6130,4
6131,4
6132,2
6133,0
6134,0
6135,5
6136,3
6137,5
6138,0
6139,0
6140,3
6141,5
6142,3
6143,5
6144,1
6145,2
6146,0
6147,7
6148,4
6149,6
6150,2
6151,0
6152,4
6153,2
6154,2
6155,3
6156,0
6157,5
6158,2
6159,0
6160,2
6161,1
6162,3
6163,1
6164,4
6165,2
6166,3
6167,6
6168,5
6169,5
6170,6
6171,1
6172,1
6173,1
6174,6
6175,2
6176,0
6177,4
6178,7
6179,2
6180,3
6181,2
6182,3
6183,2
6184,0
6185,1
6186,0
6187,6
6188,1
6189,3
6190,3
6191,2
6192,6
6193,2
6194,4
6195,3
6196,2
6197,5
6198,2
6199,3
6200,4
6201,2
6202,0
6203,6
6204,4
6205,1
6206,2
6207,2
6208,4
6209,2
6210,2
6211,3
6212,2
6213,2
6214,4
6215,2
6216,5
6217,0
6218,6
6219,1
6220,1
6221,3
6222,7
6223,6
6224,2
6225,3
6226,4
6227,4
6228,0
6229,5
6230,1
6231,3
6232,1
6233,2
6234,3
6235,4
6236,6
6237,1
6238,1
6239,1
6240,0
6241,3
6242,7
6243,1
6244,2
6245,0
6246,2
6247,5
6248,4
6249,3
6250,0
6251,4
6252,6
6253,3
6254,4
6255,1
6256,4
6257,4
6258,3
6259,3
6260,2
6261,4
6262,4
6263,2
6264,3
6265,2
6266,3
6267,2
6268,2
6269,0
6270,4
6271,5
6272,2
6273,3
6274,2
6275,1
6276,2
6277,1
6278,4
6279,0
6280,6
6281,3
6282,1
6283,3
6284,1
6285,3
6286,3
6287,3
6288,3
6289,4
6290,3
6291,1
6292,0
6293,3
6294,3
6295,1
6296,4
6297,4
6298,1
6299,2
6300,5
6301,3
6302,4
6303,2
6304,2
6305,2
6306,2
6307,2
6308,0
6309,3
6310,3
6311,3
6312,1
6313,3
6314,1
6315,4
6316,5
6317,3
6318,0
6319,2
6320,3
6321,4
6322,1
6323,4
6324,2
6325,3
6326,1
6327,1
6328,1
6329,3
6330,1
6331,2
6332,1
6333,1
6334,7
6335,3
6336,2
6337,2
6338,2
6339,3
6340,3
6341,6
6342,3
6343,4
6344,1
6345,0
6346,2
6347,6
6348,7
6349,4
6350,1
6351,2
6352,1
6353,0
6354,5
6355,0
6356,2
6357,3
6358,3
6359,0
6360,0
6361,2
6362,4
6363,2
6364,2
6365,1
6366,3
6367,3
6368,3
6369,1
6370,2
6371,6
6372,2
6373,1
6374,3
6375,1
6376,3
6377,2
6378,3
6379,0
6380,1
6381,1
6382,5
6383,5
6384,2
6385,4
6386,3
6387,2
6388,4
6389,2
6390,4
6391,2
6392,1
6393,3
6394,4
6395,1
6396,5
6397,7
6398,3
6399,1
6400,0
6401,5
6402,3
6403,6
6404,3
6405,0
6406,4
6407,4
6408,3
6409,2
6410,3
6411,2
6412,3
6413,4
6414,2
6415,4
6416,4
6417,1
6418,2
6419,6
6420,5
6421,2
6422,1
6423,2
6424,3
6425,5
6426,3
6427,4
6428,4
6429,3
6430,3
6431,3
6432,4
6433,3
6434,2
6435,0
6436,6
6437,1
6438,5
6439,4
6440,5
6441,0
6442,4
6443,1
6444,4
6445,4
6446,5
6447,3
6448,1
6449,2
6450,1
6451,4
6452,2
6453,1
6454,3
6455,1
6456,2
6457,3
6458,1
6459,4
6460,4
6461,4
6462,2
6463,2
6464,0
6465,7
6466,3
6467,2
6468,2
6469,2
6470,2
6471,0
6472,5
6473,0
6474,1
6475,5
6476,2
6477,2
6478,2
6479,2
6480,2
6481,1
6482,1
6483,4
6484,2
6485,2
6486,5
6487,5
6488,0
6489,5
6490,0
6491,6
6492,1
6493,3
6494,1
6495,1
6496,2
6497,3
6498,2
6499,1
6500,6
6501,1
6502,5
6503,0
6504,0
6505,0
6506,5
6507,2
6508,3
6509,5
6510,3
6511,3
6512,3
6513,5
6514,1
6515,1
6516,0
6517,4
6518,2
6519,5
6520,4
6521,6
6522,0
6523,4
6524,5
6525,1
6526,2
6527,4
6528,0
6529,5
6530,3
6531,2
6532,3
6533,1
6534,7
6535,1
6536,1
6537,3
6538,2
6539,1
6540,4
6541,3
6542,3
6543,0
6544,2
6545,5
6546,6
6547,1
6548,7
6549,3
6550,2
6551,3
6552,2
6553,4
6554,0
6555,4
6556,0
6557,2
6558,3
6559,4
6560,2
6561,2
6562,0
6563,5
6564,2
6565,3
6566,1
6567,3
6568,4
6569,3
6570,2
6571,4
6572,0
6573,0
6574,2
6575,3
6576,6
6577,5
6578,5
6579,5
6580,3
6581,3
6582,3
6583,0
6584,2
6585,5
6586,3
6587,1
6588,3
6589,2
6590,4
6591,5
6592,1
6593,3
6594,4
6595,1
6596,2
6597,4
6598,2
6599,0
6600,4
6601,5
6602,6
6603,5
6604,2
6605,3
6606,4
6607,2
6608,4
6609,1
6610,1
6611,0
6612,3
6613,2
6614,5
6615,6
6616,3
6617,3
6618,1
6619,2
6620,2
6621,4
6622,4
6623,1
6624,6
6625,4
6626,4
6627,1
6628,2
6629,0
6630,1
6631,5
6632,1
6633,4
6634,4
6635,2
6636,2
6637,4
6638,3
6639,1
6640,2
6641,2
6642,2
6643,3
6644,0
6645,1
6646,3
6647,5
6648,5
6649,2
6650,3
6651,3
6652,2
6653,1
6654,1
6655,0
6656,2
6657,3
6658,2
6659,5
6660,3
6661,0
6662,0
6663,1
6664,2
6665,3
6666,0
6667,5
6668,4
6669,4
6670,2
6671,0
6672,4
6673,4
6674,4
6675,4
6676,4
6677,4
6678,5
6679,4
6680,2
6681,4
6682,2
6683,3
6684,3
6685,3
6686,1
6687,2
6688,3
6689,6
6690,2
6691,6
6692,1
6693,1
6694,3
6695,1
6696,3
6697,4
6698,0
6699,3
6700,0
6701,4
6702,2
6703,2
6704,3
6705,4
6706,3
6707,5
6708,5
6709,1
6710,4
6711,0
6712,3
6713,1
6714,5
6715,3
6716,3
6717,2
6718,4
6719,1
6720,4
6721,2
6722,2
6723,3
6724,5
6725,0
6726,2
6727,2
6728,2
6729,3
6730,3
6731,0
6732,0
6733,6
6734,1
6735,0
6736,6
6737,6
6738,1
6739,3
6740,2
6741,3
6742,0
6743,0
6744,3
6745,3
6746,4
6747,4
6748,5
6749,4
6750,4
6751,5
6752,8
6753,1
6754,1
6755,4
6756,6
6757,3
6758,3
6759,0
6760,5
6761,1
6762,3
6763,6
6764,2
6765,0
6766,2
6767,2
6768,2
6769,3
6770,3
6771,5
6772,4
6773,6
6774,6
6775,4
6776,5
6777,3
6778,1
6779,4
6780,6
6781,4
6782,2
6783,6
6784,3
6785,4
6786,2
6787,0
6788,3
6789,4
6790,6
6791,6
6792,2
6793,2
6794,2
6795,4
6796,1
6797,3
6798,4
6799,0
6800,1
6801,1
6802,3
6803,0
6804,6
6805,7
6806,0
6807,1
6808,1
6809,3
6810,2
6811,3
6812,3
6813,2
6814,6
6815,4
6816,7
6817,1
6818,6
6819,7
6820,1
6821,4
6822,5
6823,2
6824,4
6825,4
6826,4
6827,4
6828,5
6829,5
6830,0
6831,3
6832,2
6833,2
6834,5
6835,2
6836,0
6837,2
6838,2
6839,2
6840,3
6841,6
6842,3
6843,2
6844,3
6845,3
6846,2
6847,2
6848,1
6849,2
6850,1
6851,2
6852,1
6853,2
6854,2
6855,2
6856,2
6857,0
6858,3
6859,2
6860,2
6861,0
6862,1
6863,6
6864,2
6865,1
6866,5
6867,3
6868,2
6869,3
6870,1
6871,1
6872,2
6873,0
6874,3
6875,2
6876,5
6877,4
6878,1
6879,0
6880,5
6881,2
6882,1
6883,4
6884,2
6885,1
6886,1
6887,2
6888,3
6889,0
6890,4
6891,3
6892,6
6893,2
6894,5
6895,3
6896,3
6897,1
6898,3
6899,3
6900,6
6901,5
6902,3
6903,2
6904,3
6905,2
6906,2
6907,2
6908,2
6909,6
6910,2
6911,0
6912,2
6913,1
6914,0
6915,5
6916,0
6917,3
6918,3
6919,4
6920,2
6921,2
6922,2
6923,5
6924,6
6925,3
6926,2
6927,4
6928,3
6929,4
6930,1
6931,3
6932,1
6933,3
6934,1
6935,5
6936,6
6937,3
6938,0
6939,2
6940,2
6941,4
6942,5
6943,3
6944,1
6945,0
6946,1
6947,5
6948,4
6949,3
6950,2
6951,4
6952,5
6953,4
6954,5
6955,0
6956,3
6957,5
6958,3
6959,6
6960,3
6961,2
6962,2
6963,5
6964,1
6965,0
6966,1
6967,4
6968,2
6969,5
6970,4
6971,6
6972,4
6973,1
6974,0
6975,4
6976,5
6977,4
6978,1
6979,1
6980,2
6981,3
6982,3
6983,2
6984,4
6985,3
6986,4
6987,3
6988,1
6989,5
6990,5
6991,3
6992,1
6993,4
6994,1
6995,2
6996,6
6997,6
6998,3
6999,5
7000,5
7001,3
7002,2
7003,1
7004,2
7005,2
7006,0
7007,2
7008,2
7009,2
7010,3
7011,4
7012,4
7013,4
7014,2
7015,2
7016,2
7017,3
7018,0
7019,1
7020,2
7021,2
7022,2
7023,1
7024,3
7025,0
7026,5
7027,0
7028,3
7029,1
7030,1
7031,4
7032,1
7033,1
7034,4
7035,7
7036,4
7037,1
7038,4
7039,5
7040,2
7041,2
7042,4
7043,4
7044,3
7045,2
7046,0
7047,2
7048,3
7049,2
7050,2
7051,5
7052,6
7053,1
7054,0
7055,6
7056,2
7057,3
7058,6
7059,6
7060,2
7061,7
7062,4
7063,5
7064,6
7065,3
7066,1
7067,3
7068,0
7069,5
7070,3
7071,3
7072,4
7073,3
7074,1
7075,1
7076,1
7077,1
7078,3
7079,3
7080,0
7081,2
7082,3
7083,4
7084,2
7085,4
7086,3
7087,2
7088,3
7089,1
7090,1
7091,6
7092,2
7093,2
7094,5
7095,5
7096,2
7097,2
7098,6
7099,2
7100,7
7101,4
7102,1
7103,2
7104,2
7105,4
7106,2
7107,4
7108,1
7109,1
7110,1
7111,5
7112,0
7113,4
7114,8
7115,3
7116,0
7117,7
7118,2
7119,5
7120,3
7121,5
7122,2
7123,2
7124,2
7125,3
7126,4
7127,3
7128,0
7129,2
7130,1
7131,2
7132,2
7133,2
7134,3
7135,1
7136,4
7137,2
7138,4
7139,1
7140,0
7141,2
7142,4
7143,1
7144,5
7145,3
7146,5
7147,0
7148,2
7149,3
7150,4
7151,3
7152,2
7153,5
7154,2
7155,4
7156,4
7157,3
7158,7
7159,3
7160,2
7161,2
7162,4
7163,2
7164,1
7165,1
7166,3
7167,5
7168,2
7169,4
7170,5
7171,2
7172,1
7173,0
7174,7
7175,3
7176,2
7177,3
7178,2
7179,1
7180,0
7181,3
7182,0
7183,4
7184,5
7185,1
7186,3
7187,2
7188,1
7189,2
7190,1
7191,2
7192,2
7193,3
7194,2
7195,2
7196,3
7197,2
7198,1
7199,5
7200,2
7201,5
7202,3
7203,2
7204,2
7205,5
7206,1
7207,5
7208,3
7209,3
7210,4
7211,2
7212,3
7213,2
7214,3
7215,3
7216,4
7217,5
7218,2
7219,2
7220,1
7221,0
7222,3
7223,4
7224,1
7225,5
7226,4
7227,0
7228,3
7229,2
7230,1
7231,1
7232,0
7233,4
7234,0
7235,4
7236,1
7237,4
7238,4
7239,0
7240,5
7241,1
7242,4
7243,1
7244,3
7245,0
7246,3
7247,6
7248,1
7249,5
7250,0
7251,0
7252,4
7253,3
7254,2
7255,3
7256,6
7257,2
7258,6
7259,4
7260,2
7261,3
7262,3
7263,2
7264,5
7265,1
7266,1
7267,4
7268,2
7269,5
7270,2
7271,1
7272,6
7273,3
7274,5
7275,2
7276,3
7277,1
7278,3
7279,2
7280,5
7281,5
7282,1
7283,2
7284,2
7285,2
7286,2
7287,2
7288,2
7289,2
7290,1
7291,1
7292,3
7293,3
7294,0
7295,0
7296,3
7297,0
7298,2
7299,7
7300,6
7301,0
7302,2
7303,2
7304,7
7305,2
7306,3
7307,5
7308,0
7309,0
7310,5
7311,1
7312,5
7313,1
7314,5
7315,2
7316,0
7317,2
7318,3
7319,5
7320,4
7321,4
7322,3
7323,1
7324,4
7325,2
7326,1
7327,3
7328,2
7329,2
7330,0
7331,4
7332,4
7333,3
7334,6
7335,6
7336,2
7337,2
7338,1
7339,4
7340,5
7341,1
7342,0
7343,4
7344,2
7345,2
7346,2
7347,0
7348,5
7349,2
7350,0
7351,3
7352,3
7353,6
7354,4
7355,4
7356,6
7357,5
7358,0
7359,1
7360,3
7361,4
7362,0
7363,6
7364,1
7365,2
7366,1
7367,5
7368,3
7369,3
7370,2
7371,5
7372,3
7373,5
7374,4
7375,4
7376,3
7377,4
7378,1
7379,4
7380,3
7381,4
7382,1
7383,5
7384,2
7385,6
7386,0
7387,2
7388,3
7389,3
7390,2
7391,3
7392,4
7393,0
7394,5
7395,2
7396,6
7397,3
7398,0
7399,5
7400,7
7401,2
7402,4
7403,1
7404,1
7405,0
7406,6
7407,0
7408,0
7409,0
7410,0
7411,4
7412,1
7413,3
7414,3
7415,3
7416,2
7417,2
7418,4
7419,2
7420,5
7421,7
7422,0
7423,3
7424,1
7425,6
7426,1
7427,3
7428,6
7429,0
7430,3
7431,4
7432,4
7433,1
7434,3
7435,3
7436,2
7437,1
7438,1
7439,4
7440,2
7441,1
7442,2
7443,2
7444,2
7445,5
7446,1
7447,3
7448,5
7449,2
7450,5
7451,0
7452,2
7453,2
7454,4
7455,5
7456,2
7457,1
7458,1
7459,2
7460,0
7461,5
7462,0
7463,3
7464,2
7465,0
7466,6
7467,2
7468,0
7469,1
7470,3
7471,1
7472,0
7473,2
7474,6
7475,5
7476,3
7477,4
7478,6
7479,3
7480,2
7481,4
7482,1
7483,6
7484,4
7485,5
7486,4
7487,7
7488,1
7489,3
7490,4
7491,0
7492,2
7493,6
7494,5
7495,0
7496,0
7497,0
7498,0
7499,0
7500,3
7501,3
7502,4
7503,7
7504,1
7505,1
7506,1
7507,1
7508,2
7509,2
7510,3
7511,3
7512,1
7513,2
7514,7
7515,0
7516,0
7517,5
7518,3
7519,2
7520,1
7521,2
7522,7
7523,2
7524,2
7525,0
7526,0
7527,2
7528,2
7529,2
7530,5
7531,3
7532,1
7533,3
7534,4
7535,2
7536,4
7537,2
7538,1
7539,2
7540,2
7541,2
7542,1
7543,3
7544,1
7545,5
7546,2
7547,4
7548,1
7549,3
7550,1
7551,1
7552,4
7553,4
7554,2
7555,2
7556,1
7557,4
7558,4
7559,1
7560,3
7561,2
7562,3
7563,4
7564,3
7565,5
7566,1
7567,1
7568,3
7569,2
7570,2
7571,4
7572,1
7573,2
7574,2
7575,2
7576,3
7577,0
7578,7
7579,2
7580,5
7581,2
7582,2
7583,0
7584,2
7585,0
7586,1
7587,0
7588,4
7589,2
7590,2
7591,0
7592,4
7593,1
7594,4
7595,4
7596,2
7597,1
7598,4
7599,1
7600,5
7601,0
7602,5
7603,1
7604,4
7605,1
7606,4
7607,1
7608,0
7609,4
7610,5
7611,8
7612,1
7613,5
7614,6
7615,0
7616,2
7617,5
7618,2
7619,3
7620,3
7621,0
7622,3
7623,5
7624,1
7625,0
7626,5
7627,2
7628,2
7629,2
7630,2
7631,5
7632,2
7633,2
7634,1
7635,2
7636,3
7637,3
7638,5
7639,2
7640,1
7641,1
7642,4
7643,3
7644,4
7645,4
7646,0
7647,0
7648,1
7649,2
7650,2
7651,2
7652,1
7653,4
7654,5
7655,4
7656,0
7657,4
7658,3
7659,2
7660,0
7661,3
7662,3
7663,4
7664,4
7665,4
7666,2
7667,0
7668,1
7669,4
7670,1
7671,7
7672,6
7673,2
7674,0
7675,1
7676,4
7677,3
7678,3
7679,3
7680,4
7681,3
7682,4
7683,2
7684,3
7685,2
7686,5
7687,3
7688,1
7689,3
7690,2
7691,2
7692,3
7693,4
7694,1
7695,7
7696,2
7697,2
7698,2
7699,1
7700,5
7701,3
7702,2
7703,6
7704,4
7705,4
7706,4
7707,2
7708,0
7709,0
7710,4
7711,1
7712,5
7713,2
7714,2
7715,2
7716,2
7717,1
7718,4
7719,2
7720,4
7721,2
7722,3
7723,1
7724,2
7725,1
7726,2
7727,6
7728,5
7729,2
7730,2
7731,1
7732,3
7733,5
7734,3
7735,4
7736,0
7737,2
7738,2
7739,3
7740,5
7741,3
7742,4
7743,6
7744,1
7745,0
7746,5
7747,3
7748,4
7749,2
7750,3
7751,3
7752,2
7753,2
7754,2
7755,1
7756,2
7757,2
7758,3
7759,4
7760,2
7761,1
7762,4
7763,2
7764,3
7765,2
7766,2
7767,3
7768,1
7769,4
7770,2
7771,2
7772,4
7773,4
7774,5
7775,2
7776,6
7777,2
7778,4
7779,4
7780,2
7781,6
7782,2
7783,4
7784,5
7785,6
7786,4
7787,1
7788,2
7789,5
7790,4
7791,5
7792,5
7793,3
7794,2
7795,2
7796,3
7797,4
7798,7
7799,3
7800,2
7801,2
7802,6
7803,0
7804,3
7805,6
7806,4
7807,6
7808,5
7809,6
7810,3
7811,3
7812,3
7813,6
7814,2
7815,3
7816,0
7817,2
7818,1
7819,4
7820,3
7821,1
7822,4
7823,2
7824,5
7825,3
7826,3
7827,5
7828,3
7829,4
7830,7
7831,2
7832,4
7833,2
7834,3
7835,4
7836,3
7837,0
7838,1
7839,4
7840,3
7841,2
7842,5
7843,3
7844,5
7845,2
7846,2
7847,4
7848,1
7849,1
7850,1
7851,1
7852,5
7853,2
7854,1
7855,5
7856,1
7857,3
7858,2
7859,3
7860,2
7861,4
7862,6
7863,3
7864,0
7865,2
7866,2
7867,1
7868,2
7869,4
7870,1
7871,6
7872,1
7873,4
7874,1
7875,1
7876,4
7877,2
7878,2
7879,2
7880,2
7881,2
7882,2
7883,1
7884,2
7885,0
7886,4
7887,5
7888,3
7889,5
7890,3
7891,0
7892,3
7893,3
7894,2
7895,0
7896,2
7897,2
7898,3
7899,3
7900,1
7901,3
7902,3
7903,2
7904,8
7905,1
7906,3
7907,1
7908,1
7909,4
7910,3
7911,5
7912,0
7913,2
7914,4
7915,2
7916,2
7917,1
7918,1
7919,4
7920,5
7921,5
7922,1
7923,3
7924,6
7925,3
7926,3
7927,3
7928,3
7929,6
7930,5
7931,3
7932,6
7933,2
7934,2
7935,2
7936,3
7937,2
7938,0
7939,3
7940,1
7941,2
7942,0
7943,2
7944,2
7945,5
7946,4
7947,3
7948,6
7949,4
7950,4
7951,1
7952,1
7953,0
7954,1
7955,1
7956,6
7957,1
7958,5
7959,6
7960,1
7961,0
7962,2
7963,6
7964,1
7965,6
7966,1
7967,2
7968,2
7969,3
7970,5
7971,1
7972,5
7973,3
7974,6
7975,6
7976,2
7977,3
7978,1
7979,2
7980,3
7981,3
7982,1
7983,0
7984,2
7985,6
7986,0
7987,5
7988,4
7989,2
7990,5
7991,1
7992,0
7993,3
7994,0
7995,5
7996,2
7997,3
7998,3
7999,2
8000,2
8001,4
8002,0
8003,3
8004,3
8005,1
8006,1
8007,2
8008,4
8009,1
8010,5
8011,0
8012,2
8013,4
8014,1
8015,1
8016,5
8017,1
8018,1
8019,3
8020,1
8021,5
8022,2
8023,3
8024,3
8025,2
8026,1
8027,2
8028,0
8029,2
8030,7
8031,2
8032,1
8033,8
8034,4
8035,4
8036,1
8037,4
8038,2
8039,2
8040,4
8041,0
8042,1
8043,2
8044,1
8045,3
8046,2
8047,1
8048,2
8049,5
8050,3
8051,5
8052,5
8053,1
8054,2
8055,1
8056,2
8057,2
8058,5
8059,3
8060,3
8061,6
8062,1
8063,1
8064,1
8065,1
8066,5
8067,3
8068,3
8069,4
8070,5
8071,3
8072,2
8073,3
8074,1
8075,1
8076,2
8077,5
8078,5
8079,5
8080,0
8081,6
8082,1
8083,2
8084,1
8085,6
8086,0
8087,2
8088,4
8089,3
8090,1
8091,3
8092,1
8093,3
8094,3
8095,4
8096,3
8097,0
8098,6
8099,5
8100,0
8101,5
8102,3
8103,3
8104,5
8105,2
8106,3
8107,5
8108,6
8109,2
8110,3
8111,6
8112,0
8113,1
8114,5
8115,6
8116,0
8117,3
8118,2
8119,3
8120,2
8121,3
8122,4
8123,0
8124,2
8125,0
8126,4
8127,1
8128,0
8129,0
8130,1
8131,3
8132,1
8133,6
8134,4
8135,0
8136,1
8137,4
8138,3
8139,2
8140,4
8141,1
8142,3
8143,0
8144,3
8145,4
8146,4
8147,3
8148,1
8149,2
8150,2
8151,3
8152,0
8153,3
8154,4
8155,2
8156,0
8157,1
8158,4
8159,4
8160,7
8161,1
8162,3
8163,2
8164,3
8165,4
8166,3
8167,6
8168,1
8169,2
8170,4
8171,0
8172,2
8173,1
8174,3
8175,3
8176,5
8177,5
8178,5
8179,2
8180,6
8181,3
8182,0
8183,2
8184,3
8185,4
8186,1
8187,2
8188,1
8189,4
8190,3
8191,5
8192,2
8193,4
8194,6
8195,4
8196,4
8197,4
8198,2
8199,6
8200,2
8201,1
8202,3
8203,3
8204,2
8205,2
8206,2
8207,3
8208,6
8209,2
8210,1
8211,5
8212,1
8213,3
8214,2
8215,3
8216,1
8217,4
8218,3
8219,4
8220,0
8221,4
8222,3
8223,2
8224,3
8225,2
8226,2
8227,1
8228,2
8229,1
8230,3
8231,5
8232,1
8233,3
8234,1
8235,6
8236,3
8237,1
8238,3
8239,4
8240,0
8241,5
8242,3
8243,4
8244,0
8245,5
8246,1
8247,4
8248,5
8249,2
8250,3
8251,3
8252,7
8253,4
8254,3
8255,4
8256,1
8257,4
8258,1
8259,5
8260,4
8261,0
8262,1
8263,4
8264,3
8265,1
8266,4
8267,1
8268,1
8269,2
8270,6
8271,4
8272,3
8273,2
8274,1
8275,4
8276,0
8277,0
8278,4
8279,4
8280,0
8281,4
8282,2
8283,4
8284,1
8285,5
8286,1
8287,1
8288,1
8289,4
8290,0
8291,3
8292,3
8293,2
8294,3
8295,1
8296,2
8297,4
8298,0
8299,2
8300,1
8301,1
8302,2
8303,2
8304,5
8305,5
8306,2
8307,1
8308,1
8309,3
8310,1
8311,2
8312,1
8313,0
8314,2
8315,1
8316,3
8317,2
8318,4
8319,3
8320,0
8321,2
8322,1
8323,0
8324,2
8325,1
8326,4
8327,4
8328,0
8329,3
8330,3
8331,2
8332,3
8333,5
8334,4
8335,4
8336,3
8337,1
8338,3
8339,3
8340,7
8341,2
8342,4
8343,1
8344,2
8345,2
8346,5
8347,3
8348,5
8349,2
8350,3
8351,0
8352,3
8353,4
8354,1
8355,4
8356,1
8357,0
8358,1
8359,0
8360,5
8361,1
8362,2
8363,4
8364,2
8365,1
8366,6
8367,2
8368,3
8369,3
8370,7
8371,1
8372,1
8373,5
8374,4
8375,3
8376,2
8377,3
8378,3
8379,2
8380,0
8381,4
8382,4
8383,1
8384,1
8385,1
8386,3
8387,3
8388,2
8389,3
8390,4
8391,0
8392,2
8393,3
8394,0
8395,5
8396,1
8397,1
8398,1
8399,3
8400,5
8401,6
8402,2
8403,3
8404,5
8405,1
8406,1
8407,2
8408,3
8409,5
8410,1
8411,0
8412,2
8413,2
8414,2
8415,6
8416,3
8417,1
8418,1
8419,2
8420,3
8421,5
8422,1
8423,3
8424,3
8425,4
8426,2
8427,2
8428,4
8429,5
8430,3
8431,1
8432,1
8433,2
8434,2
8435,3
8436,1
8437,3
8438,0
8439,3
8440,2
8441,4
8442,1
8443,2
8444,1
8445,3
8446,1
8447,1
8448,5
8449,3
8450,4
8451,1
8452,1
8453,1
8454,1
8455,5
8456,3
8457,2
8458,3
8459,1
8460,5
8461,3
8462,4
8463,3
8464,3
8465,1
8466,3
8467,0
8468,3
8469,2
8470,4
8471,4
8472,4
8473,4
8474,2
8475,4
8476,5
8477,5
8478,4
8479,4
8480,3
8481,3
8482,1
8483,6
8484,3
8485,3
8486,6
8487,0
8488,3
8489,1
8490,3
8491,4
8492,0
8493,2
8494,3
8495,3
8496,4
8497,0
8498,2
8499,8
8500,3
8501,2
8502,3
8503,5
8504,1
8505,2
8506,0
8507,0
8508,3
8509,6
8510,3
8511,3
8512,2
8513,4
8514,0
8515,0
8516,4
8517,5
8518,3
8519,6
8520,1
8521,5
8522,4
8523,3
8524,3
8525,2
8526,2
8527,1
8528,3
8529,4
8530,8
8531,6
8532,3
8533,1
8534,4
8535,2
8536,3
8537,3
8538,4
8539,5
8540,4
8541,1
8542,2
8543,3
8544,0
8545,6
8546,4
8547,4
8548,0
8549,2
8550,5
8551,1
8552,5
8553,4
8554,5
8555,2
8556,3
8557,4
8558,5
8559,4
8560,4
8561,5
8562,4
8563,2
8564,2
8565,3
8566,4
8567,3
8568,2
8569,4
8570,2
8571,0
8572,1
8573,0
8574,6
8575,3
8576,4
8577,1
8578,2
8579,0
8580,5
8581,3
8582,1
8583,3
8584,4
8585,4
8586,1
8587,1
8588,2
8589,0
8590,5
8591,1
8592,3
8593,0
8594,2
8595,1
8596,4
8597,5
8598,2
8599,3
8600,3
8601,2
8602,3
8603,4
8604,5
8605,0
8606,1
8607,1
8608,8
8609,0
8610,4
8611,4
8612,2
8613,4
8614,2
8615,1
8616,4
8617,0
8618,2
8619,1
8620,3
8621,1
8622,7
8623,3
8624,3
8625,2
8626,0
8627,4
8628,2
8629,3
8630,0
8631,0
8632,3
8633,5
8634,1
8635,0
8636,2
8637,4
8638,1
8639,1
8640,1
8641,3
8642,2
8643,0
8644,3
8645,4
8646,5
8647,1
8648,2
8649,1
8650,5
8651,3
8652,5
8653,1
8654,2
8655,4
8656,0
8657,2
8658,1
8659,1
8660,7
8661,3
8662,2
8663,2
8664,5
8665,4
8666,1
8667,3
8668,1
8669,4
8670,2
8671,2
8672,0
8673,3
8674,4
8675,1
8676,0
8677,2
8678,2
8679,4
8680,0
8681,2
8682,0
8683,2
8684,0
8685,1
8686,0
8687,1
8688,4
8689,0
8690,4
8691,4
8692,4
8693,4
8694,4
8695,3
8696,1
8697,1
8698,1
8699,4
8700,3
8701,0
8702,4
8703,0
8704,6
8705,1
8706,0
8707,4
8708,1
8709,3
8710,1
8711,2
8712,3
8713,1
8714,1
8715,1
8716,5
8717,6
8718,3
8719,0
8720,2
8721,3
8722,3
8723,2
8724,4
8725,6
8726,0
8727,2
8728,3
8729,3
8730,3
8731,2
8732,3
8733,1
8734,2
8735,1
8736,2
8737,3
8738,0
8739,4
8740,7
8741,4
8742,3
8743,3
8744,1
8745,2
8746,0
8747,4
8748,1
8749,2
8750,3
8751,7
8752,5
8753,1
8754,2
8755,3
8756,0
8757,7
8758,1
8759,2
8760,1
8761,5
8762,1
8763,4
8764,3
8765,3
8766,5
8767,3
8768,4
8769,6
8770,1
8771,4
8772,3
8773,3
8774,2
8775,3
8776,2
8777,3
8778,4
8779,3
8780,2
8781,2
8782,3
8783,2
8784,4
8785,2
8786,4
8787,4
8788,1
8789,2
8790,4
8791,3
8792,4
8793,5
8794,1
8795,2
8796,1
8797,1
8798,6
8799,6
8800,4
8801,4
8802,4
8803,2
8804,2
8805,3
8806,1
8807,6
8808,3
8809,1
8810,3
8811,5
8812,4
8813,3
8814,4
8815,3
8816,2
8817,1
8818,2
8819,2
8820,0
8821,0
8822,2
8823,3
8824,0
8825,3
8826,2
8827,4
8828,7
8829,1
8830,5
8831,1
8832,2
8833,2
8834,0
8835,4
8836,3
8837,0
8838,2
8839,0
8840,5
8841,0
8842,2
8843,1
8844,3
8845,5
8846,6
8847,2
8848,3
8849,4
8850,2
8851,1
8852,5
8853,0
8854,1
8855,0
8856,1
8857,2
8858,4
8859,7
8860,3
8861,4
8862,5
8863,5
8864,1
8865,4
8866,1
8867,1
8868,2
8869,5
8870,3
8871,4
8872,2
8873,7
8874,1
8875,6
8876,8
8877,2
8878,2
8879,3
8880,5
8881,1
8882,3
8883,2
8884,2
8885,5
8886,2
8887,5
8888,5
8889,3
8890,3
8891,1
8892,1
8893,1
8894,3
8895,6
8896,3
8897,4
8898,1
8899,4
8900,3
8901,4
8902,1
8903,0
8904,3
8905,2
8906,4
8907,2
8908,5
8909,3
8910,2
8911,3
8912,1
8913,5
8914,1
8915,3
8916,1
8917,5
8918,2
8919,5
8920,1
8921,2
8922,6
8923,4
8924,4
8925,3
8926,2
8927,1
8928,4
8929,1
8930,2
8931,2
8932,2
8933,3
8934,2
8935,2
8936,5
8937,5
8938,3
8939,3
8940,2
8941,3
8942,1
8943,4
8944,1
8945,0
8946,3
8947,5
8948,3
8949,5
8950,3
8951,5
8952,0
8953,6
8954,3
8955,0
8956,4
8957,4
8958,3
8959,1
8960,3
8961,2
8962,3
8963,5
8964,1
8965,3
8966,1
8967,5
8968,1
8969,5
8970,4
8971,0
8972,4
8973,2
8974,4
8975,6
8976,0
8977,1
8978,0
8979,2
8980,1
8981,4
8982,4
8983,3
8984,2
8985,3
8986,2
8987,2
8988,1
8989,4
8990,2
8991,3
8992,1
8993,4
8994,5
8995,3
8996,6
8997,2
8998,4
8999,2
9000,4
9001,6
9002,3
9003,2
9004,7
9005,2
9006,2
9007,2
9008,3
9009,2
9010,4
9011,4
9012,3
9013,2
9014,3
9015,0
9016,1
9017,2
9018,0
9019,3
9020,2
9021,0
9022,5
9023,3
9024,3
9025,2
9026,4
9027,6
9028,4
9029,1
9030,2
9031,1
9032,2
9033,0
9034,2
9035,0
9036,3
9037,4
9038,3
9039,3
9040,3
9041,3
9042,5
9043,3
9044,4
9045,0
9046,4
9047,1
9048,4
9049,5
9050,2
9051,0
9052,4
9053,3
9054,3
9055,5
9056,4
9057,1
9058,3
9059,1
9060,6
9061,5
9062,1
9063,2
9064,4
9065,6
9066,5
9067,6
9068,2
9069,2
9070,1
9071,1
9072,1
9073,0
9074,2
9075,5
9076,2
9077,5
9078,0
9079,5
9080,4
9081,3
9082,2
9083,4
9084,4
9085,1
9086,1
9087,1
9088,0
9089,0
9090,4
9091,0
9092,1
9093,2
9094,2
9095,3
9096,0
9097,3
9098,0
9099,1
9100,1
9101,2
9102,3
9103,1
9104,6
9105,7
9106,4
9107,2
9108,2
9109,0
9110,1
9111,1
9112,4
9113,4
9114,4
9115,1
9116,5
9117,1
9118,0
9119,2
9120,0
9121,1
9122,1
9123,4
9124,3
9125,4
9126,2
9127,2
9128,2
9129,0
9130,0
9131,5
9132,1
9133,4
9134,2
9135,4
9136,3
9137,4
9138,2
9139,3
9140,6
9141,2
9142,8
9143,5
9144,2
9145,2
9146,3
9147,3
9148,1
9149,0
9150,0
9151,7
9152,6
9153,1
9154,3
9155,1
9156,3
9157,2
9158,3
9159,3
9160,2
9161,6
9162,2
9163,3
9164,2
9165,5
9166,6
9167,2
9168,1
9169,2
9170,4
9171,1
9172,0
9173,5
9174,1
9175,2
9176,3
9177,0
9178,2
9179,5
9180,3
9181,0
9182,0
9183,4
9184,4
9185,4
9186,0
9187,1
9188,3
9189,0
9190,1
9191,3
9192,2
9193,1
9194,2
9195,2
9196,3
9197,4
9198,4
9199,1
9200,6
9201,4
9202,2
9203,3
9204,3
9205,2
9206,4
9207,7
9208,6
9209,3
9210,2
9211,1
9212,1
9213,2
9214,2
9215,3
9216,1
9217,1
9218,5
9219,3
9220,0
9221,0
9222,6
9223,4
9224,3
9225,4
9226,3
9227,5
9228,5
9229,3
9230,2
9231,2
9232,1
9233,2
9234,1
9235,1
9236,1
9237,5
9238,3
9239,4
9240,0
9241,3
9242,3
9243,6
9244,1
9245,5
9246,3
9247,2
9248,3
9249,1
9250,2
9251,0
9252,2
9253,2
9254,2
9255,2
9256,6
9257,4
9258,7
9259,2
9260,0
9261,3
9262,2
9263,5
9264,2
9265,1
9266,1
9267,0
9268,6
9269,1
9270,0
9271,2
9272,2
9273,5
9274,2
9275,2
9276,2
9277,4
9278,2
9279,4
9280,2
9281,5
9282,2
9283,4
9284,6
9285,1
9286,3
9287,4
9288,2
9289,7
9290,4
9291,5
9292,4
9293,1
9294,0
9295,0
9296,4
9297,3
9298,2
9299,0
9300,2
9301,4
9302,1
9303,0
9304,1
9305,6
9306,7
9307,3
9308,1
9309,2
9310,1
9311,1
9312,7
9313,4
9314,1
9315,3
9316,0
9317,3
9318,3
9319,6
9320,5
9321,2
9322,4
9323,1
9324,4
9325,2
9326,3
9327,0
9328,0
9329,2
9330,4
9331,2
9332,2
9333,2
9334,2
9335,0
9336,0
9337,4
9338,6
9339,3
9340,0
9341,0
9342,3
9343,5
9344,2
9345,1
9346,4
9347,1
9348,0
9349,5
9350,3
9351,1
9352,4
9353,3
9354,0
9355,2
9356,4
9357,3
9358,3
9359,1
9360,3
9361,7
9362,5
9363,2
9364,3
9365,1
9366,1
9367,3
9368,2
9369,5
9370,5
9371,2
9372,3
9373,3
9374,4
9375,2
9376,1
9377,5
9378,2
9379,2
9380,1
9381,1
9382,3
9383,4
9384,2
9385,1
9386,6
9387,2
9388,4
9389,2
9390,3
9391,4
9392,3
9393,3
9394,4
9395,5
9396,4
9397,4
9398,1
9399,5
9400,0
9401,3
9402,4
9403,5
9404,5
9405,1
9406,2
9407,5
9408,1
9409,0
9410,1
9411,2
9412,6
9413,3
9414,4
9415,3
9416,2
9417,5
9418,5
9419,3
9420,0
9421,5
9422,2
9423,7
9424,2
9425,1
9426,4
9427,2
9428,1
9429,4
9430,3
9431,5
9432,4
9433,2
9434,5
9435,1
9436,3
9437,3
9438,3
9439,0
9440,6
9441,0
9442,1
9443,0
9444,1
9445,4
9446,1
9447,6
9448,3
9449,2
9450,2
9451,1
9452,1
9453,0
9454,3
9455,4
9456,2
9457,7
9458,3
9459,3
9460,5
9461,0
9462,7
9463,1
9464,4
9465,2
9466,2
9467,2
9468,3
9469,3
9470,3
9471,6
9472,2
9473,4
9474,4
9475,2
9476,4
9477,4
9478,5
9479,1
9480,3
9481,1
9482,3
9483,0
9484,7
9485,0
9486,0
9487,2
9488,1
9489,2
9490,6
9491,4
9492,7
9493,3
9494,2
9495,4
9496,2
9497,3
9498,2
9499,2
9500,5
9501,0
9502,5
9503,4
9504,4
9505,1
9506,5
9507,1
9508,3
9509,2
9510,4
9511,2
9512,3
9513,6
9514,5
9515,7
9516,4
9517,3
9518,1
9519,5
9520,4
9521,1
9522,2
9523,2
9524,6
9525,3
9526,2
9527,2
9528,1
9529,1
9530,2
9531,3
9532,0
9533,2
9534,4
9535,1
9536,4
9537,1
9538,4
9539,3
9540,2
9541,3
9542,2
9543,1
9544,6
9545,3
9546,5
9547,1
9548,1
9549,2
9550,2
9551,0
9552,3
9553,6
9554,1
9555,3
9556,3
9557,1
9558,0
9559,6
9560,3
9561,1
9562,3
9563,2
9564,3
9565,2
9566,3
9567,4
9568,1
9569,0
9570,5
9571,3
9572,5
9573,3
9574,3
9575,3
9576,0
9577,1
9578,3
9579,2
9580,1
9581,1
9582,0
9583,5
9584,1
9585,4
9586,4
9587,4
9588,3
9589,2
9590,1
9591,5
9592,2
9593,2
9594,3
9595,6
9596,4
9597,2
9598,4
9599,1
9600,1
9601,5
9602,0
9603,2
9604,3
9605,2
9606,0
9607,2
9608,0
9609,1
9610,1
9611,2
9612,4
9613,0
9614,1
9615,1
9616,1
9617,4
9618,0
9619,4
9620,0
9621,3
9622,3
9623,4
9624,3
9625,3
9626,3
9627,0
9628,4
9629,3
9630,2
9631,3
9632,3
9633,3
9634,2
9635,3
9636,2
9637,2
9638,0
9639,4
9640,1
9641,1
9642,3
9643,3
9644,0
9645,5
9646,2
9647,2
9648,3
9649,2
9650,3
9651,3
9652,1
9653,5
9654,2
9655,2
9656,3
9657,3
9658,2
9659,1
9660,2
9661,2
9662,4
9663,1
9664,0
9665,3
9666,1
9667,4
9668,1
9669,2
9670,2
9671,3
9672,3
9673,5
9674,2
9675,4
9676,2
9677,1
9678,4
9679,2
9680,1
9681,3
9682,4
9683,3
9684,3
9685,2
9686,4
9687,3
9688,0
9689,2
9690,2
9691,3
9692,1
9693,1
9694,4
9695,1
9696,1
9697,2
9698,0
9699,4
9700,2
9701,5
9702,3
9703,2
9704,1
9705,2
9706,4
9707,0
9708,3
9709,4
9710,6
9711,2
9712,3
9713,5
9714,1
9715,2
9716,1
9717,0
9718,4
9719,4
9720,4
9721,2
9722,3
9723,3
9724,1
9725,5
9726,2
9727,4
9728,5
9729,2
9730,4
9731,4
9732,1
9733,2
9734,2
9735,3
9736,3
9737,7
9738,2
9739,3
9740,1
9741,1
9742,3
9743,4
9744,1
9745,2
9746,3
9747,2
9748,5
9749,2
9750,4
9751,4
9752,2
9753,1
9754,2
9755,3
9756,1
9757,3
9758,1
9759,0
9760,5
9761,1
9762,5
9763,0
9764,1
9765,0
9766,6
9767,1
9768,1
9769,3
9770,2
9771,1
9772,3
9773,6
9774,4
9775,5
9776,1
9777,4
9778,2
9779,1
9780,5
9781,6
9782,3
9783,3
9784,1
9785,3
9786,2
9787,0
9788,5
9789,0
9790,2
9791,0
9792,3
9793,3
9794,2
9795,2
9796,3
9797,5
9798,5
9799,3
9800,2
9801,3
9802,2
9803,3
9804,3
9805,5
9806,3
9807,2
9808,2
9809,1
9810,3
9811,3
9812,2
9813,1
9814,2
9815,1
9816,5
9817,2
9818,1
9819,4
9820,0
9821,3
9822,2
9823,6
9824,3
9825,2
9826,0
9827,3
9828,3
9829,1
9830,3
9831,3
9832,3
9833,2
9834,5
9835,2
9836,3
9837,4
9838,1
9839,3
9840,2
9841,9
9842,1
9843,3
9844,1
9845,4
9846,2
9847,2
9848,1
9849,4
9850,4
9851,3
9852,3
9853,0
9854,2
9855,2
9856,2
9857,1
9858,5
9859,4
9860,6
9861,1
9862,8
9863,2
9864,2
9865,6
9866,2
9867,2
9868,5
9869,3
9870,2
9871,1
9872,1
9873,2
9874,5
9875,2
9876,0
9877,6
9878,1
9879,3
9880,1
9881,4
9882,2
9883,5
9884,5
9885,4
9886,2
9887,0
9888,5
9889,2
9890,6
9891,3
9892,5
9893,1
9894,4
9895,1
9896,4
9897,4
9898,6
9899,6
9900,2
9901,3
9902,1
9903,0
9904,4
9905,4
9906,3
9907,1
9908,6
9909,3
9910,0
9911,6
9912,3
9913,3
9914,0
9915,3
9916,4
9917,6
9918,3
9919,5
9920,4
9921,6
9922,0
9923,2
9924,0
9925,1
9926,1
9927,2
9928,2
9929,0
9930,3
9931,1
9932,4
9933,4
9934,0
9935,4
9936,7
9937,0
9938,0
9939,0
9940,3
9941,4
9942,0
9943,1
9944,2
9945,0
9946,3
9947,2
9948,4
9949,4
9950,6
9951,0
9952,6
9953,1
9954,6
9955,4
9956,3
9957,2
9958,3
9959,1
9960,0
9961,3
9962,1
9963,0
9964,4
9965,3
9966,3
9967,2
9968,4
9969,2
9970,2
9971,5
9972,4
9973,4
9974,2
9975,2
9976,2
9977,2
9978,3
9979,0
9980,1
9981,1
9982,2
9983,5
9984,2
9985,6
9986,1
9987,3
9988,3
9989,2
9990,3
9991,2
9992,0
9993,3
9994,2
9995,1
9996,1
9997,5
9998,6
9999,0
10000,4
10001,1
10002,4
10003,2
10004,5
10005,2
10006,5
10007,3
10008,3
10009,0
10010,1
10011,1
10012,1
10013,1
10014,3
10015,3
10016,2
10017,0
10018,4
10019,3
10020,3
10021,2
10022,2
10023,3
10024,2
10025,1
10026,3
10027,2
10028,2
10029,3
10030,4
10031,1
10032,2
10033,1
10034,5
10035,2
10036,2
10037,3
10038,1
10039,2
10040,4
10041,0
10042,1
10043,2
10044,1
10045,2
10046,1
10047,4
10048,2
10049,4
10050,2
10051,2
10052,2
10053,2
10054,3
10055,1
10056,5
10057,5
10058,5
10059,3
10060,3
10061,4
10062,1
10063,3
10064,1
10065,1
10066,4
10067,2
10068,0
10069,5
10070,3
10071,3
10072,2
10073,1
10074,1
10075,2
10076,5
10077,0
10078,0
10079,1
10080,2
10081,1
10082,0
10083,0
10084,1
10085,4
10086,3
10087,4
10088,3
10089,4
10090,0
10091,6
10092,1
10093,2
10094,1
10095,1
10096,3
10097,0
10098,1
10099,1
10100,2
10101,3
10102,0
10103,3
10104,0
10105,6
10106,6
10107,0
10108,3
10109,4
10110,2
10111,3
10112,5
10113,1
10114,4
10115,4
10116,4
10117,5
10118,0
10119,5
10120,2
10121,2
10122,3
10123,3
10124,0
10125,1
10126,0
10127,1
10128,4
10129,5
10130,6
10131,2
10132,4
10133,0
10134,1
10135,5
10136,5
10137,7
10138,1
10139,4
10140,2
10141,4
10142,3
10143,4
10144,2
10145,6
10146,4
10147,3
10148,6
10149,4
10150,0
10151,3
10152,6
10153,2
10154,2
10155,0
10156,2
10157,2
10158,2
10159,2
10160,4
10161,1
10162,1
10163,4
10164,2
10165,2
10166,0
10167,5
10168,2
10169,5
10170,1
10171,2
10172,4
10173,2
10174,3
10175,1
10176,6
10177,5
10178,1
10179,3
10180,5
10181,4
10182,3
10183,5
10184,1
10185,4
10186,3
10187,1
10188,3
10189,5
10190,2
10191,4
10192,3
10193,7
10194,0
10195,0
10196,3
10197,1
10198,5
10199,6
10200,2
10201,1
10202,4
10203,2
10204,2
10205,3
10206,3
10207,1
10208,7
10209,3
10210,4
10211,6
10212,1
10213,1
10214,6
10215,2
10216,4
10217,1
10218,2
10219,4
10220,3
10221,5
10222,3
10223,1
10224,4
10225,2
10226,3
10227,4
10228,1
10229,5
10230,0
10231,3
10232,5
10233,0
10234,4
10235,1
10236,0
10237,4
10238,3
10239,2
10240,4
10241,2
10242,3
10243,4
10244,1
10245,2
10246,2
10247,3
10248,4
10249,4
10250,5
10251,1
10252,2
10253,0
10254,0
10255,3
10256,1
10257,5
10258,1
10259,3
10260,1
10261,1
10262,2
10263,4
10264,2
10265,2
10266,4
10267,4
10268,5
10269,2
10270,2
10271,2
10272,1
10273,1
10274,1
10275,5
10276,1
10277,1
10278,3
10279,2
10280,1
10281,2
10282,4
10283,1
10284,1
10285,5
10286,4
10287,2
10288,1
10289,7
10290,4
10291,3
10292,0
10293,5
10294,1
10295,3
10296,5
10297,3
10298,8
10299,5
10300,3
10301,2
10302,5
10303,2
10304,1
10305,3
10306,2
10307,3
10308,3
10309,1
10310,1
10311,3
10312,1
10313,6
10314,1
10315,1
10316,6
10317,1
10318,4
10319,0
10320,3
10321,1
10322,1
10323,2
10324,4
10325,2
10326,2
10327,5
10328,5
10329,5
10330,5
10331,4
10332,4
10333,1
10334,0
10335,1
10336,2
10337,4
10338,2
10339,3
10340,1
10341,2
10342,4
10343,1
10344,4
10345,3
10346,2
10347,4
10348,2
10349,0
10350,3
10351,2
10352,0
10353,4
10354,7
10355,2
10356,0
10357,2
10358,2
10359,4
10360,0
10361,1
10362,6
10363,0
10364,0
10365,2
10366,1
10367,2
10368,3
10369,1
10370,2
10371,6
10372,2
10373,1
10374,2
10375,4
10376,4
10377,5
10378,2
10379,0
10380,1
10381,4
10382,0
10383,2
10384,2
10385,4
10386,5
10387,4
10388,3
10389,2
10390,4
10391,5
10392,5
10393,8
10394,1
10395,5
10396,3
10397,4
10398,4
10399,6
10400,1
10401,4
10402,0
10403,6
10404,2
10405,1
10406,1
10407,4
10408,6
10409,4
10410,1
10411,5
10412,1
10413,5
10414,1
10415,0
10416,1
10417,1
10418,6
10419,4
10420,4
10421,1
10422,3
10423,2
10424,0
10425,2
10426,7
10427,2
10428,2
10429,6
10430,2
10431,5
10432,6
10433,3
10434,5
10435,0
10436,1
10437,2
10438,4
10439,5
10440,1
10441,5
10442,3
10443,2
10444,5
10445,4
10446,2
10447,1
10448,2
10449,8
10450,1
10451,2
10452,1
10453,1
10454,1
10455,1
10456,0
10457,0
10458,0
10459,0
10460,7
10461,2
10462,0
10463,8
10464,2
10465,1
10466,1
10467,1
10468,2
10469,3
10470,1
10471,6
10472,6
10473,2
10474,4
10475,4
10476,1
10477,2
10478,4
10479,3
10480,2
10481,0
10482,2
10483,5
10484,4
10485,5
10486,2
10487,4
10488,3
10489,3
10490,2
10491,1
10492,1
10493,6
10494,0
10495,3
10496,1
10497,2
10498,5
10499,3
10500,5
10501,5
10502,3
10503,2
10504,0
10505,2
10506,5
10507,3
10508,3
10509,2
10510,1
10511,0
10512,5
10513,3
10514,2
10515,4
10516,1
10517,3
10518,5
10519,4
10520,1
10521,3
10522,2
10523,5
10524,7
10525,0
10526,1
10527,3
10528,1
10529,2
10530,2
10531,4
10532,1
10533,4
10534,3
10535,1
10536,5
10537,0
10538,6
10539,0
10540,4
10541,2
10542,0
10543,5
10544,5
10545,1
10546,7
10547,2
10548,2
10549,4
10550,1
10551,4
10552,3
10553,4
10554,6
10555,6
10556,2
10557,2
10558,0
10559,4
10560,4
10561,4
10562,4
10563,6
10564,0
10565,2
10566,0
10567,5
10568,2
10569,5
10570,4
10571,2
10572,3
10573,6
10574,3
10575,1
10576,0
10577,1
10578,7
10579,2
10580,1
10581,5
10582,5
10583,3
10584,4
10585,3
10586,5
10587,5
10588,1
10589,1
10590,7
10591,6
10592,2
10593,3
10594,5
10595,2
10596,3
10597,2
10598,0
10599,2
10600,2
10601,6
10602,1
10603,3
10604,3
10605,5
10606,2
10607,3
10608,3
10609,5
10610,4
10611,3
10612,0
10613,5
10614,1
10615,1
10616,4
10617,4
10618,4
10619,2
10620,0
10621,0
10622,1
10623,3
10624,1
10625,4
10626,5
10627,2
10628,3
10629,3
10630,5
10631,3
10632,3
10633,1
10634,4
10635,1
10636,2
10637,3
10638,5
10639,5
10640,2
10641,0
10642,3
10643,1
10644,2
10645,6
10646,6
10647,3
10648,5
10649,6
10650,6
10651,3
10652,2
10653,0
10654,2
10655,5
10656,0
10657,4
10658,1
10659,1
10660,4
10661,2
10662,4
10663,2
10664,4
10665,2
10666,1
10667,3
10668,3
10669,3
10670,2
10671,3
10672,0
10673,2
10674,1
10675,4
10676,4
10677,1
10678,2
10679,2
10680,2
10681,1
10682,0
10683,2
10684,1
10685,1
10686,3
10687,1
10688,0
10689,6
10690,5
10691,3
10692,5
10693,4
10694,1
10695,5
10696,1
10697,3
10698,4
10699,5
10700,4
10701,1
10702,4
10703,3
10704,5
10705,2
10706,1
10707,2
10708,1
10709,2
10710,3
10711,5
10712,2
10713,1
10714,3
10715,4
10716,6
10717,1
10718,1
10719,1
10720,5
10721,3
10722,1
10723,4
10724,2
10725,4
10726,2
10727,1
10728,2
10729,1
10730,2
10731,4
10732,3
10733,2
10734,4
10735,2
10736,2
10737,1
10738,4
10739,2
10740,5
10741,1
10742,2
10743,2
10744,6
10745,3
10746,5
10747,5
10748,0
10749,3
10750,2
10751,0
10752,4
10753,5
10754,0
10755,5
10756,0
10757,0
10758,0
10759,1
10760,3
10761,2
10762,2
10763,1
10764,3
10765,3
10766,1
10767,3
10768,5
10769,6
10770,5
10771,6
10772,0
10773,1
10774,2
10775,3
10776,3
10777,1
10778,4
10779,3
10780,3
10781,7
10782,6
10783,1
10784,1
10785,0
10786,4
10787,1
10788,4
10789,3
10790,1
10791,3
10792,2
10793,4
10794,4
10795,2
10796,4
10797,5
10798,4
10799,3
10800,6
10801,4
10802,1
10803,2
10804,3
10805,3
10806,0
10807,4
10808,2
10809,4
10810,3
10811,2
10812,4
10813,6
10814,1
10815,2
10816,6
10817,3
10818,4
10819,5
10820,3
10821,3
10822,1
10823,0
10824,2
10825,2
10826,2
10827,0
10828,1
10829,1
10830,3
10831,5
10832,5
10833,3
10834,3
10835,4
10836,2
10837,4
10838,2
10839,3
10840,1
10841,2
10842,4
10843,2
10844,2
10845,7
10846,2
10847,1
10848,3
10849,2
10850,5
10851,2
10852,4
10853,2
10854,3
10855,1
10856,0
10857,8
10858,2
10859,0
10860,0
10861,0
10862,5
10863,2
10864,0
10865,6
10866,1
10867,3
10868,1
10869,3
10870,3
10871,1
10872,0
10873,2
10874,0
10875,2
10876,3
10877,3
10878,7
10879,2
10880,1
10881,2
10882,1
10883,1
10884,3
10885,4
10886,2
10887,3
10888,2
10889,4
10890,7
10891,1
10892,4
10893,4
10894,4
10895,2
10896,4
10897,1
10898,1
10899,2
10900,1
10901,1
10902,4
10903,3
10904,5
10905,5
10906,3
10907,2
10908,6
10909,4
10910,2
10911,1
10912,1
10913,2
10914,0
10915,1
10916,5
10917,2
10918,3
10919,2
10920,5
10921,2
10922,2
10923,1
10924,3
10925,3
10926,2
10927,0
10928,4
10929,1
10930,1
10931,3
10932,5
10933,1
10934,4
10935,6
10936,5
10937,0
10938,5
10939,1
10940,2
10941,2
10942,1
10943,6
10944,2
10945,2
10946,3
10947,5
10948,0
10949,2
10950,2
10951,2
10952,4
10953,1
10954,3
10955,1
10956,1
10957,4
10958,1
10959,1
10960,6
10961,4
10962,4
10963,1
10964,3
10965,0
10966,2
10967,1
10968,2
10969,2
10970,1
10971,0
10972,3
10973,3
10974,5
10975,1
10976,0
10977,1
10978,2
10979,0
10980,2
10981,2
10982,6
10983,4
10984,2
10985,1
10986,4
10987,1
10988,3
10989,0
10990,4
10991,7
10992,5
10993,2
10994,4
10995,2
10996,4
10997,5
10998,5
10999,2
11000,1
11001,1
11002,2
11003,5
11004,2
11005,1
11006,3
11007,3
11008,7
11009,5
11010,4
11011,1
11012,1
11013,1
11014,1
11015,2
11016,0
11017,2
11018,6
11019,3
11020,0
11021,1
11022,6
11023,1
11024,2
11025,1
11026,2
11027,0
11028,7
11029,4
11030,2
11031,2
11032,5
11033,5
11034,3
11035,2
11036,0
11037,5
11038,2
11039,3
11040,2
11041,4
11042,2
11043,1
11044,0
11045,2
11046,4
11047,0
11048,1
11049,3
11050,0
11051,3
11052,3
11053,6
11054,1
11055,5
11056,0
11057,2
11058,2
11059,4
11060,4
11061,2
11062,4
11063,1
11064,2
11065,0
11066,1
11067,5
11068,6
11069,7
11070,6
11071,0
11072,5
11073,4
11074,0
11075,3
11076,3
11077,3
11078,3
11079,3
11080,0
11081,2
11082,1
11083,1
11084,4
11085,0
11086,2
11087,0
11088,0
11089,1
11090,2
11091,1
11092,3
11093,2
11094,3
11095,2
11096,1
11097,1
11098,1
11099,4
11100,0
11101,4
11102,5
11103,0
11104,3
11105,5
11106,1
11107,1
11108,2
11109,4
11110,1
11111,2
11112,2
11113,3
11114,2
11115,3
11116,4
11117,4
11118,5
11119,2
11120,2
11121,3
11122,1
11123,2
11124,2
11125,0
11126,1
11127,1
11128,1
11129,0
11130,4
11131,4
11132,4
11133,3
11134,3
11135,0
11136,1
11137,0
11138,0
11139,3
11140,5
11141,3
11142,1
11143,4
11144,1
11145,3
11146,3
11147,1
11148,1
11149,3
11150,3
11151,3
11152,4
11153,1
11154,4
11155,4
11156,3
11157,5
11158,4
11159,1
11160,5
11161,0
11162,4
11163,3
11164,0
11165,0
11166,3
11167,4
11168,4
11169,2
11170,6
11171,3
11172,0
11173,6
11174,4
11175,4
11176,1
11177,3
11178,4
11179,6
11180,5
11181,4
11182,1
11183,4
11184,4
11185,4
11186,7
11187,2
11188,3
11189,3
11190,3
11191,0
11192,3
11193,4
11194,2
11195,1
11196,1
11197,3
11198,5
11199,5
11200,3
11201,2
11202,2
11203,3
11204,3
11205,2
11206,0
11207,4
11208,5
11209,3
11210,5
11211,2
11212,7
11213,4
11214,4
11215,3
11216,2
11217,5
11218,0
11219,0
11220,0
11221,4
11222,1
11223,5
11224,1
11225,3
11226,4
11227,0
11228,1
11229,3
11230,1
11231,1
11232,2
11233,2
11234,3
11235,3
11236,0
11237,3
11238,0
11239,3
11240,2
11241,3
11242,3
11243,2
11244,1
11245,3
11246,3
11247,2
11248,3
11249,2
11250,4
11251,1
11252,3
11253,3
11254,2
11255,2
11256,0
11257,2
11258,6
11259,2
11260,1
11261,4
11262,1
11263,4
11264,0
11265,3
11266,2
11267,1
11268,3
11269,7
11270,1
11271,2
11272,1
11273,4
11274,1
11275,2
11276,5
11277,1
11278,1
11279,2
11280,4
11281,1
11282,5
11283,2
11284,2
11285,1
11286,5
11287,5
11288,1
11289,3
11290,4
11291,4
11292,3
11293,6
11294,2
11295,3
11296,1
11297,4
11298,1
11299,4
11300,5
11301,3
11302,0
11303,6
11304,1
11305,7
11306,4
11307,2
11308,3
11309,2
11310,4
11311,5
11312,3
11313,4
11314,4
11315,2
11316,1
11317,1
11318,5
11319,2
11320,3
11321,1
11322,3
11323,1
11324,0
11325,1
11326,5
11327,5
11328,1
11329,2
11330,3
11331,3
11332,2
11333,3
11334,1
11335,4
11336,1
11337,4
11338,5
11339,4
11340,0
11341,1
11342,2
11343,3
11344,6
11345,5
11346,1
11347,0
11348,0
11349,2
11350,2
11351,4
11352,2
11353,8
11354,4
11355,1
11356,3
11357,2
11358,2
11359,2
11360,2
11361,2
11362,1
11363,0
11364,1
11365,4
11366,2
11367,2
11368,4
11369,2
11370,3
11371,0
11372,6
11373,2
11374,1
11375,1
11376,3
11377,2
11378,3
11379,2
11380,3
11381,2
11382,2
11383,3
11384,6
11385,5
11386,2
11387,1
11388,2
11389,2
11390,0
11391,5
11392,3
11393,2
11394,2
11395,1
11396,4
11397,1
11398,4
11399,1
11400,2
11401,1
11402,2
11403,4
11404,2
11405,3
11406,2
11407,0
11408,2
11409,3
11410,2
11411,2
11412,2
11413,4
11414,3
11415,3
11416,4
11417,0
11418,3
11419,2
11420,2
11421,1
11422,7
11423,2
11424,4
11425,3
11426,2
11427,1
11428,1
11429,6
11430,2
11431,3
11432,4
11433,3
11434,6
11435,4
11436,0
11437,2
11438,4
11439,4
11440,4
11441,1
11442,4
11443,2
11444,2
11445,5
11446,4
11447,1
11448,3
11449,1
11450,5
11451,2
11452,7
11453,3
11454,3
11455,0
11456,5
11457,3
11458,0
11459,3
11460,1
11461,6
11462,5
11463,5
11464,0
11465,3
11466,1
11467,0
11468,5
11469,1
11470,3
11471,3
11472,3
11473,1
11474,1
11475,2
11476,6
11477,7
11478,5
11479,4
11480,3
11481,1
11482,0
11483,5
11484,3
11485,4
11486,3
11487,4
11488,3
11489,2
11490,2
11491,2
11492,1
11493,3
11494,2
11495,2
11496,1
11497,4
11498,2
11499,0
11500,5
11501,0
11502,1
11503,4
11504,2
11505,0
11506,6
11507,0
11508,0
11509,3
11510,5
11511,2
11512,5
11513,0
11514,5
11515,2
11516,3
11517,3
11518,6
11519,2
11520,2
11521,4
11522,4
11523,3
11524,4
11525,0
11526,3
11527,1
11528,6
11529,4
11530,2
11531,4
11532,1
11533,6
11534,1
11535,5
11536,2
11537,4
11538,4
11539,6
11540,6
11541,2
11542,2
11543,4
11544,3
11545,1
11546,5
11547,5
11548,7
11549,4
11550,1
11551,5
11552,3
11553,2
11554,0
11555,5
11556,0
11557,2
11558,2
11559,2
11560,3
11561,2
11562,4
11563,4
11564,5
11565,2
11566,2
11567,1
11568,0
11569,2
11570,3
11571,4
11572,3
11573,3
11574,0
11575,5
11576,2
11577,5
11578,1
11579,2
11580,2
11581,2
11582,2
11583,2
11584,6
11585,0
11586,4
11587,2
11588,2
11589,3
11590,2
11591,3
11592,4
11593,2
11594,3
11595,6
11596,2
11597,5
11598,2
11599,2
11600,6
11601,5
11602,2
11603,2
11604,2
11605,2
11606,0
11607,3
11608,2
11609,1
11610,1
11611,3
11612,5
11613,3
11614,4
11615,2
11616,3
11617,2
11618,5
11619,4
11620,2
11621,5
11622,4
11623,3
11624,5
11625,6
11626,2
11627,3
11628,3
11629,5
11630,3
11631,2
11632,6
11633,1
11634,1
11635,3
11636,1
11637,1
11638,0
11639,2
11640,2
11641,1
11642,1
11643,5
11644,6
11645,5
11646,3
11647,1
11648,0
11649,3
11650,4
11651,2
11652,1
11653,4
11654,1
11655,4
11656,3
11657,5
11658,1
11659,2
11660,1
11661,6
11662,5
11663,4
11664,2
11665,1
11666,1
11667,1
11668,5
11669,3
11670,1
11671,3
11672,3
11673,5
11674,2
11675,5
11676,2
11677,5
11678,2
11679,4
11680,5
11681,2
11682,3
11683,1
11684,4
11685,0
11686,3
11687,4
11688,0
11689,4
11690,1
11691,3
11692,5
11693,2
11694,7
11695,4
11696,1
11697,2
11698,0
11699,2
11700,6
11701,6
11702,4
11703,5
11704,0
11705,2
11706,4
11707,4
11708,6
11709,6
11710,1
11711,0
11712,1
11713,4
11714,4
11715,3
11716,7
11717,2
11718,3
11719,2
11720,3
11721,3
11722,2
11723,2
11724,3
11725,1
11726,3
11727,5
11728,4
11729,1
11730,2
11731,4
11732,5
11733,5
11734,1
11735,4
11736,1
11737,4
11738,5
11739,4
11740,2
11741,6
11742,1
11743,1
11744,1
11745,4
11746,3
11747,2
11748,3
11749,4
11750,4
11751,2
11752,2
11753,5
11754,3
11755,4
11756,4
11757,0
11758,4
11759,3
11760,2
11761,3
11762,1
11763,2
11764,3
11765,3
11766,0
11767,5
11768,2
11769,3
11770,2
11771,0
11772,0
11773,3
11774,1
11775,2
11776,4
11777,7
11778,0
11779,2
11780,3
11781,1
11782,1
11783,3
11784,2
11785,3
11786,0
11787,0
11788,3
11789,3
11790,2
11791,1
11792,2
11793,2
11794,7
11795,3
11796,3
11797,1
11798,2
11799,2
11800,2
11801,4
11802,2
11803,4
11804,1
11805,2
11806,1
11807,2
11808,0
11809,6
11810,5
11811,1
11812,4
11813,3
11814,8
11815,3
11816,2
11817,3
11818,4
11819,6
11820,2
11821,1
11822,5
11823,1
11824,2
11825,2
11826,2
11827,7
11828,5
11829,2
11830,2
11831,5
11832,5
11833,1
11834,3
11835,2
11836,3
11837,3
11838,1
11839,2
11840,2
11841,3
11842,2
11843,2
11844,3
11845,2
11846,3
11847,1
11848,6
11849,2
11850,1
11851,0
11852,6
11853,3
11854,2
11855,3
11856,2
11857,1
11858,2
11859,2
11860,7
11861,0
11862,5
11863,3
11864,3
11865,5
11866,1
11867,2
11868,7
11869,1
11870,1
11871,3
11872,3
11873,4
11874,0
11875,2
11876,3
11877,1
11878,4
11879,0
11880,0
11881,5
11882,5
11883,4
11884,3
11885,0
11886,4
11887,5
11888,4
11889,1
11890,4
11891,1
11892,5
11893,2
11894,1
11895,2
11896,4
11897,2
11898,5
11899,3
11900,0
11901,5
11902,2
11903,7
11904,4
11905,4
11906,5
11907,1
11908,5
11909,4
11910,5
11911,5
11912,3
11913,4
11914,2
11915,0
11916,3
11917,2
11918,4
11919,4
11920,4
11921,4
11922,1
11923,4
11924,5
11925,3
11926,4
11927,2
11928,0
11929,2
11930,3
11931,2
11932,1
11933,3
11934,0
11935,3
11936,1
11937,1
11938,2
11939,4
11940,1
11941,5
11942,1
11943,4
11944,3
11945,1
11946,3
11947,1
11948,5
11949,6
11950,2
11951,2
11952,2
11953,1
11954,2
11955,3
11956,0
11957,3
11958,1
11959,1
11960,5
11961,6
11962,1
11963,5
11964,4
11965,2
11966,4
11967,5
11968,5
11969,1
11970,2
11971,1
11972,3
11973,0
11974,3
11975,4
11976,3
11977,1
11978,4
11979,0
11980,0
11981,4
11982,6
11983,5
11984,2
11985,4
11986,5
11987,4
11988,3
11989,6
11990,0
11991,4
11992,3
11993,5
11994,1
11995,1
11996,3
11997,1
11998,1
11999,0
12000,2
12001,4
12002,4
12003,2
12004,4
12005,2
12006,2
12007,2
12008,1
12009,3
12010,4
12011,2
12012,1
12013,3
12014,4
12015,1
12016,1
12017,3
12018,2
12019,5
12020,2
12021,2
12022,1
12023,1
12024,1
12025,2
12026,4
12027,5
12028,2
12029,0
12030,4
12031,3
12032,2
12033,0
12034,7
12035,6
12036,1
12037,2
12038,2
12039,3
12040,1
12041,3
12042,0
12043,2
12044,5
12045,6
12046,3
12047,1
12048,4
12049,3
12050,3
12051,7
12052,1
12053,7
12054,1
12055,1
12056,6
12057,2
12058,2
12059,6
12060,3
12061,0
12062,2
12063,2
12064,1
12065,2
12066,4
12067,3
12068,4
12069,2
12070,2
12071,1
12072,5
12073,0
12074,3
12075,3
12076,3
12077,5
12078,3
12079,2
12080,2
12081,6
12082,3
12083,5
12084,5
12085,2
12086,5
12087,3
12088,3
12089,5
12090,0
12091,1
12092,1
12093,1
12094,3
12095,1
12096,5
12097,4
12098,4
12099,3
12100,1
12101,1
12102,5
12103,0
12104,5
12105,2
12106,0
12107,2
12108,3
12109,3
12110,7
12111,0
12112,6
12113,1
12114,1
12115,5
12116,0
12117,3
12118,0
12119,6
12120,1
12121,3
12122,0
12123,7
12124,2
12125,2
12126,5
12127,1
12128,1
12129,4
12130,5
12131,0
12132,6
12133,4
12134,4
12135,7
12136,4
12137,2
12138,2
12139,6
12140,0
12141,3
12142,1
12143,4
12144,1
12145,1
12146,5
12147,2
12148,4
12149,4
12150,3
12151,6
12152,5
12153,6
12154,5
12155,3
12156,3
12157,3
12158,2
12159,2
12160,1
12161,2
12162,4
12163,4
12164,1
12165,5
12166,0
12167,7
12168,0
12169,5
12170,4
12171,2
12172,3
12173,6
12174,1
12175,0
12176,2
12177,5
12178,1
12179,7
12180,1
12181,4
12182,0
12183,3
12184,4
12185,1
12186,6
12187,1
12188,1
12189,2
12190,1
12191,2
12192,4
12193,6
12194,5
12195,0
12196,2
12197,3
12198,5
12199,6
12200,0
12201,1
12202,1
12203,3
12204,6
12205,5
12206,1
12207,3
12208,2
12209,3
12210,6
12211,1
12212,2
12213,5
12214,2
12215,6
12216,1
12217,2
12218,7
12219,0
12220,5
12221,4
12222,4
12223,1
12224,1
12225,2
12226,2
12227,7
12228,3
12229,4
12230,1
12231,4
12232,2
12233,0
12234,3
12235,6
12236,1
12237,6
12238,2
12239,2
12240,0
12241,2
12242,3
12243,3
12244,3
12245,2
12246,0
12247,6
12248,3
12249,5
12250,3
12251,1
12252,5
12253,2
12254,2
12255,1
12256,0
12257,2
12258,3
12259,3
12260,0
12261,4
12262,7
12263,2
12264,1
12265,4
12266,2
12267,4
12268,2
12269,5
12270,1
12271,6
12272,3
12273,0
12274,0
12275,6
12276,0
12277,2
12278,3
12279,2
12280,5
12281,0
12282,6
12283,1
12284,3
12285,2
12286,0
12287,2
12288,3
12289,3
12290,6
12291,5
12292,4
12293,3
12294,1
12295,1
12296,5
12297,1
12298,3
12299,5
12300,4
12301,1
12302,0
12303,3
12304,3
12305,1
12306,5
12307,2
12308,5
12309,6
12310,1
12311,3
12312,1
12313,6
12314,1
12315,4
12316,2
12317,2
12318,6
12319,6
12320,6
12321,0
12322,1
12323,4
12324,0
12325,0
12326,4
12327,3
12328,3
12329,3
12330,5
12331,6
12332,2
12333,5
12334,5
12335,1
12336,3
12337,2
12338,2
12339,1
12340,6
12341,2
12342,2
12343,0
12344,2
12345,5
12346,4
12347,0
12348,3
12349,1
12350,1
12351,2
12352,0
12353,1
12354,3
12355,5
12356,6
12357,0
12358,4
12359,4
12360,2
12361,2
12362,2
12363,2
12364,3
12365,2
12366,2
12367,2
12368,7
12369,5
12370,2
12371,0
12372,3
12373,3
12374,1
12375,3
12376,3
12377,1
12378,4
12379,3
12380,5
12381,5
12382,3
12383,3
12384,4
12385,4
12386,2
12387,2
12388,2
12389,2
12390,2
12391,4
12392,5
12393,1
12394,5
12395,1
12396,2
12397,3
12398,7
12399,6
12400,5
12401,3
12402,3
12403,7
12404,2
12405,2
12406,1
12407,2
12408,2
12409,1
12410,1
12411,5
12412,5
12413,2
12414,3
12415,1
12416,5
12417,4
12418,6
12419,3
12420,2
12421,0
12422,2
12423,2
12424,2
12425,4
12426,2
12427,4
12428,0
12429,0
12430,3
12431,3
12432,2
12433,1
12434,2
12435,5
12436,2
12437,3
12438,1
12439,7
12440,5
12441,2
12442,3
12443,2
12444,2
12445,0
12446,1
12447,2
12448,4
12449,2
12450,2
12451,5
12452,2
12453,3
12454,0
12455,1
12456,3
12457,0
12458,3
12459,2
12460,3
12461,2
12462,3
12463,0
12464,3
12465,1
12466,1
12467,0
12468,1
12469,5
12470,3
12471,2
12472,2
12473,0
12474,5
12475,0
12476,6
12477,7
12478,5
12479,4
12480,2
12481,2
12482,2
12483,4
12484,2
12485,3
12486,2
12487,0
12488,2
12489,0
12490,2
12491,0
12492,3
12493,0
12494,3
12495,3
12496,4
12497,1
12498,1
12499,1
12500,3
12501,3
12502,9
12503,4
12504,0
12505,3
12506,2
12507,5
12508,0
12509,3
12510,3
12511,4
12512,1
12513,0
12514,3
12515,4
12516,6
12517,2
12518,3
12519,1
12520,1
12521,1
12522,0
12523,3
12524,1
12525,4
12526,4
12527,1
12528,3
12529,1
12530,1
12531,2
12532,5
12533,5
12534,5
12535,1
12536,1
12537,0
12538,2
12539,2
12540,7
12541,3
12542,0
12543,3
12544,3
12545,2
12546,4
12547,2
12548,4
12549,2
12550,1
12551,3
12552,4
12553,2
12554,2
12555,1
12556,4
12557,3
12558,1
12559,2
12560,1
12561,1
12562,6
12563,6
12564,0
12565,6
12566,2
12567,2
12568,2
12569,3
12570,1
12571,1
12572,3
12573,2
12574,3
12575,3
12576,1
12577,4
12578,2
12579,5
12580,0
12581,3
12582,1
12583,3
12584,1
12585,1
12586,2
12587,3
12588,4
12589,7
12590,4
12591,5
12592,2
12593,2
12594,4
12595,2
12596,4
12597,7
12598,1
12599,5
12600,4
12601,7
12602,3
12603,2
12604,3
12605,4
12606,2
12607,3
12608,4
12609,2
12610,2
12611,3
12612,2
12613,2
12614,4
12615,0
12616,0
12617,3
12618,3
12619,0
12620,6
12621,5
12622,5
12623,6
12624,4
12625,1
12626,5
12627,1
12628,3
12629,2
12630,3
12631,3
12632,3
12633,4
12634,2
12635,2
12636,3
12637,2
12638,4
12639,2
12640,3
12641,2
12642,1
12643,0
12644,3
12645,2
12646,5
12647,2
12648,2
12649,0
12650,6
12651,1
12652,6
12653,5
12654,0
12655,3
12656,4
12657,4
12658,2
12659,2
12660,5
12661,1
12662,3
12663,3
12664,6
12665,3
12666,1
12667,5
12668,5
12669,1
12670,2
12671,0
12672,5
12673,1
12674,3
12675,1
12676,3
12677,2
12678,2
12679,4
12680,2
12681,2
12682,2
12683,0
12684,0
12685,4
12686,1
12687,4
12688,0
12689,0
12690,4
12691,0
12692,0
12693,2
12694,3
12695,5
12696,2
12697,3
12698,7
12699,3
12700,1
12701,4
12702,3
12703,2
12704,3
12705,2
12706,4
12707,2
12708,6
12709,2
12710,1
12711,3
12712,2
12713,2
12714,0
12715,4
12716,3
12717,2
12718,3
12719,3
12720,5
12721,0
12722,1
12723,1
12724,1
12725,2
12726,0
12727,1
12728,3
12729,2
12730,1
12731,2
12732,2
12733,5
12734,0
12735,1
12736,2
12737,4
12738,3
12739,0
12740,1
12741,3
12742,1
12743,3
12744,3
12745,4
12746,1
12747,7
12748,4
12749,3
12750,3
12751,1
12752,3
12753,2
12754,2
12755,1
12756,3
12757,6
12758,7
12759,4
12760,3
12761,4
12762,3
12763,2
12764,2
12765,1
12766,4
12767,0
12768,3
12769,3
12770,1
12771,1
12772,3
12773,2
12774,7
12775,4
12776,0
12777,1
12778,1
12779,0
12780,5
12781,3
12782,1
12783,0
12784,1
12785,2
12786,2
12787,1
12788,2
12789,1
12790,3
12791,0
12792,2
12793,1
12794,3
12795,3
12796,6
12797,0
12798,6
12799,2
12800,2
12801,5
12802,5
12803,2
12804,4
12805,1
12806,3
12807,5
12808,4
12809,3
12810,3
12811,3
12812,5
12813,1
12814,3
12815,4
12816,3
12817,2
12818,5
12819,2
12820,3
12821,4
12822,0
12823,5
12824,4
12825,3
12826,2
12827,1
12828,4
12829,3
12830,0
12831,6
12832,5
12833,5
12834,3
12835,2
12836,2
12837,3
12838,2
12839,1
12840,5
12841,4
12842,4
12843,0
12844,2
12845,0
12846,4
12847,4
12848,3
12849,1
12850,5
12851,1
12852,2
12853,5
12854,6
12855,4
12856,0
12857,7
12858,5
12859,4
12860,1
12861,5
12862,2
12863,3
12864,2
12865,2
12866,4
12867,4
12868,1
12869,6
12870,1
12871,3
12872,1
12873,4
12874,3
12875,5
12876,3
12877,5
12878,4
12879,5
12880,6
12881,2
12882,1
12883,1
12884,2
12885,6
12886,1
12887,3
12888,3
12889,2
12890,6
12891,4
12892,5
12893,1
12894,1
12895,0
12896,1
12897,2
12898,2
12899,3
12900,1
12901,1
12902,3
12903,2
12904,4
12905,2
12906,2
12907,2
12908,1
12909,1
12910,3
12911,3
12912,2
12913,1
12914,3
12915,0
12916,1
12917,2
12918,5
12919,1
12920,5
12921,3
12922,2
12923,1
12924,5
12925,3
12926,5
12927,1
12928,1
12929,4
12930,4
12931,2
12932,6
12933,6
12934,7
12935,4
12936,2
12937,1
12938,4
12939,4
12940,1
12941,2
12942,3
12943,2
12944,3
12945,0
12946,4
12947,1
12948,2
12949,6
12950,1
12951,5
12952,1
12953,4
12954,4
12955,5
12956,0
12957,1
12958,1
12959,4
12960,2
12961,4
12962,1
12963,2
12964,1
12965,2
12966,2
12967,1
12968,0
12969,3
12970,1
12971,2
12972,2
12973,1
12974,1
12975,2
12976,3
12977,3
12978,3
12979,5
12980,2
12981,1
12982,2
12983,3
12984,1
12985,0
12986,3
12987,4
12988,3
12989,3
12990,1
12991,3
12992,3
12993,4
12994,0
12995,1
12996,2
12997,2
12998,2
12999,5
13000,1
13001,3
13002,2
13003,2
13004,2
13005,6
13006,2
13007,3
13008,4
13009,4
13010,3
13011,3
13012,6
13013,2
13014,0
13015,2
13016,3
13017,2
13018,2
13019,5
13020,3
13021,2
13022,1
13023,2
13024,2
13025,0
13026,3
13027,3
13028,6
13029,0
13030,2
13031,5
13032,2
13033,0
13034,3
13035,3
13036,2
13037,5
13038,1
13039,2
13040,4
13041,0
13042,3
13043,4
13044,6
13045,3
13046,1
13047,2
13048,1
13049,7
13050,3
13051,6
13052,1
13053,5
13054,1
13055,5
13056,0
13057,3
13058,5
13059,1
13060,1
13061,3
13062,2
13063,2
13064,1
13065,5
13066,2
13067,3
13068,0
13069,0
13070,2
13071,5
13072,1
13073,1
13074,6
13075,2
13076,3
13077,4
13078,1
13079,2
13080,3
13081,0
13082,5
13083,2
13084,4
13085,0
13086,0
13087,2
13088,1
13089,3
13090,5
13091,1
13092,2
13093,0
13094,1
13095,2
13096,1
13097,3
13098,2
13099,2
13100,2
13101,4
13102,3
13103,2
13104,5
13105,6
13106,0
13107,4
13108,1
13109,7
13110,3
13111,0
13112,4
13113,1
13114,5
13115,3
13116,3
13117,4
13118,1
13119,1
13120,0
13121,7
13122,2
13123,0
13124,4
13125,3
13126,3
13127,2
13128,2
13129,4
13130,3
13131,2
13132,2
13133,0
13134,3
13135,1
13136,5
13137,1
13138,5
13139,0
13140,2
13141,4
13142,2
13143,1
13144,4
13145,3
13146,0
13147,5
13148,2
13149,1
13150,1
13151,5
13152,3
13153,0
13154,4
13155,7
13156,6
13157,3
13158,4
13159,4
13160,3
13161,3
13162,2
13163,2
13164,1
13165,4
13166,6
13167,2
13168,1
13169,4
13170,2
13171,3
13172,3
13173,1
13174,1
13175,3
13176,3
13177,1
13178,1
13179,3
13180,4
13181,1
13182,5
13183,1
13184,4
13185,5
13186,1
13187,2
13188,2
13189,2
13190,1
13191,2
13192,3
13193,1
13194,0
13195,5
13196,4
13197,6
13198,5
13199,2
13200,3
13201,0
13202,2
13203,0
13204,2
13205,1
13206,0
13207,2
13208,6
13209,4
13210,4
13211,4
13212,7
13213,1
13214,1
13215,3
13216,0
13217,5
13218,0
13219,3
13220,3
13221,3
13222,3
13223,4
13224,4
13225,3
13226,4
13227,4
13228,1
13229,1
13230,5
13231,7
13232,2
13233,6
13234,4
13235,5
13236,4
13237,3
13238,2
13239,2
13240,5
13241,8
13242,4
13243,3
13244,5
13245,0
13246,2
13247,2
13248,1
13249,1
13250,4
13251,4
13252,4
13253,5
13254,7
13255,0
13256,1
13257,1
13258,2
13259,4
13260,4
13261,3
13262,2
13263,1
13264,3
13265,6
13266,2
13267,5
13268,3
13269,1
13270,6
13271,4
13272,3
13273,4
13274,0
13275,0
13276,4
13277,4
13278,1
13279,3
13280,2
13281,0
13282,4
13283,6
13284,2
13285,2
13286,2
13287,0
13288,0
13289,6
13290,6
13291,5
13292,1
13293,0
13294,6
13295,6
13296,2
13297,4
13298,5
13299,1
13300,6
13301,2
13302,4
13303,4
13304,2
13305,3
13306,4
13307,1
13308,2
13309,3
13310,1
13311,3
13312,1
13313,2
13314,5
13315,3
13316,5
13317,3
13318,2
13319,1
13320,0
13321,1
13322,3
13323,0
13324,1
13325,0
13326,6
13327,3
13328,3
13329,0
13330,2
13331,1
13332,5
13333,1
13334,2
13335,2
13336,0
13337,1
13338,2
13339,3
13340,2
13341,3
13342,2
13343,0
13344,2
13345,4
13346,0
13347,0
13348,0
13349,5
13350,4
13351,2
13352,4
13353,7
13354,5
13355,5
13356,1
13357,2
13358,5
13359,3
13360,1
13361,2
13362,2
13363,5
13364,4
13365,4
13366,3
13367,4
13368,1
13369,5
13370,1
13371,3
13372,5
13373,3
13374,2
13375,3
13376,3
13377,2
13378,4
13379,2
13380,8
13381,3
13382,0
13383,2
13384,3
13385,2
13386,4
13387,4
13388,3
13389,5
13390,3
13391,5
13392,5
13393,3
13394,3
13395,6
13396,6
13397,3
13398,1
13399,2
13400,3
13401,3
13402,4
13403,4
13404,5
13405,1
13406,5
13407,4
13408,0
13409,2
13410,6
13411,2
13412,2
13413,5
13414,3
13415,0
13416,2
13417,0
13418,1
13419,5
13420,3
13421,0
13422,3
13423,5
13424,1
13425,4
13426,0
13427,3
13428,3
13429,2
13430,6
13431,1
13432,0
13433,2
13434,1
13435,7
13436,0
13437,6
13438,2
13439,4
13440,3
13441,3
13442,4
13443,4
13444,2
13445,5
13446,2
13447,2
13448,3
13449,4
13450,5
13451,6
13452,4
13453,1
13454,2
13455,3
13456,1
13457,3
13458,4
13459,4
13460,1
13461,2
13462,0
13463,2
13464,2
13465,4
13466,0
13467,2
13468,3
13469,1
13470,2
13471,2
13472,2
13473,1
13474,6
13475,2
13476,0
13477,2
13478,4
13479,2
13480,1
13481,3
13482,2
13483,0
13484,2
13485,3
13486,4
13487,3
13488,4
13489,2
13490,6
13491,2
13492,0
13493,1
13494,3
13495,2
13496,3
13497,0
13498,1
13499,2
13500,2
13501,3
13502,0
13503,6
13504,0
13505,4
13506,5
13507,2
13508,2
13509,2
13510,4
13511,2
13512,3
13513,0
13514,3
13515,2
13516,3
13517,2
13518,4
13519,3
13520,3
13521,2
13522,2
13523,5
13524,2
13525,5
13526,2
13527,6
13528,2
13529,2
13530,5
13531,5
13532,3
13533,5
13534,0
13535,4
13536,3
13537,6
13538,6
13539,4
13540,1
13541,5
13542,2
13543,2
13544,8
13545,2
13546,0
13547,2
13548,2
13549,1
13550,0
13551,3
13552,2
13553,4
13554,1
13555,1
13556,4
13557,3
13558,3
13559,0
13560,1
13561,5
13562,4
13563,5
13564,0
13565,2
13566,0
13567,3
13568,6
13569,5
13570,4
13571,0
13572,1
13573,1
13574,0
13575,2
13576,2
13577,3
13578,2
13579,0
13580,3
13581,2
13582,5
13583,5
13584,4
13585,4
13586,1
13587,4
13588,2
13589,3
13590,1
13591,3
13592,0
13593,1
13594,3
13595,3
13596,2
13597,3
13598,3
13599,6
13600,2
13601,4
13602,5
13603,1
13604,6
13605,1
13606,3
13607,3
13608,2
13609,5
13610,2
13611,5
13612,2
13613,7
13614,2
13615,1
13616,4
13617,3
13618,5
13619,0
13620,5
13621,4
13622,2
13623,3
13624,1
13625,5
13626,2
13627,4
13628,2
13629,1
13630,4
13631,1
13632,3
13633,0
13634,5
13635,7
13636,1
13637,3
13638,2
13639,2
13640,2
13641,3
13642,0
13643,2
13644,2
13645,2
13646,1
13647,2
13648,4
13649,1
13650,1
13651,0
13652,2
13653,4
13654,6
13655,3
13656,1
13657,0
13658,3
13659,4
13660,0
13661,1
13662,2
13663,2
13664,3
13665,5
13666,0
13667,2
13668,4
13669,1
13670,0
13671,3
13672,4
13673,3
13674,7
13675,6
13676,1
13677,3
13678,2
13679,6
13680,2
13681,2
13682,1
13683,5
13684,2
13685,1
13686,2
13687,4
13688,2
13689,0
13690,3
13691,6
13692,5
13693,3
13694,0
13695,5
13696,1
13697,3
13698,5
13699,0
13700,2
13701,2
13702,3
13703,7
13704,3
13705,3
13706,5
13707,4
13708,0
13709,1
13710,0
13711,5
13712,4
13713,3
13714,3
13715,1
13716,4
13717,6
13718,2
13719,1
13720,3
13721,3
13722,1
13723,3
13724,2
13725,5
13726,0
13727,3
13728,4
13729,6
13730,2
13731,1
13732,3
13733,6
13734,3
13735,5
13736,3
13737,3
13738,5
13739,1
13740,2
13741,4
13742,6
13743,2
13744,1
13745,1
13746,5
13747,1
13748,2
13749,3
13750,2
13751,3
13752,2
13753,2
13754,3
13755,2
13756,0
13757,2
13758,1
13759,4
13760,1
13761,5
13762,3
13763,1
13764,4
13765,7
13766,4
13767,2
13768,5
13769,4
13770,2
13771,0
13772,5
13773,2
13774,0
13775,2
13776,1
13777,5
13778,2
13779,5
13780,1
13781,6
13782,4
13783,6
13784,3
13785,4
13786,5
13787,4
13788,6
13789,4
13790,1
13791,0
13792,4
13793,8
13794,4
13795,3
13796,3
13797,2
13798,5
13799,2
13800,2
13801,4
13802,1
13803,1
13804,5
13805,0
13806,4
13807,3
13808,3
13809,1
13810,1
13811,1
13812,3
13813,3
13814,3
13815,4
13816,0
13817,0
13818,2
13819,3
13820,2
13821,5
13822,5
13823,4
13824,3
13825,5
13826,4
13827,3
13828,3
13829,2
13830,4
13831,5
13832,5
13833,1
13834,1
13835,3
13836,5
13837,0
13838,6
13839,3
13840,5
13841,2
13842,2
13843,2
13844,3
13845,3
13846,1
13847,2
13848,1
13849,4
13850,3
13851,3
13852,1
13853,5
13854,4
13855,1
13856,2
13857,2
13858,3
13859,6
13860,3
13861,3
13862,0
13863,2
13864,2
13865,1
13866,2
13867,2
13868,1
13869,2
13870,2
13871,1
13872,4
13873,4
13874,5
13875,4
13876,1
13877,2
13878,0
13879,2
13880,2
13881,1
13882,3
13883,4
13884,4
13885,3
13886,2
13887,1
13888,1
13889,1
13890,2
13891,3
13892,3
13893,3
13894,3
13895,5
13896,2
13897,1
13898,3
13899,2
13900,1
13901,1
13902,4
13903,4
13904,1
13905,3
13906,3
13907,4
13908,1
13909,1
13910,4
13911,0
13912,3
13913,6
13914,2
13915,3
13916,2
13917,1
13918,3
13919,3
13920,5
13921,1
13922,2
13923,4
13924,3
13925,2
13926,0
13927,3
13928,0
13929,4
13930,2
13931,3
13932,3
13933,1
13934,4
13935,3
13936,2
13937,1
13938,4
13939,5
13940,1
13941,1
13942,1
13943,2
13944,3
13945,2
13946,4
13947,4
13948,2
13949,4
13950,5
13951,3
13952,5
13953,7
13954,1
13955,7
13956,6
13957,1
13958,1
13959,0
13960,2
13961,2
13962,4
13963,1
13964,2
13965,5
13966,1
13967,4
13968,5
13969,2
13970,5
13971,0
13972,2
13973,1
13974,8
13975,3
13976,5
13977,6
13978,6
13979,4
13980,2
13981,6
13982,4
13983,1
13984,1
13985,4
13986,3
13987,3
13988,2
13989,2
13990,1
13991,2
13992,0
13993,2
13994,1
13995,4
13996,4
13997,2
13998,2
13999,4
14000,5
14001,2
14002,3
14003,1
14004,4
14005,5
14006,2
14007,4
14008,6
14009,0
14010,1
14011,3
14012,4
14013,6
14014,2
14015,0
14016,0
14017,3
14018,1
14019,1
14020,4
14021,1
14022,3
14023,0
14024,1
14025,0
14026,5
14027,3
14028,7
14029,1
14030,1
14031,1
14032,0
14033,4
14034,3
14035,1
14036,2
14037,1
14038,3
14039,1
14040,3
14041,1
14042,7
14043,4
14044,5
14045,1
14046,0
14047,0
14048,2
14049,0
14050,3
14051,1
14052,4
14053,1
14054,2
14055,2
14056,4
14057,2
14058,0
14059,2
14060,6
14061,3
14062,2
14063,2
14064,5
14065,3
14066,0
14067,3
14068,1
14069,3
14070,2
14071,1
14072,5
14073,2
14074,4
14075,1
14076,2
14077,0
14078,4
14079,3
14080,2
14081,1
14082,4
14083,2
14084,2
14085,0
14086,0
14087,0
14088,1
14089,4
14090,1
14091,5
14092,1
14093,3
14094,3
14095,0
14096,4
14097,6
14098,1
14099,2
14100,4
14101,4
14102,3
14103,0
14104,1
14105,4
14106,5
14107,1
14108,4
14109,0
14110,4
14111,2
14112,3
14113,4
14114,5
14115,0
14116,3
14117,0
14118,5
14119,4
14120,4
14121,0
14122,0
14123,1
14124,3
14125,3
14126,3
14127,2
14128,1
14129,5
14130,2
14131,0
14132,4
14133,3
14134,1
14135,3
14136,4
14137,0
14138,4
14139,5
14140,6
14141,4
14142,3
14143,2
14144,3
14145,2
14146,1
14147,4
14148,3
14149,0
14150,2
14151,3
14152,4
14153,4
14154,4
14155,1
14156,1
14157,3
14158,1
14159,1
14160,5
14161,1
14162,2
14163,2
14164,1
14165,5
14166,1
14167,2
14168,2
14169,6
14170,3
14171,1
14172,4
14173,2
14174,3
14175,5
14176,2
14177,0
14178,5
14179,5
14180,6
14181,2
14182,1
14183,5
14184,3
14185,3
14186,1
14187,7
14188,4
14189,3
14190,4
14191,6
14192,4
14193,1
14194,5
14195,1
14196,2
14197,3
14198,2
14199,3
14200,4
14201,2
14202,4
14203,4
14204,2
14205,1
14206,3
14207,1
14208,2
14209,5
14210,2
14211,2
14212,5
14213,1
14214,4
14215,5
14216,3
14217,5
14218,3
14219,4
14220,3
14221,5
14222,1
14223,1
14224,5
14225,7
14226,4
14227,2
14228,1
14229,5
14230,4
14231,2
14232,2
14233,2
14234,5
14235,1
14236,6
14237,6
14238,1
14239,1
14240,2
14241,2
14242,2
14243,2
14244,1
14245,3
14246,2
14247,3
14248,3
14249,2
14250,3
14251,5
14252,7
14253,3
14254,2
14255,4
14256,3
14257,1
14258,5
14259,5
14260,2
14261,6
14262,3
14263,4
14264,2
14265,4
14266,2
14267,4
14268,4
14269,4
14270,0
14271,1
14272,0
14273,4
14274,2
14275,2
14276,3
14277,2
14278,4
14279,5
14280,0
14281,4
14282,0
14283,2
14284,2
14285,1
14286,1
14287,5
14288,6
14289,5
14290,3
14291,4
14292,4
14293,4
14294,1
14295,3
14296,0
14297,6
14298,5
14299,2
14300,2
14301,4
14302,3
14303,1
14304,2
14305,5
14306,5
14307,2
14308,2
14309,2
14310,1
14311,7
14312,2
14313,2
14314,2
14315,2
14316,2
14317,4
14318,3
14319,3
14320,1
14321,2
14322,2
14323,2
14324,3
14325,3
14326,3
14327,0
14328,1
14329,8
14330,2
14331,1
14332,5
14333,2
14334,2
14335,1
14336,2
14337,3
14338,5
14339,1
14340,0
14341,4
14342,2
14343,0
14344,2
14345,3
14346,4
14347,2
14348,2
14349,5
14350,3
14351,5
14352,3
14353,5
14354,0
14355,5
14356,3
14357,4
14358,2
14359,3
14360,4
14361,3
14362,2
14363,4
14364,0
14365,2
14366,4
14367,3
14368,0
14369,1
14370,4
14371,2
14372,0
14373,1
14374,2
14375,2
14376,3
14377,2
14378,2
14379,5
14380,1
14381,0
14382,2
14383,3
14384,0
14385,2
14386,4
14387,2
14388,7
14389,2
14390,6
14391,1
14392,0
14393,2
14394,3
14395,5
14396,0
14397,6
14398,3
14399,5
14400,3
14401,1
14402,2
14403,3
14404,2
14405,4
14406,5
14407,5
14408,0
14409,4
14410,4
14411,3
14412,2
14413,0
14414,5
14415,4
14416,3
14417,6
14418,5
14419,1
14420,4
14421,4
14422,2
14423,2
14424,3
14425,1
14426,3
14427,3
14428,1
14429,1
14430,0
14431,0
14432,3
14433,2
14434,2
14435,4
14436,1
14437,3
14438,1
14439,1
14440,3
14441,1
14442,3
14443,4
14444,5
14445,2
14446,1
14447,0
14448,3
14449,5
14450,4
14451,3
14452,3
14453,4
14454,1
14455,0
14456,7
14457,3
14458,3
14459,8
14460,1
14461,5
14462,4
14463,6
14464,2
14465,1
14466,0
14467,2
14468,2
14469,5
14470,5
14471,1
14472,0
14473,1
14474,1
14475,1
14476,4
14477,6
14478,2
14479,2
14480,6
14481,4
14482,1
14483,2
14484,3
14485,6
14486,4
14487,5
14488,5
14489,0
14490,2
14491,6
14492,2
14493,0
14494,2
14495,1
14496,0
14497,6
14498,5
14499,4
14500,2
14501,1
14502,0
14503,2
14504,2
14505,4
14506,0
14507,2
14508,1
14509,2
14510,3
14511,5
14512,0
14513,1
14514,7
14515,3
14516,3
14517,3
14518,3
14519,0
14520,2
14521,2
14522,5
14523,4
14524,4
14525,3
14526,1
14527,2
14528,4
14529,3
14530,3
14531,2
14532,7
14533,1
14534,3
14535,5
14536,3
14537,4
14538,5
14539,1
14540,2
14541,5
14542,3
14543,2
14544,1
14545,1
14546,4
14547,2
14548,1
14549,2
14550,3
14551,4
14552,3
14553,1
14554,5
14555,5
14556,4
14557,4
14558,1
14559,1
14560,7
14561,2
14562,1
14563,2
14564,2
14565,3
14566,2
14567,2
14568,4
14569,4
14570,2
14571,3
14572,1
14573,3
14574,2
14575,3
14576,0
14577,4
14578,2
14579,2
14580,2
14581,4
14582,1
14583,5
14584,4
14585,2
14586,3
14587,2
14588,3
14589,1
14590,3
14591,3
14592,2
14593,3
14594,5
14595,2
14596,2
14597,7
14598,1
14599,4
14600,5
14601,6
14602,5
14603,1
14604,6
14605,3
14606,0
14607,3
14608,3
14609,4
14610,3
14611,5
14612,4
14613,5
14614,2
14615,2
14616,5
14617,4
14618,6
14619,1
14620,3
14621,5
14622,3
14623,3
14624,4
14625,3
14626,2
14627,7
14628,2
14629,4
14630,3
14631,0
14632,4
14633,2
14634,3
14635,4
14636,1
14637,5
14638,2
14639,3
14640,0
14641,1
14642,2
14643,2
14644,2
14645,1
14646,5
14647,3
14648,3
14649,2
14650,1
14651,1
14652,3
14653,4
14654,2
14655,1
14656,2
14657,7
14658,1
14659,2
14660,5
14661,4
14662,6
14663,1
14664,5
14665,0
14666,4
14667,6
14668,4
14669,3
14670,1
14671,3
14672,3
14673,3
14674,2
14675,6
14676,4
14677,2
14678,3
14679,3
14680,3
14681,6
14682,4
14683,4
14684,1
14685,2
14686,4
14687,2
14688,0
14689,3
14690,4
14691,1
14692,1
14693,0
14694,3
14695,3
14696,1
14697,1
14698,6
14699,1
14700,1
14701,1
14702,8
14703,4
14704,2
14705,2
14706,2
14707,1
14708,2
14709,0
14710,5
14711,3
14712,5
14713,5
14714,1
14715,1
14716,3
14717,6
14718,3
14719,2
14720,2
14721,3
14722,2
14723,5
14724,5
14725,5
14726,0
14727,3
14728,1
14729,4
14730,2
14731,3
14732,5
14733,1
14734,2
14735,2
14736,3
14737,0
14738,3
14739,3
14740,3
14741,4
14742,3
14743,4
14744,1
14745,3
14746,7
14747,2
14748,2
14749,1
14750,6
14751,3
14752,3
14753,4
14754,2
14755,4
14756,3
14757,2
14758,1
14759,3
14760,4
14761,5
14762,4
14763,1
14764,0
14765,2
14766,2
14767,2
14768,0
14769,2
14770,2
14771,6
14772,3
14773,0
14774,2
14775,2
14776,5
14777,4
14778,5
14779,3
14780,6
14781,3
14782,2
14783,0
14784,5
14785,3
14786,2
14787,6
14788,2
14789,2
14790,4
14791,3
14792,1
14793,2
14794,6
14795,2
14796,0
14797,2
14798,2
14799,4
14800,1
14801,2
14802,4
14803,2
14804,4
14805,0
14806,6
14807,0
14808,0
14809,2
14810,1
14811,0
14812,2
14813,3
14814,1
14815,5
14816,0
14817,4
14818,5
14819,0
14820,5
14821,1
14822,6
14823,2
14824,3
14825,1
14826,3
14827,3
14828,5
14829,1
14830,2
14831,3
14832,2
14833,1
14834,6
14835,1
14836,5
14837,4
14838,1
14839,2
14840,3
14841,3
14842,2
14843,3
14844,2
14845,2
14846,2
14847,3
14848,5
14849,1
14850,5
14851,2
14852,4
14853,4
14854,3
14855,2
14856,3
14857,3
14858,5
14859,1
14860,1
14861,1
14862,2
14863,3
14864,2
14865,1
14866,5
14867,2
14868,3
14869,6
14870,3
14871,5
14872,5
14873,4
14874,2
14875,1
14876,6
14877,5
14878,2
14879,0
14880,2
14881,4
14882,6
14883,5
14884,3
14885,1
14886,2
14887,1
14888,1
14889,0
14890,1
14891,5
14892,5
14893,3
14894,3
14895,4
14896,3
14897,4
14898,5
14899,1
14900,2
14901,2
14902,6
14903,3
14904,4
14905,3
14906,1
14907,3
14908,3
14909,4
14910,2
14911,4
14912,2
14913,2
14914,2
14915,3
14916,1
14917,3
14918,6
14919,3
14920,2
14921,2
14922,5
14923,6
14924,0
14925,3
14926,6
14927,4
14928,0
14929,1
14930,2
14931,1
14932,1
14933,4
14934,2
14935,6
14936,3
14937,1
14938,2
14939,5
14940,3
14941,2
14942,2
14943,2
14944,6
14945,1
14946,2
14947,1
14948,3
14949,5
14950,1
14951,1
14952,3
14953,4
14954,4
14955,4
14956,1
14957,1
14958,0
14959,3
14960,3
14961,5
14962,2
14963,1
14964,1
14965,0
14966,3
14967,0
14968,2
14969,3
14970,4
14971,4
14972,2
14973,4
14974,1
14975,3
14976,1
14977,3
14978,2
14979,5
14980,6
14981,3
14982,2
14983,2
14984,6
14985,0
14986,3
14987,4
14988,2
14989,3
14990,3
14991,2
14992,3
14993,1
14994,4
14995,4
14996,0
14997,3
14998,6
14999,2
15000,0
15001,2
15002,3
15003,1
15004,4
15005,4
15006,2
15007,4
15008,1
15009,1
15010,3
15011,4
15012,6
15013,6
15014,6
15015,3
15016,2
15017,2
15018,7
15019,0
15020,3
15021,2
15022,4
15023,2
15024,2
15025,4
15026,4
15027,1
15028,2
15029,2
15030,1
15031,0
15032,6
15033,0
15034,5
15035,4
15036,3
15037,4
15038,2
15039,1
15040,4
15041,3
15042,1
15043,3
15044,6
15045,3
15046,0
15047,0
15048,0
15049,4
15050,3
15051,3
15052,2
15053,0
15054,4
15055,0
15056,3
15057,0
15058,3
15059,7
15060,3
15061,2
15062,1
15063,5
15064,0
15065,1
15066,3
15067,4
15068,3
15069,1
15070,4
15071,0
15072,1
15073,0
15074,3
15075,2
15076,5
15077,2
15078,2
15079,1
15080,5
15081,4
15082,1
15083,1
15084,2
15085,1
15086,1
15087,2
15088,0
15089,4
15090,2
15091,1
15092,4
15093,1
15094,1
15095,2
15096,3
15097,2
15098,3
15099,3
15100,0
15101,1
15102,5
15103,4
15104,1
15105,1
15106,7
15107,3
15108,0
15109,0
15110,3
15111,2
15112,2
15113,2
15114,4
15115,1
15116,8
15117,4
15118,0
15119,3
15120,0
15121,1
15122,1
15123,3
15124,4
15125,4
15126,0
15127,4
15128,1
15129,3
15130,4
15131,5
15132,4
15133,0
15134,6
15135,2
15136,0
15137,3
15138,4
15139,2
15140,2
15141,2
15142,1
15143,0
15144,5
15145,2
15146,0
15147,4
15148,4
15149,0
15150,1
15151,1
15152,3
15153,6
15154,1
15155,5
15156,3
15157,2
15158,3
15159,1
15160,1
15161,6
15162,3
15163,2
15164,3
15165,4
15166,5
15167,5
15168,0
15169,6
15170,0
15171,1
15172,2
15173,3
15174,1
15175,0
15176,1
15177,2
15178,5
15179,1
15180,0
15181,2
15182,3
15183,5
15184,5
15185,4
15186,4
15187,2
15188,2
15189,4
15190,1
15191,2
15192,2
15193,4
15194,2
15195,4
15196,1
15197,5
15198,2
15199,1
15200,2
15201,4
15202,8
15203,1
15204,2
15205,0
15206,5
15207,2
15208,2
15209,1
15210,4
15211,1
15212,3
15213,3
15214,3
15215,3
15216,2
15217,2
15218,3
15219,1
15220,3
15221,3
15222,5
15223,1
15224,2
15225,2
15226,3
15227,8
15228,1
15229,4
15230,3
15231,4
15232,4
15233,3
15234,2
15235,1
15236,1
15237,2
15238,1
15239,2
15240,4
15241,0
15242,1
15243,2
15244,2
15245,3
15246,1
15247,4
15248,2
15249,3
15250,4
15251,2
15252,1
15253,0
15254,3
15255,1
15256,2
15257,3
15258,5
15259,5
15260,0
15261,1
15262,3
15263,1
15264,0
15265,4
15266,5
15267,1
15268,5
15269,0
15270,2
15271,4
15272,4
15273,3
15274,0
15275,5
15276,4
15277,1
15278,0
15279,3
15280,4
15281,3
15282,4
15283,3
15284,1
15285,3
15286,3
15287,3
15288,4
15289,2
15290,3
15291,4
15292,2
15293,1
15294,2
15295,6
15296,1
15297,4
15298,2
15299,2
15300,2
15301,2
15302,2
15303,1
15304,0
15305,5
15306,1
15307,5
15308,4
15309,2
15310,2
15311,2
15312,1
15313,1
15314,0
15315,6
15316,5
15317,2
15318,2
15319,6
15320,3
15321,2
15322,5
15323,4
15324,0
15325,5
15326,2
15327,1
15328,4
15329,3
15330,2
15331,5
15332,0
15333,3
15334,0
15335,1
15336,1
15337,2
15338,3
15339,4
15340,4
15341,2
15342,0
15343,0
15344,4
15345,1
15346,0
15347,4
15348,5
15349,1
15350,4
15351,4
15352,1
15353,5
15354,1
15355,2
15356,1
15357,1
15358,7
15359,2
15360,4
15361,4
15362,1
15363,1
15364,3
15365,3
15366,3
15367,0
15368,5
15369,2
15370,1
15371,1
15372,0
15373,2
15374,1
15375,0
15376,3
15377,5
15378,1
15379,4
15380,4
15381,4
15382,4
15383,2
15384,4
15385,3
15386,6
15387,1
15388,1
15389,6
15390,4
15391,4
15392,1
15393,0
15394,2
15395,4
15396,2
15397,1
15398,6
15399,2
15400,2
15401,3
15402,3
15403,4
15404,0
15405,4
15406,2
15407,4
15408,3
15409,3
15410,2
15411,4
15412,1
15413,2
15414,1
15415,7
15416,5
15417,1
15418,2
15419,1
15420,3
15421,4
15422,4
15423,3
15424,4
15425,1
15426,2
15427,1
15428,1
15429,0
15430,1
15431,1
15432,4
15433,5
15434,2
15435,5
15436,2
15437,3
15438,3
15439,2
15440,5
15441,1
15442,3
15443,0
15444,4
15445,2
15446,3
15447,4
15448,4
15449,5
15450,2
15451,3
15452,6
15453,0
15454,5
15455,4
15456,2
15457,2
15458,2
15459,3
15460,1
15461,5
15462,3
15463,2
15464,2
15465,1
15466,2
15467,2
15468,3
15469,0
15470,3
15471,3
15472,3
15473,1
15474,0
15475,4
15476,2
15477,0
15478,0
15479,2
15480,1
15481,4
15482,2
15483,3
15484,1
15485,7
15486,1
15487,3
15488,3
15489,3
15490,3
15491,2
15492,0
15493,5
15494,3
15495,3
15496,6
15497,1
15498,3
15499,2
15500,1
15501,0
15502,4
15503,4
15504,3
15505,1
15506,4
15507,2
15508,1
15509,4
15510,6
15511,1
15512,0
15513,1
15514,4
15515,3
15516,4
15517,2
15518,2
15519,1
15520,2
15521,5
15522,2
15523,1
15524,4
15525,0
15526,2
15527,4
15528,2
15529,1
15530,3
15531,2
15532,6
15533,3
15534,3
15535,5
15536,0
15537,2
15538,1
15539,4
15540,3
15541,1
15542,5
15543,7
15544,1
15545,2
15546,3
15547,1
15548,1
15549,3
15550,4
15551,5
15552,1
15553,1
15554,1
15555,1
15556,0
15557,1
15558,5
15559,3
15560,5
15561,2
15562,1
15563,3
15564,2
15565,0
15566,1
15567,1
15568,1
15569,3
15570,7
15571,6
15572,0
15573,2
15574,2
15575,0
15576,2
15577,4
15578,2
15579,2
15580,3
15581,1
15582,4
15583,3
15584,6
15585,4
15586,4
15587,4
15588,6
15589,2
15590,2
15591,3
15592,2
15593,0
15594,0
15595,5
15596,7
15597,1
15598,3
15599,2
15600,6
15601,2
15602,0
15603,2
15604,3
15605,0
15606,5
15607,7
15608,4
15609,6
15610,1
15611,4
15612,3
15613,2
15614,3
15615,2
15616,2
15617,2
15618,2
15619,4
15620,2
15621,0
15622,0
15623,3
15624,3
15625,3
15626,0
15627,0
15628,3
15629,1
15630,2
15631,1
15632,1
15633,2
15634,2
15635,1
15636,4
15637,2
15638,2
15639,6
15640,6
15641,1
15642,3
15643,3
15644,2
15645,3
15646,5
15647,4
15648,0
15649,3
15650,3
15651,5
15652,2
15653,4
15654,1
15655,3
15656,5
15657,3
15658,2
15659,0
15660,2
15661,2
15662,3
15663,2
15664,7
15665,3
15666,6
15667,4
15668,1
15669,1
15670,2
15671,1
15672,3
15673,5
15674,2
15675,2
15676,1
15677,5
15678,2
15679,2
15680,4
15681,2
15682,3
15683,5
15684,1
15685,3
15686,5
15687,3
15688,4
15689,2
15690,1
15691,3
15692,3
15693,5
15694,2
15695,4
15696,1
15697,4
15698,2
15699,2
15700,3
15701,4
15702,6
15703,2
15704,3
15705,2
15706,3
15707,2
15708,1
15709,1
15710,2
15711,2
15712,3
15713,2
15714,3
15715,5
15716,5
15717,6
15718,5
15719,4
15720,2
15721,3
15722,2
15723,6
15724,3
15725,1
15726,4
15727,2
15728,1
15729,3
15730,3
15731,3
15732,4
15733,5
15734,2
15735,4
15736,5
15737,3
15738,2
15739,0
15740,3
15741,0
15742,2
15743,1
15744,3
15745,1
15746,2
15747,4
15748,0
15749,4
15750,3
15751,1
15752,0
15753,2
15754,5
15755,0
15756,1
15757,4
15758,5
15759,0
15760,3
15761,5
15762,1
15763,3
15764,5
15765,0
15766,3
15767,2
15768,6
15769,1
15770,0
15771,0
15772,2
15773,2
15774,0
15775,2
15776,2
15777,1
15778,6
15779,5
15780,4
15781,0
15782,2
15783,0
15784,4
15785,1
15786,4
15787,1
15788,6
15789,5
15790,2
15791,4
15792,1
15793,4
15794,3
15795,3
15796,5
15797,6
15798,3
15799,2
15800,2
15801,1
15802,5
15803,5
15804,2
15805,3
15806,3
15807,3
15808,7
15809,1
15810,4
15811,3
15812,2
15813,2
15814,1
15815,1
15816,0
15817,0
15818,0
15819,1
15820,7
15821,1
15822,1
15823,3
15824,3
15825,2
15826,2
15827,5
15828,2
15829,4
15830,4
15831,6
15832,4
15833,4
15834,6
15835,3
15836,3
15837,5
15838,5
15839,0
15840,4
15841,0
15842,4
15843,1
15844,5
15845,2
15846,1
15847,2
15848,5
15849,4
15850,0
15851,3
15852,1
15853,5
15854,3
15855,1
15856,5
15857,0
15858,1
15859,4
15860,4
15861,3
15862,7
15863,1
15864,0
15865,0
15866,1
15867,2
15868,1
15869,1
15870,1
15871,5
15872,3
15873,3
15874,2
15875,5
15876,3
15877,0
15878,2
15879,4
15880,5
15881,1
15882,5
15883,5
15884,3
15885,1
15886,3
15887,3
15888,2
15889,2
15890,3
15891,2
15892,1
15893,4
15894,0
15895,3
15896,6
15897,2
15898,1
15899,4
15900,4
15901,4
15902,5
15903,5
15904,2
15905,4
15906,4
15907,5
15908,3
15909,1
15910,4
15911,5
15912,3
15913,2
15914,3
15915,2
15916,0
15917,2
15918,6
15919,1
15920,3
15921,4
15922,4
15923,3
15924,1
15925,3
15926,4
15927,4
15928,5
15929,2
15930,0
15931,3
15932,2
15933,0
15934,1
15935,2
15936,5
15937,2
15938,3
15939,3
15940,4
15941,5
15942,1
15943,0
15944,0
15945,6
15946,1
15947,2
15948,5
15949,3
15950,4
15951,1
15952,7
15953,3
15954,2
15955,6
15956,1
15957,4
15958,3
15959,5
15960,8
15961,3
15962,5
15963,1
15964,3
15965,5
15966,2
15967,3
15968,4
15969,3
15970,0
15971,6
15972,4
15973,0
15974,3
15975,1
15976,2
15977,3
15978,2
15979,5
15980,1
15981,4
15982,1
15983,0
15984,1
15985,3
15986,0
15987,6
15988,1
15989,2
15990,0
15991,4
15992,0
15993,6
15994,0
15995,1
15996,4
15997,4
15998,0
15999,1
16000,4
16001,1
16002,0
16003,2
16004,1
16005,3
16006,2
16007,2
16008,5
16009,4
16010,3
16011,2
16012,4
16013,2
16014,3
16015,2
16016,1
16017,6
16018,3
16019,4
16020,1
16021,3
16022,2
16023,5
16024,1
16025,5
16026,2
16027,0
16028,3
16029,2
16030,2
16031,0
16032,2
16033,1
16034,2
16035,1
16036,0
16037,3
16038,2
16039,3
16040,3
16041,2
16042,4
16043,2
16044,0
16045,4
16046,1
16047,2
16048,2
16049,3
16050,1
16051,0
16052,4
16053,1
16054,4
16055,2
16056,2
16057,2
16058,4
16059,5
16060,6
16061,1
16062,4
16063,1
16064,4
16065,3
16066,1
16067,4
16068,0
16069,5
16070,0
16071,3
16072,2
16073,2
16074,3
16075,2
16076,2
16077,4
16078,0
16079,2
16080,0
16081,0
16082,2
16083,3
16084,4
16085,5
16086,3
16087,4
16088,1
16089,6
16090,2
16091,2
16092,1
16093,5
16094,4
16095,2
16096,2
16097,5
16098,3
16099,5
16100,2
16101,2
16102,1
16103,3
16104,5
16105,2
16106,6
16107,2
16108,3
16109,0
16110,4
16111,2
16112,3
16113,5
16114,0
16115,0
16116,4
16117,4
16118,4
16119,2
16120,4
16121,5
16122,2
16123,5
16124,1
16125,3
16126,2
16127,3
16128,2
16129,1
16130,3
16131,4
16132,7
16133,6
16134,3
16135,1
16136,2
16137,6
16138,3
16139,3
16140,1
16141,2
16142,3
16143,2
16144,5
16145,2
16146,3
16147,2
16148,3
16149,5
16150,5
16151,4
16152,0
16153,1
16154,4
16155,3
16156,3
16157,0
16158,2
16159,1
16160,3
16161,3
16162,2
16163,3
16164,6
16165,5
16166,5
16167,2
16168,3
16169,2
16170,2
16171,0
16172,4
16173,6
16174,4
16175,3
16176,2
16177,7
16178,4
16179,5
16180,2
16181,0
16182,0
16183,1
16184,3
16185,0
16186,5
16187,1
16188,6
16189,7
16190,1
16191,2
16192,4
16193,0
16194,2
16195,5
16196,5
16197,3
16198,5
16199,0
16200,2
16201,3
16202,6
16203,1
16204,1
16205,3
16206,6
16207,0
16208,1
16209,5
16210,1
16211,3
16212,2
16213,3
16214,6
16215,4
16216,1
16217,5
16218,0
16219,1
16220,0
16221,2
16222,4
16223,1
16224,3
16225,2
16226,0
16227,1
16228,1
16229,2
16230,3
16231,0
16232,1
16233,1
16234,6
16235,5
16236,2
16237,0
16238,7
16239,1
16240,5
16241,2
16242,2
16243,2
16244,3
16245,2
16246,6
16247,0
16248,2
16249,4
16250,1
16251,2
16252,2
16253,3
16254,5
16255,2
16256,4
16257,0
16258,2
16259,3
16260,3
16261,3
16262,2
16263,2
16264,3
16265,3
16266,3
16267,7
16268,1
16269,3
16270,4
16271,3
16272,0
16273,5
16274,2
16275,3
16276,2
16277,3
16278,2
16279,0
16280,3
16281,2
16282,1
16283,4
16284,0
16285,4
16286,4
16287,1
16288,2
16289,4
16290,5
16291,1
16292,3
16293,0
16294,1
16295,4
16296,4
16297,7
16298,2
16299,0
16300,3
16301,2
16302,0
16303,2
16304,4
16305,1
16306,2
16307,2
16308,4
16309,4
16310,2
16311,2
16312,5
16313,2
16314,2
16315,3
16316,8
16317,3
16318,0
16319,1
16320,1
16321,2
16322,3
16323,1
16324,0
16325,1
16326,5
16327,3
16328,2
16329,2
16330,4
16331,3
16332,1
16333,0
16334,3
16335,3
16336,2
16337,2
16338,0
16339,3
16340,4
16341,2
16342,0
16343,7
16344,4
16345,3
16346,6
16347,3
16348,3
16349,1
16350,0
16351,0
16352,3
16353,4
16354,2
16355,1
16356,5
16357,2
16358,5
16359,1
16360,0
16361,4
16362,1
16363,3
16364,3
16365,3
16366,0
16367,5
16368,0
16369,4
16370,2
16371,1
16372,2
16373,6
16374,2
16375,1
16376,1
16377,3
16378,4
16379,4
16380,1
16381,3
16382,3
16383,1
16384,3
16385,5
16386,3
16387,0
16388,3
16389,2
16390,3
16391,3
16392,0
16393,4
16394,3
16395,0
16396,0
16397,1
16398,0
16399,5
16400,1
16401,1
16402,1
16403,0
16404,4
16405,2
16406,2
16407,6
16408,1
16409,2
16410,3
16411,6
16412,4
16413,5
16414,2
16415,5
16416,4
16417,6
16418,5
16419,4
16420,1
16421,2
16422,3
16423,3
16424,0
16425,3
16426,2
16427,1
16428,1
16429,2
16430,4
16431,2
16432,3
16433,3
16434,1
16435,3
16436,3
16437,2
16438,1
16439,6
16440,2
16441,8
16442,4
16443,2
16444,5
16445,5
16446,3
16447,1
16448,4
16449,3
16450,1
16451,1
16452,4
16453,1
16454,0
16455,3
16456,0
16457,3
16458,3
16459,2
16460,5
16461,1
16462,3
16463,0
16464,4
16465,1
16466,1
16467,2
16468,1
16469,4
16470,4
16471,0
16472,0
16473,2
16474,4
16475,0
16476,4
16477,2
16478,0
16479,4
16480,0
16481,3
16482,3
16483,7
16484,0
16485,3
16486,4
16487,1
16488,2
16489,2
16490,2
16491,7
16492,2
16493,1
16494,3
16495,0
16496,3
16497,5
16498,5
16499,2
16500,1
16501,3
16502,4
16503,3
16504,2
16505,2
16506,3
16507,1
16508,1
16509,3
16510,2
16511,2
16512,3
16513,7
16514,1
16515,1
16516,1
16517,5
16518,4
16519,4
16520,2
16521,1
16522,0
16523,0
16524,2
16525,2
16526,7
16527,2
16528,1
16529,1
16530,2
16531,3
16532,2
16533,1
16534,4
16535,5
16536,5
16537,0
16538,5
16539,1
16540,3
16541,3
16542,2
16543,2
16544,0
16545,2
16546,2
16547,4
16548,3
16549,2
16550,0
16551,4
16552,2
16553,5
16554,2
16555,2
16556,1
16557,3
16558,2
16559,5
16560,5
16561,1
16562,7
16563,1
16564,5
16565,4
16566,5
16567,2
16568,4
16569,2
16570,3
16571,3
16572,3
16573,1
16574,2
16575,2
16576,3
16577,4
16578,2
16579,2
16580,1
16581,5
16582,2
16583,3
16584,3
16585,4
16586,5
16587,3
16588,1
16589,1
16590,2
16591,1
16592,1
16593,7
16594,1
16595,4
16596,2
16597,4
16598,5
16599,1
16600,3
16601,1
16602,3
16603,3
16604,2
16605,2
16606,3
16607,4
16608,2
16609,1
16610,0
16611,1
16612,1
16613,0
16614,1
16615,2
16616,3
16617,3
16618,3
16619,1
16620,5
16621,3
16622,2
16623,0
16624,1
16625,0
16626,2
16627,0
16628,2
16629,2
16630,3
16631,2
16632,4
16633,3
16634,0
16635,3
16636,0
16637,2
16638,2
16639,5
16640,3
16641,3
16642,1
16643,3
16644,4
16645,1
16646,3
16647,0
16648,0
16649,5
16650,4
16651,6
16652,2
16653,3
16654,4
16655,2
16656,0
16657,2
16658,4
16659,3
16660,3
16661,7
16662,5
16663,5
16664,0
16665,1
16666,2
16667,1
16668,3
16669,0
16670,4
16671,2
16672,0
16673,0
16674,3
16675,3
16676,4
16677,3
16678,1
16679,5
16680,4
16681,6
16682,0
16683,3
16684,2
16685,2
16686,2
16687,1
16688,1
16689,3
16690,3
16691,3
16692,5
16693,3
16694,3
16695,2
16696,3
16697,1
16698,2
16699,2
16700,3
16701,2
16702,4
16703,2
16704,2
16705,6
16706,2
16707,2
16708,4
16709,2
16710,2
16711,4
16712,2
16713,3
16714,2
16715,4
16716,2
16717,0
16718,4
16719,2
16720,3
16721,2
16722,2
16723,1
16724,0
16725,4
16726,2
16727,1
16728,4
16729,6
16730,2
16731,2
16732,5
16733,6
16734,6
16735,4
16736,6
16737,1
16738,1
16739,5
16740,4
16741,3
16742,0
16743,3
16744,2
16745,4
16746,3
16747,1
16748,1
16749,3
16750,4
16751,4
16752,2
16753,4
16754,0
16755,4
16756,1
16757,0
16758,0
16759,4
16760,1
16761,4
16762,4
16763,5
16764,2
16765,1
16766,2
16767,2
16768,5
16769,1
16770,3
16771,5
16772,3
16773,0
16774,1
16775,2
16776,2
16777,1
16778,2
16779,4
16780,3
16781,3
16782,3
16783,1
16784,4
16785,3
16786,1
16787,1
16788,2
16789,5
16790,2
16791,1
16792,5
16793,2
16794,5
16795,1
16796,0
16797,1
16798,3
16799,3
16800,1
16801,6
16802,1
16803,1
16804,6
16805,1
16806,5
16807,1
16808,3
16809,1
16810,3
16811,2
16812,1
16813,3
16814,1
16815,4
16816,7
16817,1
16818,0
16819,2
16820,1
16821,2
16822,1
16823,5
16824,3
16825,2
16826,0
16827,2
16828,1
16829,0
16830,2
16831,2
16832,6
16833,4
16834,4
16835,5
16836,3
16837,4
16838,4
16839,5
16840,3
16841,2
16842,1
16843,2
16844,2
16845,6
16846,3
16847,6
16848,0
16849,4
16850,6
16851,6
16852,2
16853,1
16854,7
16855,2
16856,0
16857,2
16858,0
16859,3
16860,0
16861,3
16862,3
16863,4
16864,3
16865,5
16866,3
16867,0
16868,2
16869,3
16870,2
16871,2
16872,7
16873,0
16874,1
16875,3
16876,0
16877,3
16878,5
16879,1
16880,1
16881,2
16882,4
16883,3
16884,2
16885,1
16886,2
16887,3
16888,1
16889,2
16890,6
16891,2
16892,4
16893,3
16894,2
16895,4
16896,1
16897,1
16898,4
16899,6
16900,3
16901,0
16902,3
16903,5
16904,3
16905,1
16906,2
16907,2
16908,2
16909,1
16910,3
16911,2
16912,2
16913,3
16914,5
16915,2
16916,2
16917,5
16918,3
16919,4
16920,6
16921,3
16922,2
16923,5
16924,8
16925,2
16926,3
16927,5
16928,4
16929,4
16930,1
16931,1
16932,1
16933,4
16934,4
16935,2
16936,1
16937,4
16938,0
16939,2
16940,2
16941,1
16942,4
16943,2
16944,4
16945,2
16946,3
16947,5
16948,4
16949,5
16950,1
16951,3
16952,3
16953,0
16954,1
16955,4
16956,1
16957,1
16958,2
16959,2
16960,2
16961,1
16962,4
16963,2
16964,4
16965,1
16966,4
16967,4
16968,2
16969,2
16970,0
16971,5
16972,6
16973,3
16974,3
16975,0
16976,0
16977,1
16978,2
16979,1
16980,0
16981,3
16982,1
16983,7
16984,3
16985,0
16986,3
16987,6
16988,2
16989,3
16990,2
16991,2
16992,5
16993,2
16994,6
16995,1
16996,2
16997,1
16998,3
16999,1
17000,4
17001,6
17002,1
17003,5
17004,1
17005,3
17006,3
17007,3
17008,4
17009,4
17010,0
17011,5
17012,2
17013,5
17014,5
17015,2
17016,2
17017,0
17018,1
17019,0
17020,4
17021,0
17022,0
17023,0
17024,1
17025,5
17026,0
17027,3
17028,4
17029,2
17030,1
17031,0
17032,2
17033,0
17034,2
17035,7
17036,4
17037,3
17038,2
17039,1
17040,0
17041,4
17042,2
17043,1
17044,2
17045,2
17046,3
17047,2
17048,4
17049,2
17050,4
17051,2
17052,1
17053,3
17054,5
17055,2
17056,2
17057,4
17058,2
17059,1
17060,2
17061,5
17062,6
17063,0
17064,2
17065,3
17066,5
17067,2
17068,4
17069,2
17070,4
17071,0
17072,0
17073,0
17074,1
17075,3
17076,3
17077,0
17078,0
17079,3
17080,4
17081,4
17082,3
17083,3
17084,2
17085,0
17086,4
17087,4
17088,7
17089,4
17090,5
17091,1
17092,2
17093,4
17094,3
17095,1
17096,5
17097,1
17098,4
17099,5
17100,3
17101,0
17102,1
17103,1
17104,5
17105,3
17106,6
17107,3
17108,3
17109,5
17110,1
17111,4
17112,3
17113,1
17114,4
17115,0
17116,1
17117,0
17118,5
17119,8
17120,2
17121,3
17122,0
17123,2
17124,4
17125,6
17126,1
17127,3
17128,3
17129,4
17130,5
17131,5
17132,3
17133,0
17134,2
17135,0
17136,0
17137,1
17138,3
17139,1
17140,2
17141,3
17142,2
17143,6
17144,4
17145,0
17146,7
17147,2
17148,1
17149,1
17150,0
17151,7
17152,3
17153,1
17154,2
17155,2
17156,1
17157,1
17158,1
17159,1
17160,5
17161,2
17162,2
17163,1
17164,4
17165,6
17166,1
17167,2
17168,3
17169,5
17170,6
17171,5
17172,5
17173,3
17174,3
17175,2
17176,1
17177,3
17178,5
17179,6
17180,3
17181,3
17182,5
17183,2
17184,3
17185,4
17186,1
17187,1
17188,3
17189,4
17190,4
17191,4
17192,1
17193,6
17194,1
17195,1
17196,2
17197,1
17198,0
17199,3
17200,1
17201,5
17202,3
17203,3
17204,1
17205,3
17206,1
17207,2
17208,6
17209,3
17210,4
17211,5
17212,3
17213,2
17214,4
17215,4
17216,3
17217,1
17218,2
17219,5
17220,1
17221,2
17222,2
17223,4
17224,2
17225,6
17226,1
17227,4
17228,4
17229,4
17230,1
17231,2
17232,3
17233,3
17234,1
17235,3
17236,4
17237,4
17238,1
17239,1
17240,1
17241,1
17242,4
17243,0
17244,9
17245,3
17246,4
17247,1
17248,0
17249,2
17250,5
17251,0
17252,2
17253,3
17254,3
17255,5
17256,4
17257,3
17258,6
17259,4
17260,5
17261,3
17262,1
17263,3
17264,2
17265,4
17266,3
17267,5
17268,3
17269,4
17270,2
17271,1
17272,2
17273,1
17274,4
17275,4
17276,3
17277,3
17278,3
17279,0
17280,3
17281,2
17282,1
17283,0
17284,6
17285,5
17286,2
17287,2
17288,2
17289,4
17290,2
17291,5
17292,6
17293,5
17294,4
17295,2
17296,3
17297,4
17298,3
17299,7
17300,7
17301,4
17302,2
17303,3
17304,0
17305,2
17306,4
17307,6
17308,3
17309,6
17310,5
17311,2
17312,0
17313,0
17314,1
17315,3
17316,2
17317,3
17318,1
17319,3
17320,2
17321,2
17322,0
17323,5
17324,0
17325,1
17326,0
17327,4
17328,6
17329,2
17330,1
17331,5
17332,1
17333,0
17334,2
17335,3
17336,3
17337,4
17338,1
17339,4
17340,3
17341,0
17342,4
17343,1
17344,0
17345,0
17346,6
17347,5
17348,0
17349,5
17350,2
17351,5
17352,2
17353,2
17354,0
17355,1
17356,3
17357,2
17358,3
17359,3
17360,6
17361,1
17362,0
17363,2
17364,1
17365,4
17366,5
17367,6
17368,2
17369,3
17370,4
17371,1
17372,0
17373,2
17374,5
17375,4
17376,5
17377,3
17378,5
17379,1
17380,6
17381,4
17382,3
17383,2
17384,2
17385,0
17386,3
17387,6
17388,2
17389,1
17390,4
17391,2
17392,3
17393,4
17394,3
17395,2
17396,1
17397,0
17398,1
17399,0
17400,5
17401,6
17402,0
17403,7
17404,1
17405,2
17406,3
17407,1
17408,0
17409,5
17410,2
17411,2
17412,2
17413,1
17414,3
17415,4
17416,0
17417,1
17418,5
17419,1
17420,2
17421,0
17422,3
17423,1
17424,5
17425,4
17426,5
17427,2
17428,2
17429,0
17430,3
17431,0
17432,1
17433,3
17434,2
17435,3
17436,0
17437,5
17438,1
17439,1
17440,1
17441,4
17442,4
17443,1
17444,0
17445,4
17446,3
17447,2
17448,4
17449,1
17450,4
17451,0
17452,1
17453,2
17454,2
17455,1
17456,2
17457,0
17458,2
17459,2
17460,2
17461,2
17462,1
17463,2
17464,1
17465,6
17466,2
17467,4
17468,3
17469,3
17470,2
17471,1
17472,4
17473,5
17474,1
17475,6
17476,2
17477,3
17478,6
17479,3
17480,0
17481,2
17482,3
17483,6
17484,0
17485,2
17486,0
17487,4
17488,0
17489,3
17490,1
17491,1
17492,4
17493,5
17494,3
17495,5
17496,2
17497,5
17498,2
17499,2
17500,1
17501,2
17502,5
17503,3
17504,5
17505,4
17506,0
17507,4
17508,5
17509,2
17510,2
17511,6
17512,0
17513,2
17514,1
17515,1
17516,3
17517,4
17518,0
17519,2
17520,2
17521,5
17522,5
17523,0
17524,2
17525,1
17526,5
17527,3
17528,1
17529,2
17530,4
17531,1
17532,3
17533,0
17534,5
17535,2
17536,2
17537,1
17538,2
17539,0
17540,6
17541,1
17542,3
17543,2
17544,2
17545,0
17546,2
17547,1
17548,1
17549,2
17550,1
17551,1
17552,1
17553,2
17554,4
17555,2
17556,0
17557,3
17558,4
17559,0
17560,3
17561,7
17562,2
17563,4
17564,1
17565,0
17566,5
17567,2
17568,4
17569,3
17570,2
17571,1
17572,4
17573,0
17574,2
17575,3
17576,3
17577,2
17578,4
17579,3
17580,0
17581,3
17582,2
17583,3
17584,5
17585,5
17586,4
17587,5
17588,5
17589,5
17590,0
17591,2
17592,3
17593,0
17594,4
17595,1
17596,0
17597,1
17598,2
17599,4
17600,6
17601,3
17602,5
17603,2
17604,5
17605,3
17606,1
17607,0
17608,2
17609,3
17610,2
17611,2
17612,5
17613,0
17614,2
17615,3
17616,3
17617,4
17618,1
17619,4
17620,0
17621,2
17622,1
17623,4
17624,3
17625,2
17626,1
17627,2
17628,6
17629,1
17630,1
17631,0
17632,1
17633,1
17634,3
17635,4
17636,3
17637,0
17638,2
17639,3
17640,0
17641,4
17642,2
17643,1
17644,0
17645,2
17646,3
17647,1
17648,1
17649,2
17650,2
17651,5
17652,4
17653,4
17654,3
17655,7
17656,0
17657,2
17658,4
17659,5
17660,3
17661,4
17662,2
17663,5
17664,2
17665,6
17666,0
17667,1
17668,0
17669,3
17670,1
17671,0
17672,5
17673,4
17674,2
17675,5
17676,3
17677,0
17678,3
17679,1
17680,2
17681,2
17682,0
17683,7
17684,2
17685,2
17686,5
17687,3
17688,1
17689,0
17690,6
17691,1
17692,4
17693,1
17694,0
17695,0
17696,3
17697,1
17698,2
17699,2
17700,6
17701,5
17702,0
17703,1
17704,2
17705,1
17706,6
17707,2
17708,7
17709,0
17710,3
17711,4
17712,2
17713,2
17714,0
17715,4
17716,0
17717,0
17718,5
17719,1
17720,0
17721,1
17722,5
17723,2
17724,2
17725,1
17726,6
17727,0
17728,2
17729,2
17730,2
17731,2
17732,2
17733,2
17734,1
17735,4
17736,3
17737,1
17738,0
17739,2
17740,4
17741,2
17742,3
17743,3
17744,1
17745,3
17746,4
17747,5
17748,2
17749,5
17750,2
17751,2
17752,6
17753,7
17754,0
17755,1
17756,3
17757,0
17758,0
17759,3
17760,1
17761,3
17762,1
17763,3
17764,2
17765,2
17766,4
17767,0
17768,3
17769,4
17770,7
17771,4
17772,1
17773,5
17774,2
17775,3
17776,3
17777,0
17778,6
17779,1
17780,6
17781,5
17782,4
17783,1
17784,2
17785,0
17786,3
17787,6
17788,1
17789,2
17790,1
17791,3
17792,5
17793,4
17794,3
17795,4
17796,6
17797,0
17798,2
17799,2
17800,6
17801,0
17802,3
17803,4
17804,1
17805,5
17806,4
17807,2
17808,3
17809,4
17810,0
17811,4
17812,2
17813,0
17814,3
17815,1
17816,0
17817,4
17818,4
17819,4
17820,4
17821,0
17822,3
17823,3
17824,2
17825,5
17826,4
17827,6
17828,5
17829,1
17830,2
17831,2
17832,2
17833,8
17834,4
17835,2
17836,3
17837,3
17838,4
17839,3
17840,1
17841,6
17842,4
17843,1
17844,4
17845,1
17846,3
17847,5
17848,4
17849,2
17850,2
17851,5
17852,0
17853,2
17854,1
17855,5
17856,2
17857,1
17858,4
17859,1
17860,1
17861,3
17862,2
17863,3
17864,1
17865,5
17866,3
17867,2
17868,2
17869,4
17870,2
17871,2
17872,1
17873,0
17874,2
17875,3
17876,5
17877,1
17878,2
17879,3
17880,4
17881,3
17882,5
17883,0
17884,7
17885,4
17886,3
17887,2
17888,2
17889,6
17890,6
17891,4
17892,0
17893,1
17894,2
17895,2
17896,5
17897,2
17898,4
17899,3
17900,2
17901,1
17902,1
17903,6
17904,5
17905,4
17906,4
17907,3
17908,4
17909,2
17910,1
17911,1
17912,4
17913,4
17914,1
17915,4
17916,1
17917,2
17918,1
17919,4
17920,1
17921,3
17922,3
17923,3
17924,4
17925,2
17926,1
17927,1
17928,1
17929,4
17930,5
17931,2
17932,3
17933,5
17934,3
17935,1
17936,0
17937,3
17938,2
17939,2
17940,1
17941,2
17942,2
17943,2
17944,2
17945,6
17946,0
17947,3
17948,1
17949,1
17950,1
17951,3
17952,0
17953,5
17954,2
17955,5
17956,2
17957,6
17958,6
17959,3
17960,7
17961,5
17962,4
17963,1
17964,2
17965,0
17966,3
17967,4
17968,3
17969,7
17970,3
17971,4
17972,2
17973,2
17974,3
17975,0
17976,4
17977,0
17978,5
17979,5
17980,2
17981,3
17982,3
17983,1
17984,1
17985,1
17986,5
17987,2
17988,1
17989,5
17990,1
17991,4
17992,3
17993,5
17994,1
17995,4
17996,2
17997,0
17998,0
17999,3
18000,6
18001,7
18002,3
18003,0
18004,1
18005,2
18006,4
18007,3
18008,0
18009,6
18010,3
18011,2
18012,6
18013,3
18014,2
18015,4
18016,2
18017,7
18018,1
18019,2
18020,2
18021,2
18022,5
18023,1
18024,5
18025,3
18026,3
18027,5
18028,6
18029,5
18030,2
18031,1
18032,6
18033,6
18034,0
18035,3
18036,6
18037,4
18038,4
18039,0
18040,0
18041,3
18042,3
18043,3
18044,4
18045,3
18046,2
18047,5
18048,1
18049,8
18050,2
18051,4
18052,6
18053,3
18054,7
18055,6
18056,4
18057,3
18058,3
18059,2
18060,1
18061,4
18062,3
18063,3
18064,3
18065,3
18066,5
18067,3
18068,0
18069,2
18070,1
18071,1
18072,4
18073,2
18074,3
18075,4
18076,3
18077,4
18078,2
18079,1
18080,7
18081,1
18082,0
18083,4
18084,0
18085,2
18086,4
18087,4
18088,2
18089,2
18090,4
18091,4
18092,4
18093,5
18094,4
18095,2
18096,2
18097,3
18098,0
18099,5
18100,2
18101,4
18102,2
18103,4
18104,1
18105,2
18106,5
18107,1
18108,1
18109,3
18110,1
18111,1
18112,2
18113,1
18114,7
18115,2
18116,5
18117,2
18118,3
18119,4
18120,0
18121,2
18122,6
18123,4
18124,2
18125,2
18126,5
18127,3
18128,2
18129,5
18130,1
18131,5
18132,1
18133,4
18134,0
18135,5
18136,4
18137,2
18138,4
18139,2
18140,2
18141,1
18142,2
18143,2
18144,4
18145,0
18146,4
18147,1
18148,7
18149,3
18150,6
18151,5
18152,2
18153,5
18154,2
18155,2
18156,2
18157,4
18158,6
18159,1
18160,1
18161,2
18162,0
18163,0
18164,1
18165,3
18166,0
18167,3
18168,3
18169,2
18170,1
18171,1
18172,1
18173,1
18174,5
18175,6
18176,1
18177,3
18178,6
18179,3
18180,3
18181,4
18182,4
18183,4
18184,4
18185,2
18186,3
18187,2
18188,5
18189,1
18190,2
18191,2
18192,2
18193,4
18194,4
18195,1
18196,1
18197,4
18198,1
18199,1
18200,1
18201,1
18202,4
18203,1
18204,3
18205,5
18206,3
18207,5
18208,1
18209,4
18210,5
18211,2
18212,1
18213,2
18214,0
18215,1
18216,2
18217,3
18218,0
18219,4
18220,2
18221,1
18222,5
18223,7
18224,1
18225,2
18226,3
18227,7
18228,1
18229,2
18230,2
18231,1
18232,3
18233,0
18234,2
18235,3
18236,1
18237,1
18238,5
18239,2
18240,3
18241,2
18242,0
18243,2
18244,2
18245,1
18246,2
18247,7
18248,6
18249,2
18250,4
18251,5
18252,1
18253,5
18254,2
18255,2
18256,7
18257,3
18258,5
18259,2
18260,1
18261,4
18262,6
18263,0
18264,2
18265,3
18266,0
18267,1
18268,1
18269,4
18270,5
18271,1
18272,4
18273,7
18274,3
18275,8
18276,2
18277,0
18278,3
18279,2
18280,2
18281,1
18282,3
18283,0
18284,6
18285,3
18286,2
18287,3
18288,3
18289,2
18290,4
18291,3
18292,5
18293,5
18294,3
18295,3
18296,2
18297,5
18298,5
18299,2
18300,0
18301,2
18302,5
18303,5
18304,0
18305,6
18306,2
18307,3
18308,2
18309,4
18310,4
18311,4
18312,2
18313,1
18314,1
18315,2
18316,0
18317,1
18318,0
18319,1
18320,4
18321,4
18322,5
18323,2
18324,3
18325,3
18326,2
18327,2
18328,2
18329,2
18330,0
18331,7
18332,4
18333,2
18334,2
18335,2
18336,3
18337,2
18338,2
18339,0
18340,1
18341,1
18342,5
18343,3
18344,5
18345,3
18346,2
18347,6
18348,5
18349,3
18350,2
18351,4
18352,2
18353,3
18354,2
18355,3
18356,3
18357,5
18358,3
18359,0
18360,1
18361,5
18362,4
18363,4
18364,1
18365,0
18366,1
18367,6
18368,2
18369,3
18370,4
18371,4
18372,4
18373,3
18374,2
18375,6
18376,3
18377,3
18378,6
18379,5
18380,5
18381,5
18382,4
18383,6
18384,2
18385,1
18386,1
18387,3
18388,3
18389,3
18390,3
18391,0
18392,0
18393,0
18394,3
18395,2
18396,2
18397,4
18398,7
18399,0
18400,2
18401,3
18402,3
18403,2
18404,3
18405,1
18406,2
18407,1
18408,7
18409,1
18410,3
18411,6
18412,0
18413,1
18414,4
18415,0
18416,6
18417,2
18418,1
18419,3
18420,2
18421,2
18422,4
18423,0
18424,2
18425,5
18426,4
18427,1
18428,2
18429,4
18430,5
18431,4
18432,2
18433,4
18434,7
18435,5
18436,5
18437,3
18438,0
18439,0
18440,2
18441,3
18442,3
18443,5
18444,1
18445,1
18446,3
18447,5
18448,4
18449,3
18450,4
18451,4
18452,2
18453,5
18454,4
18455,0
18456,3
18457,3
18458,2
18459,1
18460,3
18461,1
18462,2
18463,5
18464,1
18465,2
18466,4
18467,1
18468,1
18469,5
18470,1
18471,6
18472,5
18473,5
18474,1
18475,2
18476,1
18477,0
18478,7
18479,2
18480,1
18481,3
18482,4
18483,1
18484,5
18485,2
18486,6
18487,6
18488,2
18489,2
18490,4
18491,1
18492,3
18493,2
18494,4
18495,2
18496,0
18497,0
18498,3
18499,1
18500,2
18501,4
18502,4
18503,1
18504,0
18505,2
18506,4
18507,2
18508,4
18509,3
18510,3
18511,5
18512,0
18513,1
18514,3
18515,4
18516,3
18517,2
18518,4
18519,3
18520,4
18521,6
18522,3
18523,0
18524,1
18525,5
18526,4
18527,4
18528,4
18529,1
18530,2
18531,3
18532,3
18533,0
18534,3
18535,2
18536,6
18537,4
18538,1
18539,2
18540,6
18541,1
18542,2
18543,3
18544,1
18545,1
18546,4
18547,5
18548,3
18549,1
18550,5
18551,4
18552,2
18553,4
18554,3
18555,1
18556,1
18557,0
18558,3
18559,5
18560,3
18561,3
18562,1
18563,2
18564,2
18565,0
18566,6
18567,2
18568,2
18569,2
18570,6
18571,2
18572,4
18573,1
18574,3
18575,1
18576,3
18577,2
18578,3
18579,7
18580,1
18581,3
18582,2
18583,3
18584,2
18585,3
18586,2
18587,4
18588,0
18589,4
18590,5
18591,2
18592,3
18593,3
18594,2
18595,2
18596,5
18597,0
18598,3
18599,2
18600,4
18601,4
18602,3
18603,0
18604,0
18605,1
18606,1
18607,4
18608,5
18609,2
18610,4
18611,4
18612,1
18613,3
18614,2
18615,5
18616,2
18617,0
18618,1
18619,3
18620,1
18621,4
18622,1
18623,2
18624,3
18625,1
18626,1
18627,2
18628,4
18629,3
18630,4
18631,2
18632,4
18633,2
18634,3
18635,3
18636,2
18637,1
18638,3
18639,3
18640,2
18641,0
18642,2
18643,5
18644,0
18645,1
18646,1
18647,2
18648,3
18649,3
18650,2
18651,3
18652,3
18653,1
18654,3
18655,2
18656,0
18657,3
18658,3
18659,2
18660,1
18661,5
18662,4
18663,3
18664,3
18665,0
18666,5
18667,1
18668,1
18669,5
18670,5
18671,0
18672,1
18673,1
18674,4
18675,3
18676,4
18677,3
18678,1
18679,5
18680,4
18681,3
18682,1
18683,3
18684,3
18685,3
18686,4
18687,3
18688,2
18689,4
18690,0
18691,2
18692,1
18693,0
18694,1
18695,1
18696,2
18697,4
18698,3
18699,6
18700,4
18701,6
18702,1
18703,2
18704,1
18705,5
18706,7
18707,3
18708,2
18709,0
18710,5
18711,2
18712,4
18713,6
18714,7
18715,2
18716,2
18717,4
18718,4
18719,1
18720,1
18721,4
18722,1
18723,2
18724,0
18725,6
18726,3
18727,0
18728,0
18729,2
18730,5
18731,2
18732,1
18733,2
18734,2
18735,5
18736,1
18737,5
18738,4
18739,1
18740,5
18741,5
18742,6
18743,2
18744,2
18745,5
18746,2
18747,3
18748,3
18749,1
18750,3
18751,2
18752,3
18753,2
18754,5
18755,0
18756,1
18757,2
18758,4
18759,1
18760,6
18761,2
18762,5
18763,4
18764,3
18765,2
18766,7
18767,1
18768,0
18769,5
18770,6
18771,3
18772,5
18773,1
18774,3
18775,2
18776,4
18777,3
18778,6
18779,1
18780,4
18781,1
18782,1
18783,4
18784,1
18785,1
18786,1
18787,0
18788,2
18789,1
18790,4
18791,4
18792,2
18793,1
18794,2
18795,4
18796,3
18797,4
18798,4
18799,1
18800,4
18801,0
18802,2
18803,3
18804,1
18805,4
18806,5
18807,4
18808,4
18809,2
18810,4
18811,4
18812,4
18813,3
18814,3
18815,0
18816,3
18817,2
18818,0
18819,1
18820,5
18821,5
18822,4
18823,0
18824,6
18825,4
18826,1
18827,2
18828,3
18829,2
18830,1
18831,5
18832,7
18833,6
18834,3
18835,3
18836,2
18837,4
18838,2
18839,5
18840,3
18841,0
18842,6
18843,5
18844,1
18845,0
18846,2
18847,0
18848,2
18849,2
18850,3
18851,6
18852,6
18853,5
18854,1
18855,0
18856,1
18857,5
18858,0
18859,4
18860,7
18861,1
18862,0
18863,3
18864,4
18865,3
18866,0
18867,2
18868,4
18869,2
18870,3
18871,5
18872,4
18873,5
18874,0
18875,6
18876,2
18877,1
18878,2
18879,3
18880,1
18881,2
18882,5
18883,2
18884,2
18885,1
18886,1
18887,2
18888,2
18889,1
18890,6
18891,5
18892,2
18893,6
18894,6
18895,0
18896,2
18897,3
18898,5
18899,5
18900,3
18901,1
18902,1
18903,6
18904,3
18905,2
18906,5
18907,2
18908,4
18909,0
18910,3
18911,3
18912,1
18913,3
18914,2
18915,0
18916,7
18917,3
18918,4
18919,3
18920,1
18921,1
18922,1
18923,1
18924,2
18925,3
18926,4
18927,2
18928,2
18929,6
18930,1
18931,7
18932,1
18933,6
18934,3
18935,3
18936,3
18937,3
18938,5
18939,5
18940,1
18941,0
18942,2
18943,4
18944,3
18945,5
18946,4
18947,1
18948,3
18949,1
18950,2
18951,3
18952,4
18953,4
18954,4
18955,1
18956,1
18957,1
18958,2
18959,3
18960,4
18961,3
18962,1
18963,6
18964,3
18965,5
18966,3
18967,5
18968,2
18969,3
18970,2
18971,1
18972,4
18973,4
18974,2
18975,2
18976,2
18977,6
18978,0
18979,3
18980,2
18981,2
18982,0
18983,3
18984,1
18985,7
18986,4
18987,3
18988,3
18989,4
18990,8
18991,1
18992,3
18993,6
18994,6
18995,4
18996,1
18997,3
18998,3
18999,3
19000,1
19001,6
19002,4
19003,4
19004,0
19005,1
19006,3
19007,2
19008,3
19009,4
19010,3
19011,2
19012,7
19013,5
19014,1
19015,3
19016,1
19017,4
19018,1
19019,3
19020,3
19021,4
19022,0
19023,2
19024,6
19025,4
19026,0
19027,3
19028,0
19029,1
19030,0
19031,5
19032,4
19033,1
19034,2
19035,2
19036,5
19037,0
19038,2
19039,2
19040,4
19041,1
19042,3
19043,1
19044,1
19045,4
19046,0
19047,2
19048,1
19049,4
19050,6
19051,0
19052,3
19053,5
19054,4
19055,3
19056,5
19057,2
19058,5
19059,4
19060,1
19061,1
19062,0
19063,1
19064,2
19065,1
19066,4
19067,5
19068,7
19069,0
19070,1
19071,2
19072,1
19073,4
19074,3
19075,5
19076,1
19077,5
19078,6
19079,4
19080,4
19081,5
19082,2
19083,3
19084,4
19085,4
19086,4
19087,1
19088,4
19089,6
19090,6
19091,3
19092,0
19093,5
19094,3
19095,2
19096,1
19097,5
19098,2
19099,3
19100,1
19101,0
19102,6
19103,0
19104,4
19105,2
19106,4
19107,3
19108,4
19109,3
19110,4
19111,4
19112,1
19113,4
19114,4
19115,3
19116,3
19117,2
19118,2
19119,5
19120,7
19121,1
19122,3
19123,2
19124,2
19125,2
19126,2
19127,0
19128,3
19129,2
19130,3
19131,1
19132,2
19133,1
19134,3
19135,3
19136,0
19137,5
19138,0
19139,2
19140,2
19141,1
19142,2
19143,0
19144,0
19145,3
19146,2
19147,4
19148,4
19149,5
19150,1
19151,4
19152,4
19153,2
19154,3
19155,4
19156,2
19157,1
19158,2
19159,3
19160,5
19161,4
19162,2
19163,0
19164,4
19165,3
19166,6
19167,3
19168,2
19169,5
19170,6
19171,3
19172,0
19173,4
19174,5
19175,1
19176,2
19177,7
19178,1
19179,2
19180,2
19181,5
19182,3
19183,6
19184,1
19185,3
19186,1
19187,5
19188,2
19189,5
19190,4
19191,6
19192,4
19193,4
19194,5
19195,0
19196,2
19197,1
19198,1
19199,2
19200,3
19201,2
19202,6
19203,3
19204,2
19205,1
19206,3
19207,2
19208,4
19209,3
19210,1
19211,3
19212,0
19213,1
19214,3
19215,0
19216,5
19217,5
19218,1
19219,5
19220,1
19221,2
19222,5
19223,2
19224,3
19225,5
19226,2
19227,0
19228,0
19229,3
19230,4
19231,4
19232,3
19233,1
19234,2
19235,2
19236,4
19237,1
19238,0
19239,0
19240,4
19241,5
19242,0
19243,1
19244,2
19245,2
19246,5
19247,2
19248,3
19249,2
19250,2
19251,5
19252,2
19253,0
19254,2
19255,1
19256,2
19257,2
19258,4
19259,1
19260,2
19261,2
19262,2
19263,1
19264,6
19265,5
19266,2
19267,5
19268,2
19269,6
19270,3
19271,5
19272,0
19273,4
19274,4
19275,6
19276,5
19277,6
19278,2
19279,3
19280,2
19281,4
19282,5
19283,2
19284,0
19285,0
19286,2
19287,2
19288,1
19289,0
19290,2
19291,2
19292,4
19293,2
19294,2
19295,2
19296,2
19297,1
19298,6
19299,1
19300,4
19301,0
19302,2
19303,6
19304,4
19305,5
19306,0
19307,3
19308,4
19309,3
19310,5
19311,5
19312,0
19313,6
19314,3
19315,4
19316,2
19317,1
19318,4
19319,2
19320,4
19321,1
19322,2
19323,3
19324,5
19325,0
19326,1
19327,4
19328,3
19329,0
19330,3
19331,0
19332,4
19333,3
19334,1
19335,3
19336,0
19337,3
19338,4
19339,0
19340,3
19341,2
19342,4
19343,3
19344,0
19345,4
19346,1
19347,2
19348,0
19349,0
19350,1
19351,1
19352,3
19353,4
19354,4
19355,6
19356,5
19357,3
19358,2
19359,2
19360,3
19361,1
19362,4
19363,2
19364,3
19365,1
19366,5
19367,5
19368,1
19369,3
19370,3
19371,4
19372,2
19373,0
19374,3
19375,2
19376,1
19377,1
19378,2
19379,1
19380,6
19381,1
19382,1
19383,4
19384,1
19385,6
19386,0
19387,4
19388,1
19389,3
19390,5
19391,1
19392,7
19393,0
19394,4
19395,4
19396,1
19397,1
19398,5
19399,3
19400,5
19401,0
19402,1
19403,3
19404,0
19405,5
19406,4
19407,5
19408,0
19409,0
19410,5
19411,5
19412,4
19413,3
19414,2
19415,6
19416,3
19417,4
19418,4
19419,1
19420,2
19421,0
19422,0
19423,3
19424,2
19425,4
19426,4
19427,2
19428,3
19429,0
19430,3
19431,6
19432,0
19433,3
19434,1
19435,4
19436,5
19437,2
19438,0
19439,4
19440,3
19441,4
19442,0
19443,3
19444,4
19445,4
19446,6
19447,0
19448,5
19449,5
19450,1
19451,3
19452,2
19453,1
19454,1
19455,3
19456,6
19457,0
19458,6
19459,5
19460,5
19461,4
19462,1
19463,2
19464,1
19465,3
19466,3
19467,4
19468,1
19469,3
19470,1
19471,3
19472,4
19473,3
19474,3
19475,6
19476,3
19477,5
19478,1
19479,4
19480,1
19481,5
19482,4
19483,1
19484,3
19485,3
19486,6
19487,3
19488,4
19489,0
19490,2
19491,4
19492,5
19493,4
19494,4
19495,2
19496,1
19497,1
19498,1
19499,1
19500,5
19501,5
19502,5
19503,2
19504,5
19505,5
19506,4
19507,6
19508,5
19509,3
19510,1
19511,3
19512,5
19513,3
19514,0
19515,3
19516,4
19517,4
19518,1
19519,4
19520,2
19521,5
19522,3
19523,4
19524,3
19525,2
19526,4
19527,3
19528,5
19529,7
19530,5
19531,4
19532,1
19533,4
19534,4
19535,1
19536,1
19537,2
19538,3
19539,6
19540,4
19541,0
19542,1
19543,0
19544,3
19545,2
19546,1
19547,0
19548,0
19549,2
19550,2
19551,2
19552,3
19553,3
19554,1
19555,2
19556,2
19557,1
19558,4
19559,4
19560,3
19561,1
19562,1
19563,2
19564,1
19565,3
19566,2
19567,4
19568,5
19569,1
19570,3
19571,5
19572,1
19573,1
19574,5
19575,1
19576,4
19577,1
19578,5
19579,5
19580,1
19581,4
19582,2
19583,0
19584,1
19585,4
19586,1
19587,0
19588,5
19589,1
19590,1
19591,1
19592,1
19593,6
19594,4
19595,1
19596,0
19597,3
19598,5
19599,0
19600,1
19601,4
19602,5
19603,4
19604,2
19605,2
19606,3
19607,3
19608,4
19609,5
19610,0
19611,2
19612,1
19613,1
19614,1
19615,2
19616,5
19617,2
19618,1
19619,5
19620,0
19621,0
19622,1
19623,4
19624,3
19625,3
19626,5
19627,4
19628,3
19629,2
19630,0
19631,1
19632,7
19633,3
19634,7
19635,3
19636,3
19637,0
19638,1
19639,1
19640,2
19641,4
19642,7
19643,1
19644,1
19645,4
19646,1
19647,5
19648,3
19649,2
19650,5
19651,3
19652,4
19653,6
19654,2
19655,5
19656,1
19657,2
19658,2
19659,1
19660,4
19661,3
19662,3
19663,2
19664,5
19665,5
19666,3
19667,1
19668,3
19669,0
19670,2
19671,2
19672,0
19673,2
19674,2
19675,0
19676,0
19677,2
19678,4
19679,5
19680,3
19681,0
19682,3
19683,7
19684,2
19685,1
19686,6
19687,4
19688,0
19689,4
19690,1
19691,1
19692,2
19693,6
19694,4
19695,3
19696,2
19697,5
19698,3
19699,5
19700,1
19701,5
19702,2
19703,1
19704,4
19705,3
19706,1
19707,1
19708,5
19709,3
19710,1
19711,5
19712,5
19713,6
19714,3
19715,0
19716,2
19717,4
19718,5
19719,4
19720,4
19721,5
19722,3
19723,4
19724,4
19725,0
19726,4
19727,0
19728,1
19729,1
19730,0
19731,3
19732,3
19733,4
19734,4
19735,0
19736,0
19737,2
19738,0
19739,4
19740,5
19741,2
19742,1
19743,2
19744,3
19745,3
19746,2
19747,3
19748,2
19749,1
19750,1
19751,1
19752,4
19753,1
19754,4
19755,2
19756,4
19757,0
19758,2
19759,1
19760,2
19761,4
19762,2
19763,2
19764,1
19765,1
19766,1
19767,2
19768,2
19769,0
19770,4
19771,2
19772,5
19773,1
19774,1
19775,3
19776,4
19777,3
19778,0
19779,6
19780,6
19781,5
19782,2
19783,2
19784,2
19785,2
19786,4
19787,1
19788,3
19789,2
19790,3
19791,5
19792,3
19793,2
19794,5
19795,5
19796,2
19797,6
19798,3
19799,6
19800,5
19801,4
19802,1
19803,2
19804,1
19805,1
19806,3
19807,0
19808,2
19809,3
19810,5
19811,4
19812,4
19813,2
19814,1
19815,2
19816,3
19817,0
19818,5
19819,5
19820,5
19821,0
19822,4
19823,1
19824,0
19825,2
19826,2
19827,3
19828,3
19829,4
19830,6
19831,3
19832,6
19833,2
19834,1
19835,2
19836,1
19837,2
19838,1
19839,5
19840,2
19841,2
19842,2
19843,5
19844,3
19845,1
19846,0
19847,6
19848,0
19849,3
19850,4
19851,4
19852,2
19853,4
19854,4
19855,1
19856,3
19857,6
19858,1
19859,2
19860,5
19861,1
19862,2
19863,3
19864,1
19865,5
19866,3
19867,4
19868,2
19869,3
19870,3
19871,1
19872,1
19873,1
19874,6
19875,3
19876,1
19877,7
19878,0
19879,5
19880,3
19881,5
19882,2
19883,5
19884,5
19885,2
19886,2
19887,2
19888,3
19889,2
19890,2
19891,1
19892,4
19893,2
19894,5
19895,3
19896,6
19897,1
19898,5
19899,4
19900,3
19901,2
19902,6
19903,4
19904,3
19905,1
19906,5
19907,1
19908,2
19909,0
19910,2
19911,4
19912,4
19913,1
19914,2
19915,3
19916,0
19917,6
19918,4
19919,3
19920,5
19921,3
19922,1
19923,3
19924,3
19925,3
19926,3
19927,5
19928,1
19929,3
19930,5
19931,4
19932,4
19933,0
19934,3
19935,4
19936,0
19937,2
19938,3
19939,4
19940,4
19941,4
19942,3
19943,0
19944,1
19945,2
19946,3
19947,3
19948,2
19949,2
19950,1
19951,2
19952,1
19953,4
19954,1
19955,1
19956,3
19957,6
19958,3
19959,3
19960,1
19961,2
19962,5
19963,1
19964,4
19965,3
19966,0
19967,3
19968,1
19969,0
19970,1
19971,1
19972,4
19973,4
19974,3
19975,2
19976,3
19977,4
19978,2
19979,0
19980,3
19981,1
19982,2
19983,3
19984,3
19985,3
19986,2
19987,3
19988,2
19989,4
19990,4
19991,2
19992,4
19993,0
19994,0
19995,1
19996,6
19997,5
19998,6
19999,3
20000,0
20001,4
20002,0
20003,1
20004,3
20005,4
20006,0
20007,5
20008,0
20009,2
20010,3
20011,2
20012,4
20013,0
20014,4
20015,0
20016,3
20017,1
20018,3
20019,2
20020,6
20021,0
20022,2
20023,8
20024,4
20025,5
20026,1
20027,2
20028,7
20029,0
20030,0
20031,0
20032,3
20033,7
20034,0
20035,2
20036,1
20037,3
20038,1
20039,0
20040,2
20041,0
20042,1
20043,0
20044,2
20045,6
20046,2
20047,2
20048,4
20049,3
20050,1
20051,4
20052,2
20053,2
20054,4
20055,3
20056,2
20057,5
20058,2
20059,4
20060,1
20061,3
20062,3
20063,2
20064,6
20065,2
20066,2
20067,4
20068,1
20069,2
20070,2
20071,3
20072,1
20073,3
20074,2
20075,3
20076,0
20077,3
20078,1
20079,1
20080,3
20081,4
20082,7
20083,5
20084,4
20085,3
20086,0
20087,4
20088,4
20089,2
20090,2
20091,2
20092,2
20093,2
20094,5
20095,4
20096,3
20097,3
20098,3
20099,3
20100,5
20101,2
20102,2
20103,7
20104,0
20105,0
20106,4
20107,4
20108,6
20109,1
20110,1
20111,3
20112,3
20113,2
20114,1
20115,6
20116,0
20117,2
20118,2
20119,4
20120,3
20121,0
20122,2
20123,4
20124,2
20125,4
20126,5
20127,4
20128,2
20129,2
20130,4
20131,3
20132,1
20133,2
20134,2
20135,5
20136,3
20137,0
20138,2
20139,4
20140,7
20141,2
20142,1
20143,5
20144,2
20145,0
20146,5
20147,3
20148,5
20149,3
20150,4
20151,1
20152,4
20153,2
20154,4
20155,1
20156,6
20157,4
20158,2
20159,6
20160,0
20161,4
20162,0
20163,2
20164,1
20165,1
20166,1
20167,1
20168,5
20169,2
20170,4
20171,2
20172,2
20173,6
20174,4
20175,1
20176,2
20177,3
20178,1
20179,3
20180,4
20181,5
20182,2
20183,2
20184,2
20185,4
20186,0
20187,5
20188,6
20189,5
20190,1
20191,1
20192,2
20193,4
20194,1
20195,1
20196,7
20197,5
20198,5
20199,7
20200,1
20201,3
20202,5
20203,7
20204,6
20205,1
20206,3
20207,4
20208,8
20209,7
20210,4
20211,3
20212,2
20213,1
20214,0
20215,3
20216,4
20217,1
20218,1
20219,3
20220,1
20221,1
20222,2
20223,2
20224,3
20225,1
20226,2
20227,2
20228,1
20229,1
20230,1
20231,4
20232,0
20233,4
20234,4
20235,3
20236,6
20237,3
20238,4
20239,3
20240,3
20241,3
20242,2
20243,6
20244,1
20245,1
20246,2
20247,2
20248,2
20249,0
20250,5
20251,6
20252,1
20253,3
20254,1
20255,1
20256,1
20257,3
20258,0
20259,2
20260,3
20261,2
20262,3
20263,2
20264,2
20265,0
20266,3
20267,2
20268,5
20269,3
20270,0
20271,3
20272,0
20273,2
20274,2
20275,3
20276,5
20277,6
20278,1
20279,2
20280,3
20281,2
20282,4
20283,2
20284,4
20285,2
20286,3
20287,2
20288,1
20289,0
20290,5
20291,0
20292,4
20293,1
20294,5
20295,2
20296,4
20297,6
20298,2
20299,3
20300,5
20301,3
20302,1
20303,6
20304,3
20305,1
20306,1
20307,5
20308,5
20309,4
20310,2
20311,2
20312,3
20313,2
20314,1
20315,5
20316,3
20317,3
20318,1
20319,2
20320,6
20321,4
20322,0
20323,5
20324,5
20325,2
20326,1
20327,5
20328,5
20329,3
20330,2
20331,7
20332,2
20333,1
20334,4
20335,1
20336,2
20337,2
20338,3
20339,3
20340,5
20341,4
20342,3
20343,4
20344,5
20345,3
20346,1
20347,1
20348,4
20349,4
20350,6
20351,0
20352,3
20353,4
20354,3
20355,3
20356,2
20357,3
20358,3
20359,0
20360,1
20361,1
20362,3
20363,3
20364,0
20365,0
20366,3
20367,3
20368,0
20369,3
20370,1
20371,0
20372,3
20373,2
20374,2
20375,3
20376,0
20377,1
20378,2
20379,7
20380,2
20381,2
20382,1
20383,2
20384,2
20385,0
20386,2
20387,4
20388,4
20389,6
20390,4
20391,3
20392,3
20393,4
20394,6
20395,2
20396,1
20397,4
20398,5
20399,2
20400,2
20401,6
20402,2
20403,3
20404,0
20405,4
20406,7
20407,3
20408,6
20409,3
20410,4
20411,1
20412,3
20413,2
20414,5
20415,2
20416,2
20417,1
20418,2
20419,0
20420,6
20421,0
20422,0
20423,4
20424,0
20425,5
20426,3
20427,1
20428,4
20429,5
20430,2
20431,3
20432,1
20433,4
20434,3
20435,3
20436,1
20437,3
20438,3
20439,3
20440,4
20441,2
20442,4
20443,6
20444,5
20445,2
20446,2
20447,1
20448,3
20449,3
20450,0
20451,2
20452,2
20453,6
20454,5
20455,5
20456,1
20457,1
20458,1
20459,5
20460,2
20461,0
20462,4
20463,2
20464,1
20465,3
20466,6
20467,1
20468,0
20469,4
20470,1
20471,1
20472,5
20473,4
20474,6
20475,1
20476,2
20477,1
20478,3
20479,2
20480,1
20481,4
20482,1
20483,4
20484,1
20485,1
20486,4
20487,4
20488,4
20489,6
20490,2
20491,3
20492,4
20493,1
20494,2
20495,5
20496,1
20497,0
20498,1
20499,1
20500,3
20501,6
20502,3
20503,2
20504,1
20505,1
20506,4
20507,6
20508,1
20509,0
20510,1
20511,3
20512,1
20513,3
20514,4
20515,1
20516,1
20517,2
20518,6
20519,4
20520,7
20521,3
20522,5
20523,3
20524,2
20525,2
20526,2
20527,1
20528,1
20529,2
20530,1
20531,4
20532,1
20533,0
20534,2
20535,4
20536,0
20537,1
20538,7
20539,3
20540,1
20541,5
20542,1
20543,3
20544,4
20545,3
20546,1
20547,1
20548,5
20549,1
20550,3
20551,2
20552,3
20553,5
20554,2
20555,3
20556,6
20557,2
20558,1
20559,6
20560,3
20561,1
20562,0
20563,1
20564,4
20565,6
20566,0
20567,4
20568,5
20569,6
20570,5
20571,1
20572,1
20573,2
20574,4
20575,2
20576,5
20577,1
20578,4
20579,3
20580,4
20581,5
20582,3
20583,3
20584,1
20585,1
20586,4
20587,2
20588,4
20589,5
20590,2
20591,2
20592,8
20593,3
20594,1
20595,4
20596,3
20597,0
20598,0
20599,1
20600,4
20601,4
20602,3
20603,1
20604,0
20605,1
20606,2
20607,6
20608,2
20609,5
20610,5
20611,1
20612,3
20613,3
20614,3
20615,3
20616,6
20617,3
20618,2
20619,1
20620,4
20621,0
20622,2
20623,0
20624,3
20625,0
20626,5
20627,0
20628,2
20629,1
20630,2
20631,6
20632,1
20633,7
20634,2
20635,4
20636,1
20637,1
20638,4
20639,1
20640,0
20641,0
20642,5
20643,1
20644,4
20645,1
20646,3
20647,5
20648,6
20649,8
20650,8
20651,5
20652,0
20653,0
20654,3
20655,1
20656,6
20657,0
20658,3
20659,4
20660,5
20661,1
20662,3
20663,2
20664,1
20665,2
20666,5
20667,0
20668,2
20669,4
20670,2
20671,1
20672,0
20673,2
20674,3
20675,0
20676,2
20677,3
20678,4
20679,4
20680,4
20681,1
20682,3
20683,2
20684,2
20685,6
20686,4
20687,3
20688,4
20689,3
20690,7
20691,2
20692,6
20693,3
20694,2
20695,3
20696,4
20697,2
20698,4
20699,1
20700,4
20701,0
20702,4
20703,5
20704,1
20705,3
20706,6
20707,2
20708,6
20709,1
20710,0
20711,7
20712,4
20713,5
20714,5
20715,4
20716,2
20717,5
20718,0
20719,2
20720,3
20721,4
20722,3
20723,0
20724,2
20725,5
20726,2
20727,4
20728,4
20729,4
20730,2
20731,1
20732,3
20733,5
20734,1
20735,4
20736,3
20737,4
20738,3
20739,2
20740,0
20741,7
20742,5
20743,4
20744,2
20745,4
20746,4
20747,2
20748,3
20749,6
20750,3
20751,2
20752,1
20753,1
20754,4
20755,5
20756,1
20757,1
20758,3
20759,1
20760,5
20761,3
20762,4
20763,3
20764,6
20765,2
20766,5
20767,6
20768,4
20769,2
20770,4
20771,4
20772,0
20773,3
20774,3
20775,2
20776,2
20777,2
20778,3
20779,6
20780,0
20781,4
20782,2
20783,3
20784,3
20785,6
20786,2
20787,3
20788,7
20789,2
20790,5
20791,3
20792,2
20793,0
20794,1
20795,3
20796,2
20797,2
20798,0
20799,2
20800,0
20801,5
20802,3
20803,3
20804,4
20805,1
20806,2
20807,5
20808,5
20809,2
20810,1
20811,3
20812,1
20813,0
20814,0
20815,1
20816,1
20817,2
20818,6
20819,2
20820,4
20821,1
20822,5
20823,0
20824,5
20825,2
20826,3
20827,1
20828,2
20829,7
20830,2
20831,3
20832,3
20833,3
20834,4
20835,1
20836,3
20837,1
20838,3
20839,4
20840,3
20841,6
20842,4
20843,3
20844,6
20845,1
20846,3
20847,6
20848,2
20849,2
20850,2
20851,2
20852,6
20853,1
20854,4
20855,4
20856,3
20857,3
20858,0
20859,1
20860,4
20861,0
20862,1
20863,6
20864,4
20865,3
20866,3
20867,0
20868,3
20869,0
20870,2
20871,3
20872,2
20873,2
20874,4
20875,1
20876,4
20877,7
20878,2
20879,2
20880,2
20881,1
20882,3
20883,1
20884,1
20885,2
20886,4
20887,2
20888,4
20889,1
20890,2
20891,3
20892,3
20893,4
20894,1
20895,1
20896,3
20897,1
20898,1
20899,0
20900,1
20901,5
20902,1
20903,0
20904,2
20905,2
20906,1
20907,5
20908,4
20909,3
20910,7
20911,5
20912,5
20913,1
20914,1
20915,6
20916,1
20917,1
20918,3
20919,2
20920,5
20921,4
20922,0
20923,2
20924,5
20925,6
20926,4
20927,4
20928,0
20929,3
20930,0
20931,2
20932,3
20933,7
20934,2
20935,5
20936,2
20937,6
20938,3
20939,2
20940,0
20941,2
20942,1
20943,2
20944,4
20945,1
20946,1
20947,5
20948,3
20949,3
20950,5
20951,5
20952,0
20953,4
20954,1
20955,5
20956,1
20957,3
20958,6
20959,2
20960,4
20961,2
20962,3
20963,5
20964,2
20965,2
20966,4
20967,5
20968,6
20969,4
20970,1
20971,2
20972,5
20973,3
20974,2
20975,0
20976,2
20977,1
20978,2
20979,4
20980,3
20981,5
20982,3
20983,3
20984,4
20985,1
20986,2
20987,1
20988,2
20989,5
20990,5
20991,2
20992,3
20993,7
20994,3
20995,1
20996,1
20997,5
20998,2
20999,5
21000,3
21001,1
21002,0
21003,1
21004,3
21005,2
21006,2
21007,1
21008,3
21009,4
21010,3
21011,3
21012,2
21013,1
21014,3
21015,7
21016,3
21017,3
21018,3
21019,1
21020,3
21021,4
21022,2
21023,2
21024,1
21025,3
21026,0
21027,1
21028,4
21029,3
21030,4
21031,4
21032,5
21033,3
21034,5
21035,0
21036,3
21037,6
21038,4
21039,5
21040,2
21041,1
21042,2
21043,5
21044,6
21045,1
21046,2
21047,5
21048,5
21049,2
21050,4
21051,3
21052,2
21053,2
21054,3
21055,2
21056,6
21057,4
21058,3
21059,0
21060,4
21061,3
21062,6
21063,3
21064,3
21065,5
21066,1
21067,0
21068,6
21069,4
21070,4
21071,4
21072,7
21073,3
21074,1
21075,1
21076,0
21077,1
21078,2
21079,1
21080,3
21081,2
21082,1
21083,4
21084,6
21085,1
21086,6
21087,6
21088,1
21089,2
21090,3
21091,1
21092,2
21093,1
21094,1
21095,1
21096,4
21097,3
21098,1
21099,4
21100,4
21101,4
21102,1
21103,3
21104,2
21105,0
21106,1
21107,3
21108,3
21109,3
21110,1
21111,4
21112,3
21113,4
21114,1
21115,5
21116,1
21117,4
21118,1
21119,2
21120,2
21121,2
21122,5
21123,2
21124,2
21125,3
21126,1
21127,4
21128,2
21129,5
21130,7
21131,1
21132,3
21133,5
21134,5
21135,6
21136,4
21137,5
21138,0
21139,6
21140,2
21141,1
21142,1
21143,6
21144,2
21145,2
21146,4
21147,1
21148,6
21149,1
21150,3
21151,8
21152,0
21153,3
21154,2
21155,0
21156,1
21157,0
21158,2
21159,2
21160,5
21161,2
21162,5
21163,1
21164,3
21165,0
21166,0
21167,2
21168,2
21169,0
21170,3
21171,4
21172,1
21173,0
21174,3
21175,5
21176,2
21177,2
21178,0
21179,4
21180,2
21181,3
21182,6
21183,0
21184,2
21185,2
21186,3
21187,4
21188,1
21189,4
21190,3
21191,2
21192,4
21193,2
21194,0
21195,3
21196,5
21197,6
21198,3
21199,3
21200,3
21201,1
21202,2
21203,1
21204,3
21205,2
21206,6
21207,2
21208,6
21209,1
21210,6
21211,3
21212,3
21213,4
21214,1
21215,3
21216,1
21217,5
21218,4
21219,1
21220,3
21221,2
21222,4
21223,4
21224,5
21225,1
21226,2
21227,0
21228,1
21229,1
21230,6
21231,2
21232,2
21233,6
21234,3
21235,2
21236,4
21237,7
21238,2
21239,0
21240,4
21241,2
21242,2
21243,3
21244,4
21245,1
21246,2
21247,7
21248,3
21249,1
21250,5
21251,2
21252,3
21253,3
21254,2
21255,3
21256,1
21257,1
21258,3
21259,2
21260,4
21261,1
21262,3
21263,4
21264,2
21265,2
21266,3
21267,5
21268,0
21269,2
21270,5
21271,0
21272,0
21273,1
21274,0
21275,3
21276,1
21277,5
21278,0
21279,4
21280,2
21281,1
21282,1
21283,2
21284,1
21285,7
21286,4
21287,4
21288,1
21289,2
21290,2
21291,3
21292,3
21293,5
21294,4
21295,2
21296,4
21297,0
21298,0
21299,1
21300,2
21301,6
21302,3
21303,2
21304,1
21305,5
21306,4
21307,0
21308,0
21309,1
21310,6
21311,4
21312,2
21313,0
21314,4
21315,5
21316,5
21317,2
21318,4
21319,2
21320,5
21321,5
21322,1
21323,2
21324,1
21325,3
21326,0
21327,4
21328,4
21329,3
21330,4
21331,4
21332,3
21333,5
21334,2
21335,2
21336,3
21337,4
21338,4
21339,3
21340,2
21341,5
21342,1
21343,1
21344,6
21345,0
21346,2
21347,1
21348,2
21349,3
21350,1
21351,3
21352,2
21353,2
21354,2
21355,6
21356,1
21357,4
21358,4
21359,4
21360,1
21361,0
21362,2
21363,2
21364,1
21365,0
21366,2
21367,5
21368,3
21369,6
21370,1
21371,2
21372,3
21373,3
21374,4
21375,2
21376,4
21377,5
21378,4
21379,4
21380,1
21381,1
21382,2
21383,0
21384,3
21385,2
21386,4
21387,6
21388,1
21389,2
21390,2
21391,4
21392,3
21393,4
21394,3
21395,4
21396,0
21397,2
21398,5
21399,2
21400,5
21401,1
21402,7
21403,2
21404,0
21405,1
21406,2
21407,1
21408,6
21409,0
21410,1
21411,4
21412,0
21413,2
21414,4
21415,0
21416,2
21417,3
21418,3
21419,2
21420,4
21421,1
21422,3
21423,3
21424,4
21425,3
21426,3
21427,4
21428,5
21429,1
21430,5
21431,0
21432,1
21433,4
21434,3
21435,4
21436,4
21437,1
21438,1
21439,1
21440,0
21441,5
21442,4
21443,4
21444,3
21445,1
21446,2
21447,1
21448,1
21449,0
21450,4
21451,4
21452,3
21453,0
21454,3
21455,3
21456,1
21457,5
21458,5
21459,0
21460,5
21461,3
21462,2
21463,1
21464,1
21465,1
21466,3
21467,2
21468,4
21469,4
21470,5
21471,1
21472,3
21473,4
21474,4
21475,2
21476,4
21477,1
21478,2
21479,6
21480,0
21481,3
21482,1
21483,1
21484,3
21485,5
21486,2
21487,1
21488,6
21489,1
21490,6
21491,5
21492,1
21493,3
21494,0
21495,3
21496,5
21497,3
21498,1
21499,3
21500,5
21501,2
21502,5
21503,4
21504,0
21505,1
21506,4
21507,1
21508,2
21509,2
21510,3
21511,3
21512,2
21513,0
21514,3
21515,1
21516,1
21517,4
21518,1
21519,6
21520,4
21521,2
21522,3
21523,0
21524,2
21525,5
21526,3
21527,2
21528,3
21529,2
21530,2
21531,5
21532,1
21533,0
21534,2
21535,3
21536,6
21537,3
21538,1
21539,2
21540,3
21541,4
21542,4
21543,3
21544,2
21545,4
21546,2
21547,2
21548,2
21549,0
21550,3
21551,4
21552,3
21553,2
21554,3
21555,4
21556,5
21557,6
21558,2
21559,3
21560,0
21561,4
21562,7
21563,2
21564,3
21565,1
21566,8
21567,5
21568,2
21569,0
21570,1
21571,0
21572,1
21573,5
21574,1
21575,5
21576,0
21577,1
21578,1
21579,1
21580,3
21581,2
21582,2
21583,6
21584,3
21585,2
21586,0
21587,4
21588,1
21589,4
21590,1
21591,3
21592,3
21593,3
21594,1
21595,1
21596,5
21597,5
21598,6
21599,4
21600,0
21601,5
21602,5
21603,0
21604,6
21605,2
21606,4
21607,1
21608,4
21609,3
21610,2
21611,1
21612,1
21613,3
21614,4
21615,3
21616,2
21617,2
21618,1
21619,2
21620,2
21621,1
21622,4
21623,3
21624,1
21625,4
21626,4
21627,2
21628,2
21629,4
21630,2
21631,2
21632,3
21633,2
21634,2
21635,4
21636,6
21637,3
21638,5
21639,2
21640,2
21641,3
21642,2
21643,2
21644,1
21645,6
21646,1
21647,3
21648,6
21649,2
21650,3
21651,2
21652,2
21653,5
21654,3
21655,2
21656,2
21657,3
21658,4
21659,5
21660,0
21661,6
21662,1
21663,0
21664,0
21665,2
21666,1
21667,3
21668,2
21669,4
21670,4
21671,2
21672,1
21673,5
21674,3
21675,3
21676,4
21677,6
21678,6
21679,1
21680,6
21681,0
21682,1
21683,4
21684,4
21685,1
21686,4
21687,5
21688,5
21689,4
21690,4
21691,3
21692,1
21693,2
21694,2
21695,4
21696,1
21697,0
21698,5
21699,2
21700,6
21701,3
21702,2
21703,2
21704,4
21705,3
21706,2
21707,0
21708,1
21709,1
21710,3
21711,2
21712,2
21713,3
21714,4
21715,0
21716,3
21717,0
21718,2
21719,0
21720,2
21721,1
21722,3
21723,6
21724,0
21725,4
21726,0
21727,0
21728,0
21729,7
21730,3
21731,5
21732,1
21733,0
21734,3
21735,1
21736,6
21737,1
21738,3
21739,4
21740,1
21741,3
21742,3
21743,5
21744,3
21745,3
21746,5
21747,1
21748,0
21749,6
21750,2
21751,3
21752,3
21753,6
21754,0
21755,2
21756,4
21757,4
21758,6
21759,1
21760,5
21761,1
21762,3
21763,4
21764,1
21765,4
21766,3
21767,2
21768,5
21769,1
21770,3
21771,5
21772,2
21773,4
21774,1
21775,3
21776,3
21777,1
21778,4
21779,2
21780,3
21781,3
21782,1
21783,2
21784,2
21785,1
21786,4
21787,4
21788,2
21789,0
21790,3
21791,5
21792,5
21793,1
21794,2
21795,4
21796,4
21797,3
21798,7
21799,1
21800,1
21801,2
21802,1
21803,0
21804,2
21805,1
21806,8
21807,1
21808,0
21809,1
21810,2
21811,0
21812,2
21813,0
21814,3
21815,2
21816,2
21817,3
21818,4
21819,1
21820,2
21821,4
21822,2
21823,6
21824,1
21825,2
21826,1
21827,3
21828,5
21829,0
21830,2
21831,0
21832,0
21833,6
21834,3
21835,4
21836,3
21837,1
21838,1
21839,4
21840,2
21841,2
21842,0
21843,1
21844,6
21845,1
21846,2
21847,1
21848,0
21849,5
21850,3
21851,4
21852,2
21853,1
21854,4
21855,3
21856,3
21857,0
21858,1
21859,2
21860,0
21861,3
21862,0
21863,3
21864,2
21865,0
21866,1
21867,6
21868,5
21869,2
21870,1
21871,1
21872,0
21873,2
21874,2
21875,3
21876,3
21877,2
21878,1
21879,2
21880,1
21881,2
21882,1
21883,2
21884,2
21885,1
21886,2
21887,0
21888,0
21889,5
21890,2
21891,5
21892,1
21893,4
21894,4
21895,2
21896,3
21897,0
21898,4
21899,5
21900,0
21901,1
21902,4
21903,1
21904,3
21905,3
21906,5
21907,1
21908,4
21909,1
21910,7
21911,2
21912,4
21913,3
21914,0
21915,1
21916,3
21917,3
21918,4
21919,0
21920,5
21921,2
21922,7
21923,4
21924,1
21925,2
21926,1
21927,1
21928,1
21929,5
21930,4
21931,0
21932,2
21933,4
21934,2
21935,4
21936,3
21937,3
21938,1
21939,2
21940,4
21941,2
21942,2
21943,4
21944,1
21945,2
21946,1
21947,3
21948,2
21949,1
21950,0
21951,2
21952,5
21953,0
21954,4
21955,0
21956,3
21957,1
21958,2
21959,1
21960,2
21961,2
21962,4
21963,3
21964,1
21965,3
21966,2
21967,1
21968,3
21969,2
21970,2
21971,2
21972,2
21973,3
21974,2
21975,2
21976,0
21977,2
21978,2
21979,6
21980,3
21981,3
21982,6
21983,1
21984,2
21985,2
21986,4
21987,5
21988,4
21989,4
21990,1
21991,2
21992,1
21993,5
21994,2
21995,5
21996,5
21997,3
21998,1
21999,6
22000,5
22001,2
22002,7
22003,1
22004,6
22005,3
22006,6
22007,5
22008,0
22009,3
22010,4
22011,4
22012,1
22013,5
22014,2
22015,0
22016,6
22017,6
22018,2
22019,2
22020,2
22021,0
22022,2
22023,4
22024,1
22025,6
22026,3
22027,1
22028,1
22029,2
22030,2
22031,2
22032,1
22033,2
22034,1
22035,1
22036,2
22037,1
22038,3
22039,1
22040,3
22041,2
22042,0
22043,4
22044,3
22045,1
22046,0
22047,1
22048,6
22049,2
22050,2
22051,2
22052,3
22053,0
22054,5
22055,5
22056,2
22057,4
22058,0
22059,2
22060,6
22061,4
22062,1
22063,2
22064,1
22065,3
22066,2
22067,3
22068,1
22069,0
22070,4
22071,2
22072,4
22073,1
22074,5
22075,3
22076,4
22077,3
22078,0
22079,2
22080,3
22081,6
22082,5
22083,3
22084,5
22085,5
22086,5
22087,4
22088,5
22089,0
22090,0
22091,0
22092,4
22093,4
22094,4
22095,4
22096,2
22097,0
22098,3
22099,2
22100,3
22101,2
22102,1
22103,3
22104,1
22105,2
22106,2
22107,1
22108,3
22109,2
22110,4
22111,1
22112,5
22113,0
22114,2
22115,4
22116,1
22117,2
22118,2
22119,3
22120,0
22121,1
22122,1
22123,1
22124,1
22125,0
22126,3
22127,2
22128,3
22129,3
22130,4
22131,3
22132,5
22133,3
22134,4
22135,4
22136,2
22137,1
22138,5
22139,1
22140,5
22141,2
22142,3
22143,0
22144,3
22145,3
22146,0
22147,2
22148,7
22149,0
22150,5
22151,7
22152,5
22153,3
22154,7
22155,6
22156,7
22157,6
22158,4
22159,1
22160,1
22161,0
22162,5
22163,7
22164,1
22165,3
22166,1
22167,5
22168,0
22169,6
22170,4
22171,3
22172,2
22173,2
22174,3
22175,0
22176,3
22177,0
22178,4
22179,3
22180,0
22181,4
22182,4
22183,0
22184,6
22185,1
22186,4
22187,0
22188,0
22189,4
22190,3
22191,1
22192,3
22193,5
22194,1
22195,2
22196,1
22197,3
22198,3
22199,1
22200,5
22201,3
22202,6
22203,4
22204,5
22205,4
22206,3
22207,5
22208,2
22209,3
22210,3
22211,0
22212,1
22213,3
22214,1
22215,4
22216,4
22217,4
22218,6
22219,0
22220,3
22221,2
22222,3
22223,4
22224,2
22225,0
22226,3
22227,0
22228,6
22229,5
22230,2
22231,3
22232,4
22233,3
22234,2
22235,5
22236,4
22237,0
22238,4
22239,4
22240,3
22241,1
22242,2
22243,0
22244,1
22245,4
22246,2
22247,3
22248,4
22249,2
22250,3
22251,0
22252,1
22253,0
22254,3
22255,2
22256,2
22257,4
22258,5
22259,4
22260,3
22261,1
22262,1
22263,3
22264,2
22265,2
22266,0
22267,3
22268,4
22269,1
22270,6
22271,1
22272,1
22273,6
22274,4
22275,2
22276,2
22277,7
22278,3
22279,2
22280,1
22281,2
22282,2
22283,1
22284,3
22285,1
22286,0
22287,2
22288,2
22289,4
22290,3
22291,1
22292,1
22293,3
22294,4
22295,2
22296,4
22297,0
22298,0
22299,2
22300,2
22301,4
22302,4
22303,2
22304,1
22305,1
22306,5
22307,5
22308,2
22309,2
22310,1
22311,2
22312,2
22313,1
22314,1
22315,0
22316,1
22317,4
22318,6
22319,6
22320,2
22321,1
22322,3
22323,1
22324,3
22325,4
22326,3
22327,4
22328,3
22329,2
22330,5
22331,6
22332,5
22333,1
22334,2
22335,0
22336,1
22337,2
22338,1
22339,5
22340,2
22341,0
22342,4
22343,1
22344,1
22345,6
22346,5
22347,2
22348,3
22349,1
22350,4
22351,4
22352,5
22353,6
22354,1
22355,2
22356,1
22357,0
22358,3
22359,4
22360,4
22361,3
22362,4
22363,4
22364,2
22365,2
22366,7
22367,4
22368,5
22369,0
22370,1
22371,0
22372,1
22373,3
22374,2
22375,1
22376,2
22377,0
22378,5
22379,2
22380,3
22381,3
22382,2
22383,0
22384,3
22385,3
22386,3
22387,2
22388,2
22389,2
22390,6
22391,5
22392,2
22393,1
22394,7
22395,3
22396,5
22397,1
22398,4
22399,1
22400,1
22401,2
22402,5
22403,3
22404,2
22405,3
22406,5
22407,4
22408,3
22409,0
22410,1
22411,5
22412,4
22413,3
22414,1
22415,3
22416,0
22417,2
22418,2
22419,3
22420,2
22421,3
22422,2
22423,6
22424,4
22425,4
22426,4
22427,3
22428,0
22429,1
22430,0
22431,3
22432,4
22433,1
22434,3
22435,1
22436,2
22437,2
22438,3
22439,1
22440,2
22441,2
22442,2
22443,1
22444,4
22445,3
22446,0
22447,0
22448,2
22449,3
22450,4
22451,6
22452,2
22453,2
22454,6
22455,3
22456,3
22457,1
22458,1
22459,2
22460,0
22461,2
22462,6
22463,0
22464,5
22465,1
22466,0
22467,3
22468,1
22469,4
22470,1
22471,1
22472,2
22473,1
22474,6
22475,2
22476,7
22477,2
22478,0
22479,2
22480,2
22481,2
22482,1
22483,2
22484,1
22485,5
22486,2
22487,6
22488,3
22489,4
22490,3
22491,8
22492,1
22493,4
22494,4
22495,1
22496,3
22497,0
22498,4
22499,3
22500,3
22501,0
22502,3
22503,2
22504,3
22505,2
22506,2
22507,3
22508,1
22509,5
22510,2
22511,7
22512,2
22513,0
22514,1
22515,5
22516,0
22517,0
22518,6
22519,2
22520,4
22521,5
22522,3
22523,4
22524,2
22525,5
22526,5
22527,4
22528,3
22529,3
22530,1
22531,5
22532,1
22533,2
22534,2
22535,0
22536,7
22537,2
22538,4
22539,5
22540,1
22541,1
22542,2
22543,7
22544,0
22545,5
22546,4
22547,1
22548,3
22549,2
22550,3
22551,1
22552,5
22553,1
22554,2
22555,6
22556,2
22557,2
22558,0
22559,2
22560,3
22561,3
22562,3
22563,4
22564,3
22565,0
22566,1
22567,1
22568,6
22569,2
22570,1
22571,1
22572,4
22573,2
22574,1
22575,2
22576,4
22577,1
22578,3
22579,0
22580,5
22581,0
22582,4
22583,3
22584,6
22585,1
22586,2
22587,3
22588,0
22589,3
22590,6
22591,4
22592,1
22593,3
22594,0
22595,0
22596,2
22597,1
22598,6
22599,6
22600,5
22601,2
22602,2
22603,1
22604,1
22605,2
22606,4
22607,1
22608,0
22609,4
22610,5
22611,2
22612,1
22613,0
22614,4
22615,3
22616,4
22617,3
22618,3
22619,1
22620,3
22621,4
22622,1
22623,2
22624,4
22625,4
22626,6
22627,2
22628,1
22629,4
22630,2
22631,4
22632,4
22633,3
22634,0
22635,2
22636,3
22637,0
22638,4
22639,1
22640,5
22641,1
22642,3
22643,1
22644,0
22645,7
22646,5
22647,5
22648,1
22649,1
22650,5
22651,1
22652,1
22653,2
22654,2
22655,5
22656,4
22657,3
22658,1
22659,4
22660,4
22661,5
22662,0
22663,2
22664,4
22665,1
22666,2
22667,2
22668,4
22669,0
22670,3
22671,2
22672,5
22673,2
22674,0
22675,3
22676,3
22677,4
22678,3
22679,6
22680,0
22681,2
22682,3
22683,3
22684,0
22685,1
22686,6
22687,4
22688,4
22689,4
22690,7
22691,1
22692,4
22693,0
22694,3
22695,0
22696,3
22697,3
22698,1
22699,5
22700,0
22701,1
22702,1
22703,5
22704,1
22705,5
22706,3
22707,5
22708,1
22709,1
22710,3
22711,2
22712,0
22713,2
22714,4
22715,6
22716,2
22717,7
22718,7
22719,2
22720,2
22721,4
22722,5
22723,5
22724,2
22725,4
22726,4
22727,1
22728,2
22729,5
22730,1
22731,6
22732,2
22733,6
22734,3
22735,5
22736,3
22737,1
22738,1
22739,5
22740,2
22741,4
22742,3
22743,4
22744,2
22745,1
22746,1
22747,5
22748,3
22749,1
22750,0
22751,1
22752,4
22753,4
22754,1
22755,1
22756,0
22757,5
22758,1
22759,1
22760,1
22761,1
22762,0
22763,2
22764,4
22765,3
22766,2
22767,6
22768,1
22769,0
22770,3
22771,3
22772,0
22773,1
22774,2
22775,0
22776,3
22777,5
22778,3
22779,6
22780,1
22781,1
22782,3
22783,5
22784,3
22785,4
22786,2
22787,2
22788,3
22789,2
22790,0
22791,0
22792,2
22793,2
22794,4
22795,4
22796,5
22797,4
22798,1
22799,0
22800,7
22801,5
22802,5
22803,0
22804,0
22805,2
22806,3
22807,1
22808,5
22809,1
22810,1
22811,3
22812,0
22813,4
22814,4
22815,3
22816,1
22817,4
22818,1
22819,3
22820,2
22821,2
22822,3
22823,5
22824,6
22825,4
22826,1
22827,5
22828,3
22829,3
22830,6
22831,0
22832,3
22833,4
22834,4
22835,4
22836,1
22837,1
22838,4
22839,6
22840,5
22841,4
22842,4
22843,1
22844,0
22845,6
22846,1
22847,3
22848,0
22849,7
22850,4
22851,0
22852,3
22853,4
22854,4
22855,5
22856,2
22857,2
22858,2
22859,3
22860,5
22861,1
22862,2
22863,2
22864,0
22865,1
22866,3
22867,3
22868,5
22869,7
22870,0
22871,4
22872,1
22873,2
22874,1
22875,8
22876,3
22877,0
22878,0
22879,6
22880,6
22881,4
22882,1
22883,5
22884,4
22885,1
22886,2
22887,5
22888,3
22889,4
22890,3
22891,0
22892,4
22893,3
22894,5
22895,4
22896,5
22897,5
22898,5
22899,4
22900,5
22901,3
22902,3
22903,2
22904,2
22905,4
22906,2
22907,3
22908,2
22909,1
22910,0
22911,2
22912,7
22913,5
22914,2
22915,0
22916,5
22917,1
22918,2
22919,2
22920,6
22921,0
22922,3
22923,0
22924,0
22925,5
22926,4
22927,3
22928,3
22929,4
22930,1
22931,2
22932,3
22933,2
22934,3
22935,7
22936,0
22937,2
22938,4
22939,6
22940,5
22941,0
22942,7
22943,6
22944,2
22945,2
22946,5
22947,1
22948,5
22949,2
22950,2
22951,2
22952,7
22953,2
22954,2
22955,7
22956,3
22957,2
22958,2
22959,6
22960,1
22961,2
22962,0
22963,2
22964,0
22965,1
22966,2
22967,1
22968,1
22969,1
22970,1
22971,1
22972,4
22973,4
22974,1
22975,4
22976,0
22977,4
22978,2
22979,1
22980,1
22981,2
22982,4
22983,1
22984,1
22985,3
22986,2
22987,2
22988,5
22989,4
22990,2
22991,1
22992,4
22993,5
22994,4
22995,5
22996,1
22997,2
22998,6
22999,2
23000,4
23001,3
23002,5
23003,1
23004,5
23005,3
23006,1
23007,3
23008,0
23009,2
23010,3
23011,5
23012,2
23013,3
23014,0
23015,4
23016,4
23017,2
23018,1
23019,1
23020,2
23021,2
23022,3
23023,1
23024,1
23025,2
23026,2
23027,4
23028,3
23029,2
23030,2
23031,1
23032,6
23033,3
23034,2
23035,4
23036,1
23037,5
23038,2
23039,3
23040,4
23041,0
23042,4
23043,3
23044,6
23045,0
23046,0
23047,2
23048,3
23049,4
23050,4
23051,6
23052,2
23053,3
23054,3
23055,2
23056,2
23057,5
23058,1
23059,2
23060,2
23061,3
23062,3
23063,0
23064,1
23065,4
23066,1
23067,7
23068,4
23069,5
23070,1
23071,3
23072,1
23073,5
23074,3
23075,1
23076,0
23077,3
23078,1
23079,0
23080,1
23081,2
23082,1
23083,3
23084,1
23085,0
23086,4
23087,6
23088,2
23089,2
23090,1
23091,5
23092,3
23093,3
23094,2
23095,3
23096,1
23097,6
23098,3
23099,4
23100,2
23101,3
23102,4
23103,1
23104,5
23105,3
23106,2
23107,4
23108,0
23109,0
23110,1
23111,5
23112,3
23113,1
23114,4
23115,2
23116,4
23117,3
23118,0
23119,2
23120,2
23121,2
23122,5
23123,1
23124,2
23125,3
23126,3
23127,5
23128,3
23129,2
23130,4
23131,2
23132,5
23133,3
23134,5
23135,5
23136,3
23137,0
23138,2
23139,6
23140,3
23141,5
23142,4
23143,2
23144,1
23145,1
23146,3
23147,1
23148,3
23149,5
23150,5
23151,4
23152,4
23153,0
23154,1
23155,1
23156,0
23157,1
23158,0
23159,3
23160,2
23161,2
23162,7
23163,1
23164,4
23165,1
23166,3
23167,1
23168,2
23169,4
23170,5
23171,0
23172,5
23173,2
23174,3
23175,3
23176,4
23177,2
23178,2
23179,0
23180,2
23181,3
23182,1
23183,4
23184,3
23185,5
23186,2
23187,2
23188,6
23189,1
23190,4
23191,5
23192,2
23193,2
23194,2
23195,1
23196,2
23197,1
23198,3
23199,1
23200,2
23201,0
23202,5
23203,4
23204,4
23205,0
23206,1
23207,5
23208,0
23209,2
23210,5
23211,0
23212,0
23213,2
23214,3
23215,2
23216,3
23217,0
23218,2
23219,0
23220,2
23221,5
23222,4
23223,6
23224,4
23225,3
23226,4
23227,3
23228,5
23229,5
23230,3
23231,0
23232,4
23233,1
23234,3
23235,2
23236,3
23237,5
23238,2
23239,4
23240,4
23241,5
23242,2
23243,1
23244,3
23245,5
23246,0
23247,5
23248,2
23249,2
23250,2
23251,1
23252,1
23253,4
23254,3
23255,5
23256,5
23257,1
23258,2
23259,1
23260,1
23261,2
23262,2
23263,2
23264,1
23265,2
23266,0
23267,5
23268,1
23269,0
23270,0
23271,2
23272,5
23273,0
23274,0
23275,4
23276,7
23277,0
23278,7
23279,3
23280,3
23281,1
23282,1
23283,1
23284,1
23285,6
23286,1
23287,3
23288,6
23289,2
23290,3
23291,3
23292,3
23293,7
23294,3
23295,1
23296,1
23297,1
23298,1
23299,5
23300,6
23301,2
23302,2
23303,6
23304,3
23305,2
23306,6
23307,2
23308,1
23309,3
23310,3
23311,1
23312,1
23313,5
23314,2
23315,1
23316,3
23317,3
23318,6
23319,5
23320,1
23321,5
23322,0
23323,2
23324,6
23325,1
23326,2
23327,4
23328,2
23329,1
23330,4
23331,2
23332,0
23333,3
23334,6
23335,2
23336,2
23337,0
23338,4
23339,3
23340,5
23341,4
23342,0
23343,2
23344,2
23345,7
23346,2
23347,3
23348,6
23349,2
23350,3
23351,3
23352,7
23353,2
23354,2
23355,4
23356,1
23357,3
23358,5
23359,5
23360,5
23361,0
23362,4
23363,3
23364,6
23365,2
23366,1
23367,1
23368,0
23369,4
23370,5
23371,2
23372,3
23373,5
23374,3
23375,0
23376,3
23377,2
23378,3
23379,5
23380,4
23381,4
23382,0
23383,2
23384,4
23385,3
23386,2
23387,7
23388,5
23389,0
23390,4
23391,1
23392,2
23393,3
23394,2
23395,3
23396,4
23397,2
23398,4
23399,3
23400,2
23401,4
23402,0
23403,4
23404,4
23405,1
23406,1
23407,3
23408,0
23409,3
23410,4
23411,1
23412,4
23413,2
23414,5
23415,1
23416,3
23417,1
23418,4
23419,3
23420,2
23421,3
23422,3
23423,2
23424,5
23425,6
23426,4
23427,6
23428,2
23429,1
23430,6
23431,3
23432,2
23433,4
23434,2
23435,1
23436,4
23437,6
23438,6
23439,4
23440,5
23441,4
23442,1
23443,1
23444,2
23445,2
23446,6
23447,1
23448,3
23449,1
23450,1
23451,4
23452,2
23453,2
23454,1
23455,2
23456,4
23457,1
23458,0
23459,4
23460,5
23461,4
23462,1
23463,0
23464,5
23465,5
23466,3
23467,6
23468,0
23469,2
23470,3
23471,5
23472,1
23473,3
23474,2
23475,4
23476,5
23477,3
23478,3
23479,2
23480,0
23481,4
23482,3
23483,3
23484,5
23485,2
23486,0
23487,5
23488,2
23489,2
23490,5
23491,4
23492,0
23493,4
23494,2
23495,4
23496,4
23497,4
23498,2
23499,2
23500,3
23501,2
23502,2
23503,5
23504,4
23505,1
23506,2
23507,2
23508,1
23509,5
23510,4
23511,0
23512,3
23513,0
23514,0
23515,3
23516,3
23517,2
23518,4
23519,1
23520,1
23521,0
23522,4
23523,4
23524,3
23525,1
23526,4
23527,1
23528,4
23529,5
23530,0
23531,6
23532,1
23533,1
23534,1
23535,3
23536,2
23537,1
23538,3
23539,5
23540,0
23541,4
23542,5
23543,3
23544,1
23545,3
23546,0
23547,2
23548,2
23549,4
23550,6
23551,5
23552,3
23553,1
23554,2
23555,0
23556,3
23557,4
23558,1
23559,2
23560,3
23561,2
23562,3
23563,2
23564,2
23565,2
23566,3
23567,1
23568,2
23569,6
23570,0
23571,2
23572,6
23573,2
23574,2
23575,0
23576,4
23577,3
23578,1
23579,2
23580,1
23581,3
23582,1
23583,6
23584,2
23585,1
23586,1
23587,0
23588,5
23589,1
23590,4
23591,6
23592,1
23593,4
23594,1
23595,4
23596,3
23597,3
23598,4
23599,2
23600,4
23601,1
23602,1
23603,4
23604,3
23605,2
23606,5
23607,0
23608,1
23609,0
23610,2
23611,3
23612,4
23613,2
23614,5
23615,0
23616,2
23617,2
23618,3
23619,4
23620,4
23621,1
23622,2
23623,1
23624,2
23625,4
23626,3
23627,4
23628,2
23629,2
23630,2
23631,1
23632,7
23633,1
23634,1
23635,0
23636,2
23637,3
23638,1
23639,3
23640,3
23641,4
23642,2
23643,3
23644,1
23645,4
23646,5
23647,3
23648,7
23649,4
23650,1
23651,3
23652,4
23653,4
23654,0
23655,5
23656,2
23657,5
23658,3
23659,3
23660,4
23661,3
23662,0
23663,1
23664,4
23665,2
23666,1
23667,0
23668,1
23669,0
23670,0
23671,3
23672,3
23673,3
23674,3
23675,2
23676,6
23677,4
23678,1
23679,3
23680,1
23681,1
23682,1
23683,5
23684,1
23685,1
23686,6
23687,2
23688,3
23689,1
23690,4
23691,3
23692,2
23693,5
23694,3
23695,0
23696,5
23697,2
23698,0
23699,2
23700,4
23701,0
23702,2
23703,4
23704,2
23705,1
23706,4
23707,2
23708,4
23709,2
23710,1
23711,3
23712,5
23713,2
23714,2
23715,2
23716,2
23717,4
23718,0
23719,1
23720,1
23721,6
23722,4
23723,4
23724,4
23725,3
23726,0
23727,3
23728,1
23729,2
23730,3
23731,1
23732,4
23733,3
23734,0
23735,6
23736,4
23737,1
23738,2
23739,2
23740,1
23741,3
23742,2
23743,3
23744,2
23745,5
23746,2
23747,1
23748,6
23749,2
23750,3
23751,6
23752,2
23753,3
23754,6
23755,6
23756,7
23757,0
23758,3
23759,2
23760,4
23761,2
23762,6
23763,4
23764,3
23765,1
23766,2
23767,1
23768,2
23769,3
23770,3
23771,1
23772,6
23773,6
23774,2
23775,6
23776,4
23777,2
23778,4
23779,5
23780,2
23781,2
23782,2
23783,1
23784,1
23785,1
23786,2
23787,6
23788,2
23789,5
23790,2
23791,1
23792,1
23793,6
23794,5
23795,3
23796,2
23797,1
23798,2
23799,5
23800,3
23801,1
23802,3
23803,3
23804,3
23805,7
23806,1
23807,4
23808,1
23809,4
23810,4
23811,2
23812,2
23813,0
23814,2
23815,2
23816,5
23817,7
23818,4
23819,1
23820,4
23821,6
23822,0
23823,5
23824,6
23825,2
23826,4
23827,2
23828,2
23829,1
23830,4
23831,4
23832,2
23833,4
23834,6
23835,1
23836,7
23837,0
23838,4
23839,1
23840,3
23841,3
23842,4
23843,2
23844,5
23845,1
23846,5
23847,2
23848,0
23849,5
23850,3
23851,1
23852,1
23853,4
23854,2
23855,0
23856,1
23857,1
23858,1
23859,4
23860,2
23861,4
23862,6
23863,2
23864,4
23865,3
23866,1
23867,0
23868,0
23869,5
23870,3
23871,2
23872,2
23873,6
23874,5
23875,1
23876,3
23877,5
23878,3
23879,4
23880,0
23881,1
23882,2
23883,1
23884,4
23885,0
23886,2
23887,3
23888,3
23889,1
23890,6
23891,1
23892,5
23893,4
23894,1
23895,2
23896,1
23897,1
23898,4
23899,0
23900,2
23901,5
23902,2
23903,6
23904,4
23905,5
23906,4
23907,2
23908,1
23909,1
23910,2
23911,3
23912,0
23913,1
23914,7
23915,0
23916,2
23917,6
23918,0
23919,2
23920,5
23921,5
23922,5
23923,1
23924,6
23925,0
23926,1
23927,4
23928,3
23929,5
23930,2
23931,2
23932,2
23933,2
23934,1
23935,0
23936,3
23937,4
23938,2
23939,3
23940,4
23941,2
23942,2
23943,1
23944,5
23945,3
23946,5
23947,5
23948,5
23949,5
23950,2
23951,6
23952,1
23953,5
23954,4
23955,7
23956,4
23957,4
23958,1
23959,5
23960,2
23961,0
23962,1
23963,4
23964,1
23965,3
23966,2
23967,4
23968,0
23969,1
23970,1
23971,5
23972,2
23973,1
23974,2
23975,3
23976,0
23977,0
23978,3
23979,2
23980,1
23981,2
23982,2
23983,2
23984,1
23985,3
23986,6
23987,1
23988,2
23989,3
23990,7
23991,1
23992,5
23993,3
23994,4
23995,5
23996,5
23997,2
23998,2
23999,3
24000,4
24001,3
24002,0
24003,6
24004,5
24005,2
24006,1
24007,4
24008,2
24009,4
24010,2
24011,6
24012,1
24013,2
24014,1
24015,0
24016,1
24017,7
24018,2
24019,2
24020,3
24021,3
24022,5
24023,2
24024,1
24025,0
24026,5
24027,4
24028,2
24029,0
24030,2
24031,1
24032,1
24033,3
24034,2
24035,3
24036,1
24037,0
24038,2
24039,1
24040,3
24041,2
24042,2
24043,1
24044,2
24045,0
24046,4
24047,2
24048,0
24049,4
24050,0
24051,4
24052,4
24053,2
24054,5
24055,1
24056,1
24057,2
24058,2
24059,5
24060,4
24061,4
24062,2
24063,3
24064,4
24065,6
24066,4
24067,2
24068,4
24069,6
24070,4
24071,0
24072,5
24073,2
24074,3
24075,3
24076,6
24077,1
24078,1
24079,3
24080,3
24081,2
24082,0
24083,1
24084,6
24085,0
24086,4
24087,5
24088,4
24089,4
24090,2
24091,1
24092,5
24093,2
24094,1
24095,3
24096,4
24097,3
24098,3
24099,5
24100,1
24101,0
24102,0
24103,9
24104,1
24105,1
24106,3
24107,0
24108,0
24109,3
24110,2
24111,3
24112,3
24113,3
24114,1
24115,2
24116,6
24117,0
24118,2
24119,5
24120,0
24121,5
24122,2
24123,4
24124,2
24125,0
24126,4
24127,2
24128,4
24129,1
24130,0
24131,2
24132,1
24133,2
24134,4
24135,2
24136,2
24137,1
24138,6
24139,3
24140,1
24141,1
24142,0
24143,4
24144,3
24145,0
24146,4
24147,1
24148,0
24149,3
24150,5
24151,4
24152,2
24153,3
24154,0
24155,3
24156,4
24157,5
24158,3
24159,5
24160,1
24161,5
24162,3
24163,7
24164,4
24165,1
24166,6
24167,2
24168,1
24169,1
24170,4
24171,1
24172,3
24173,2
24174,1
24175,4
24176,1
24177,2
24178,0
24179,2
24180,2
24181,2
24182,2
24183,3
24184,3
24185,3
24186,2
24187,2
24188,3
24189,0
24190,3
24191,0
24192,0
24193,4
24194,5
24195,1
24196,4
24197,0
24198,4
24199,6
24200,3
24201,6
24202,3
24203,2
24204,2
24205,4
24206,5
24207,1
24208,2
24209,6
24210,4
24211,1
24212,3
24213,2
24214,1
24215,3
24216,4
24217,2
24218,2
24219,2
24220,3
24221,3
24222,3
24223,4
24224,4
24225,3
24226,1
24227,3
24228,1
24229,4
24230,1
24231,1
24232,0
24233,1
24234,1
24235,3
24236,4
24237,2
24238,2
24239,0
24240,1
24241,4
24242,4
24243,4
24244,6
24245,3
24246,2
24247,1
24248,4
24249,3
24250,1
24251,1
24252,6
24253,2
24254,1
24255,5
24256,5
24257,4
24258,2
24259,6
24260,3
24261,4
24262,5
24263,2
24264,0
24265,3
24266,3
24267,1
24268,2
24269,2
24270,4
24271,4
24272,2
24273,1
24274,3
24275,1
24276,4
24277,2
24278,3
24279,3
24280,3
24281,3
24282,5
24283,2
24284,3
24285,7
24286,6
24287,0
24288,2
24289,3
24290,1
24291,0
24292,2
24293,5
24294,6
24295,2
24296,1
24297,6
24298,1
24299,7
24300,4
24301,3
24302,4
24303,5
24304,5
24305,3
24306,5
24307,5
24308,2
24309,2
24310,2
24311,2
24312,2
24313,3
24314,1
24315,4
24316,1
24317,1
24318,4
24319,3
24320,3
24321,6
24322,2
24323,0
24324,4
24325,2
24326,3
24327,3
24328,0
24329,5
24330,1
24331,5
24332,5
24333,2
24334,4
24335,3
24336,2
24337,4
24338,2
24339,1
24340,5
24341,0
24342,7
24343,3
24344,6
24345,2
24346,1
24347,3
24348,4
24349,3
24350,3
24351,6
24352,4
24353,3
24354,1
24355,4
24356,2
24357,0
24358,1
24359,0
24360,7
24361,5
24362,3
24363,1
24364,7
24365,4
24366,2
24367,4
24368,5
24369,6
24370,3
24371,2
24372,1
24373,4
24374,1
24375,0
24376,4
24377,0
24378,5
24379,2
24380,5
24381,3
24382,4
24383,3
24384,2
24385,0
24386,0
24387,2
24388,6
24389,5
24390,4
24391,4
24392,2
24393,4
24394,2
24395,3
24396,2
24397,2
24398,0
24399,2
24400,4
24401,1
24402,0
24403,2
24404,2
24405,1
24406,5
24407,3
24408,2
24409,2
24410,1
24411,1
24412,3
24413,1
24414,5
24415,2
24416,1
24417,5
24418,2
24419,3
24420,7
24421,2
24422,4
24423,4
24424,0
24425,3
24426,2
24427,1
24428,1
24429,3
24430,3
24431,1
24432,1
24433,2
24434,5
24435,1
24436,3
24437,5
24438,3
24439,1
24440,4
24441,3
24442,3
24443,2
24444,3
24445,5
24446,2
24447,8
24448,0
24449,3
24450,4
24451,6
24452,3
24453,2
24454,5
24455,6
24456,1
24457,1
24458,3
24459,0
24460,4
24461,4
24462,1
24463,4
24464,1
24465,4
24466,1
24467,2
24468,3
24469,2
24470,4
24471,1
24472,4
24473,0
24474,4
24475,1
24476,1
24477,5
24478,4
24479,1
24480,1
24481,4
24482,2
24483,0
24484,2
24485,0
24486,2
24487,0
24488,2
24489,1
24490,2
24491,4
24492,1
24493,0
24494,5
24495,1
24496,5
24497,2
24498,5
24499,4
24500,0
24501,2
24502,3
24503,3
24504,5
24505,3
24506,1
24507,0
24508,4
24509,1
24510,3
24511,3
24512,1
24513,6
24514,3
24515,4
24516,3
24517,2
24518,6
24519,3
24520,2
24521,1
24522,2
24523,2
24524,6
24525,7
24526,3
24527,1
24528,4
24529,3
24530,2
24531,2
24532,0
24533,0
24534,3
24535,6
24536,2
24537,2
24538,1
24539,1
24540,5
24541,4
24542,4
24543,0
24544,3
24545,6
24546,1
24547,2
24548,3
24549,2
24550,4
24551,6
24552,4
24553,2
24554,0
24555,6
24556,1
24557,5
24558,2
24559,1
24560,3
24561,4
24562,7
24563,5
24564,1
24565,1
24566,0
24567,2
24568,1
24569,4
24570,5
24571,4
24572,3
24573,0
24574,0
24575,2
24576,2
24577,2
24578,2
24579,6
24580,1
24581,1
24582,3
24583,4
24584,1
24585,2
24586,0
24587,1
24588,4
24589,2
24590,5
24591,3
24592,2
24593,2
24594,5
24595,2
24596,3
24597,3
24598,2
24599,6
24600,7
24601,0
24602,0
24603,3
24604,0
24605,5
24606,2
24607,1
24608,0
24609,2
24610,4
24611,2
24612,2
24613,3
24614,3
24615,5
24616,4
24617,5
24618,1
24619,0
24620,5
24621,2
24622,3
24623,5
24624,3
24625,2
24626,1
24627,4
24628,0
24629,5
24630,6
24631,0
24632,2
24633,2
24634,2
24635,3
24636,4
24637,3
24638,5
24639,3
24640,5
24641,4
24642,1
24643,4
24644,4
24645,4
24646,1
24647,0
24648,0
24649,6
24650,0
24651,0
24652,3
24653,1
24654,3
24655,1
24656,5
24657,0
24658,3
24659,4
24660,0
24661,0
24662,0
24663,1
24664,3
24665,0
24666,1
24667,1
24668,4
24669,4
24670,2
24671,3
24672,2
24673,3
24674,5
24675,6
24676,1
24677,3
24678,2
24679,4
24680,7
24681,5
24682,1
24683,3
24684,4
24685,1
24686,4
24687,3
24688,0
24689,3
24690,4
24691,4
24692,1
24693,6
24694,1
24695,5
24696,2
24697,3
24698,7
24699,1
24700,3
24701,4
24702,1
24703,2
24704,4
24705,1
24706,3
24707,3
24708,4
24709,4
24710,5
24711,2
24712,3
24713,3
24714,2
24715,3
24716,0
24717,5
24718,1
24719,1
24720,1
24721,3
24722,3
24723,2
24724,5
24725,0
24726,3
24727,5
24728,2
24729,1
24730,2
24731,1
24732,4
24733,4
24734,4
24735,1
24736,2
24737,4
24738,3
24739,1
24740,2
24741,2
24742,4
24743,3
24744,4
24745,2
24746,1
24747,3
24748,3
24749,4
24750,1
24751,4
24752,2
24753,4
24754,2
24755,4
24756,1
24757,1
24758,1
24759,1
24760,4
24761,2
24762,4
24763,5
24764,6
24765,6
24766,1
24767,4
24768,4
24769,3
24770,2
24771,2
24772,2
24773,2
24774,2
24775,4
24776,3
24777,4
24778,1
24779,2
24780,0
24781,3
24782,4
24783,3
24784,0
24785,5
24786,1
24787,3
24788,1
24789,3
24790,3
24791,2
24792,3
24793,3
24794,2
24795,6
24796,3
24797,1
24798,4
24799,3
24800,3
24801,1
24802,1
24803,7
24804,6
24805,3
24806,0
24807,0
24808,2
24809,3
24810,3
24811,2
24812,4
24813,2
24814,3
24815,0
24816,0
24817,2
24818,2
24819,5
24820,4
24821,0
24822,1
24823,5
24824,4
24825,2
24826,5
24827,2
24828,3
24829,0
24830,3
24831,0
24832,0
24833,2
24834,3
24835,4
24836,4
24837,2
24838,0
24839,1
24840,3
24841,2
24842,0
24843,3
24844,2
24845,2
24846,2
24847,1
24848,1
24849,3
24850,3
24851,2
24852,2
24853,2
24854,0
24855,3
24856,0
24857,5
24858,3
24859,1
24860,0
24861,2
24862,1
24863,3
24864,5
24865,5
24866,3
24867,1
24868,3
24869,1
24870,6
24871,1
24872,3
24873,4
24874,5
24875,3
24876,1
24877,5
24878,4
24879,2
24880,2
24881,2
24882,2
24883,2
24884,2
24885,3
24886,3
24887,0
24888,3
24889,3
24890,3
24891,2
24892,3
24893,5
24894,7
24895,3
24896,3
24897,2
24898,4
24899,3
24900,3
24901,4
24902,2
24903,4
24904,2
24905,0
24906,2
24907,4
24908,2
24909,3
24910,2
24911,2
24912,4
24913,3
24914,1
24915,2
24916,4
24917,4
24918,4
24919,5
24920,4
24921,0
24922,6
24923,7
24924,1
24925,1
24926,2
24927,1
24928,2
24929,3
24930,1
24931,2
24932,3
24933,3
24934,4
24935,3
24936,3
24937,4
24938,1
24939,0
24940,6
24941,0
24942,1
24943,4
24944,6
24945,1
24946,3
24947,6
24948,2
24949,1
24950,2
24951,3
24952,0
24953,3
24954,5
24955,3
24956,1
24957,2
24958,4
24959,7
24960,5
24961,2
24962,4
24963,2
24964,5
24965,4
24966,1
24967,2
24968,2
24969,4
24970,1
24971,3
24972,3
24973,3
24974,0
24975,2
24976,2
24977,4
24978,6
24979,2
24980,1
24981,1
24982,0
24983,2
24984,4
24985,4
24986,5
24987,4
24988,5
24989,4
24990,1
24991,4
24992,4
24993,0
24994,0
24995,0
24996,3
24997,6
24998,2
24999,2
25000,2
25001,4
25002,3
25003,2
25004,3
25005,2
25006,0
25007,2
25008,3
25009,5
25010,4
25011,1
25012,4
25013,2
25014,1
25015,2
25016,3
25017,0
25018,5
25019,5
25020,3
25021,6
25022,2
25023,2
25024,4
25025,1
25026,1
25027,2
25028,6
25029,4
25030,5
25031,2
25032,2
25033,3
25034,2
25035,4
25036,6
25037,5
25038,1
25039,6
25040,2
25041,3
25042,0
25043,7
25044,3
25045,2
25046,3
25047,6
25048,1
25049,3
25050,5
25051,2
25052,1
25053,3
25054,5
25055,1
25056,4
25057,1
25058,1
25059,0
25060,1
25061,1
25062,2
25063,0
25064,2
25065,4
25066,5
25067,4
25068,3
25069,1
25070,1
25071,0
25072,4
25073,5
25074,4
25075,0
25076,5
25077,4
25078,5
25079,3
25080,1
25081,3
25082,3
25083,2
25084,3
25085,1
25086,1
25087,3
25088,2
25089,0
25090,5
25091,1
25092,3
25093,1
25094,6
25095,3
25096,2
25097,3
25098,1
25099,1
25100,0
25101,1
25102,2
25103,6
25104,3
25105,2
25106,2
25107,4
25108,0
25109,1
25110,4
25111,4
25112,2
25113,1
25114,1
25115,4
25116,3
25117,4
25118,0
25119,4
25120,4
25121,4
25122,1
25123,5
25124,0
25125,1
25126,4
25127,3
25128,6
25129,0
25130,3
25131,5
25132,1
25133,7
25134,4
25135,2
25136,3
25137,1
25138,2
25139,2
25140,3
25141,0
25142,1
25143,0
25144,0
25145,3
25146,5
25147,2
25148,3
25149,3
25150,2
25151,4
25152,2
25153,3
25154,1
25155,1
25156,2
25157,1
25158,2
25159,5
25160,4
25161,1
25162,4
25163,3
25164,0
25165,1
25166,1
25167,1
25168,2
25169,5
25170,0
25171,2
25172,2
25173,0
25174,0
25175,2
25176,5
25177,2
25178,1
25179,2
25180,2
25181,5
25182,0
25183,1
25184,1
25185,5
25186,4
25187,3
25188,7
25189,2
25190,1
25191,4
25192,1
25193,4
25194,4
25195,3
25196,2
25197,2
25198,2
25199,1
25200,1
25201,1
25202,3
25203,2
25204,6
25205,2
25206,6
25207,2
25208,0
25209,0
25210,5
25211,6
25212,1
25213,6
25214,0
25215,2
25216,3
25217,4
25218,5
25219,1
25220,0
25221,6
25222,1
25223,4
25224,4
25225,0
25226,4
25227,2
25228,1
25229,3
25230,0
25231,2
25232,7
25233,1
25234,3
25235,0
25236,2
25237,4
25238,2
25239,2
25240,0
25241,3
25242,5
25243,2
25244,2
25245,2
25246,0
25247,5
25248,3
25249,1
25250,1
25251,6
25252,2
25253,1
25254,7
25255,1
25256,4
25257,2
25258,2
25259,4
25260,0
25261,0
25262,3
25263,4
25264,2
25265,0
25266,0
25267,4
25268,0
25269,2
25270,2
25271,1
25272,3
25273,1
25274,2
25275,6
25276,8
25277,2
25278,3
25279,7
25280,2
25281,5
25282,2
25283,2
25284,1
25285,3
25286,7
25287,4
25288,2
25289,3
25290,4
25291,1
25292,2
25293,5
25294,3
25295,0
25296,5
25297,1
25298,1
25299,4
25300,0
25301,5
25302,4
25303,3
25304,1
25305,2
25306,0
25307,3
25308,0
25309,4
25310,1
25311,6
25312,1
25313,6
25314,6
25315,1
25316,3
25317,4
25318,1
25319,5
25320,6
25321,2
25322,2
25323,1
25324,2
25325,3
25326,5
25327,1
25328,2
25329,1
25330,5
25331,2
25332,1
25333,3
25334,2
25335,3
25336,2
25337,1
25338,3
25339,1
25340,4
25341,6
25342,4
25343,2
25344,3
25345,2
25346,2
25347,3
25348,4
25349,3
25350,2
25351,1
25352,4
25353,5
25354,5
25355,3
25356,4
25357,1
25358,3
25359,2
25360,3
25361,2
25362,1
25363,1
25364,0
25365,3
25366,2
25367,3
25368,0
25369,1
25370,4
25371,3
25372,3
25373,1
25374,5
25375,4
25376,2
25377,2
25378,2
25379,2
25380,0
25381,5
25382,2
25383,3
25384,2
25385,3
25386,1
25387,3
25388,0
25389,2
25390,2
25391,1
25392,2
25393,3
25394,2
25395,0
25396,1
25397,5
25398,3
25399,2
25400,4
25401,8
25402,4
25403,1
25404,2
25405,3
25406,3
25407,5
25408,1
25409,4
25410,4
25411,3
25412,4
25413,3
25414,1
25415,4
25416,1
25417,4
25418,3
25419,4
25420,2
25421,2
25422,4
25423,4
25424,4
25425,3
25426,5
25427,1
25428,1
25429,1
25430,2
25431,0
25432,1
25433,5
25434,2
25435,4
25436,4
25437,1
25438,1
25439,6
25440,2
25441,1
25442,0
25443,5
25444,4
25445,3
25446,1
25447,2
25448,0
25449,4
25450,1
25451,4
25452,1
25453,4
25454,5
25455,2
25456,2
25457,2
25458,5
25459,2
25460,0
25461,1
25462,1
25463,4
25464,1
25465,5
25466,4
25467,2
25468,2
25469,4
25470,5
25471,2
25472,2
25473,3
25474,4
25475,6
25476,3
25477,5
25478,2
25479,5
25480,2
25481,2
25482,3
25483,1
25484,3
25485,0
25486,2
25487,3
25488,0
25489,0
25490,3
25491,6
25492,3
25493,0
25494,2
25495,3
25496,3
25497,4
25498,2
25499,5
25500,0
25501,4
25502,2
25503,1
25504,7
25505,0
25506,1
25507,1
25508,4
25509,5
25510,3
25511,1
25512,3
25513,0
25514,1
25515,1
25516,0
25517,4
25518,2
25519,2
25520,2
25521,0
25522,3
25523,5
25524,0
25525,1
25526,3
25527,1
25528,1
25529,1
25530,3
25531,5
25532,7
25533,4
25534,3
25535,6
25536,3
25537,4
25538,0
25539,1
25540,3
25541,2
25542,2
25543,1
25544,3
25545,5
25546,4
25547,4
25548,2
25549,0
25550,5
25551,0
25552,2
25553,2
25554,1
25555,2
25556,2
25557,1
25558,2
25559,3
25560,3
25561,1
25562,3
25563,4
25564,0
25565,2
25566,6
25567,3
25568,1
25569,7
25570,4
25571,5
25572,5
25573,1
25574,0
25575,3
25576,4
25577,3
25578,5
25579,3
25580,1
25581,4
25582,3
25583,1
25584,1
25585,5
25586,4
25587,3
25588,7
25589,5
25590,2
25591,7
25592,4
25593,2
25594,8
25595,3
25596,6
25597,3
25598,1
25599,2
25600,2
25601,0
25602,5
25603,2
25604,6
25605,2
25606,1
25607,2
25608,2
25609,0
25610,0
25611,1
25612,1
25613,5
25614,5
25615,4
25616,0
25617,0
25618,4
25619,3
25620,4
25621,1
25622,3
25623,2
25624,1
25625,1
25626,2
25627,0
25628,0
25629,3
25630,1
25631,1
25632,3
25633,3
25634,1
25635,3
25636,3
25637,6
25638,1
25639,2
25640,3
25641,5
25642,3
25643,5
25644,1
25645,1
25646,0
25647,2
25648,3
25649,2
25650,0
25651,3
25652,0
25653,3
25654,4
25655,6
25656,3
25657,0
25658,3
25659,0
25660,2
25661,3
25662,3
25663,1
25664,3
25665,2
25666,3
25667,6
25668,3
25669,0
25670,0
25671,2
25672,4
25673,0
25674,3
25675,2
25676,5
25677,2
25678,2
25679,4
25680,4
25681,4
25682,3
25683,0
25684,2
25685,5
25686,2
25687,2
25688,2
25689,0
25690,4
25691,1
25692,1
25693,2
25694,6
25695,4
25696,2
25697,1
25698,2
25699,2
25700,2
25701,0
25702,6
25703,2
25704,5
25705,0
25706,5
25707,3
25708,6
25709,1
25710,2
25711,2
25712,4
25713,2
25714,2
25715,1
25716,2
25717,3
25718,2
25719,5
25720,3
25721,1
25722,4
25723,3
25724,0
25725,5
25726,1
25727,3
25728,2
25729,4
25730,3
25731,5
25732,4
25733,1
25734,1
25735,2
25736,5
25737,5
25738,1
25739,2
25740,2
25741,1
25742,4
25743,3
25744,2
25745,3
25746,2
25747,2
25748,2
25749,2
25750,2
25751,1
25752,1
25753,5
25754,7
25755,2
25756,2
25757,2
25758,2
25759,4
25760,2
25761,1
25762,4
25763,3
25764,2
25765,2
25766,0
25767,2
25768,1
25769,4
25770,1
25771,0
25772,2
25773,6
25774,2
25775,5
25776,3
25777,1
25778,2
25779,4
25780,4
25781,4
25782,1
25783,4
25784,2
25785,3
25786,1
25787,0
25788,1
25789,1
25790,0
25791,4
25792,1
25793,0
25794,1
25795,0
25796,2
25797,4
25798,1
25799,3
25800,1
25801,1
25802,4
25803,2
25804,6
25805,2
25806,0
25807,0
25808,2
25809,4
25810,1
25811,6
25812,3
25813,5
25814,4
25815,0
25816,3
25817,1
25818,2
25819,3
25820,2
25821,3
25822,2
25823,7
25824,2
25825,6
25826,2
25827,3
25828,0
25829,1
25830,3
25831,5
25832,1
25833,2
25834,3
25835,1
25836,3
25837,4
25838,0
25839,6
25840,0
25841,6
25842,3
25843,6
25844,1
25845,2
25846,7
25847,7
25848,0
25849,5
25850,3
25851,3
25852,1
25853,2
25854,2
25855,2
25856,1
25857,5
25858,5
25859,1
25860,3
25861,1
25862,3
25863,5
25864,5
25865,3
25866,3
25867,1
25868,6
25869,4
25870,3
25871,3
25872,1
25873,2
25874,6
25875,3
25876,3
25877,2
25878,5
25879,1
25880,4
25881,2
25882,2
25883,2
25884,5
25885,3
25886,1
25887,4
25888,2
25889,5
25890,2
25891,2
25892,1
25893,1
25894,1
25895,5
25896,1
25897,6
25898,1
25899,6
25900,0
25901,5
25902,4
25903,4
25904,2
25905,4
25906,2
25907,4
25908,1
25909,3
25910,2
25911,3
25912,2
25913,4
25914,1
25915,3
25916,6
25917,1
25918,2
25919,3
25920,6
25921,5
25922,4
25923,0
25924,5
25925,3
25926,2
25927,4
25928,1
25929,4
25930,3
25931,1
25932,1
25933,3
25934,2
25935,1
25936,0
25937,3
25938,4
25939,2
25940,4
25941,5
25942,5
25943,2
25944,0
25945,4
25946,1
25947,3
25948,4
25949,6
25950,1
25951,0
25952,1
25953,3
25954,5
25955,4
25956,0
25957,3
25958,4
25959,2
25960,5
25961,4
25962,2
25963,1
25964,4
25965,4
25966,4
25967,1
25968,2
25969,1
25970,2
25971,0
25972,0
25973,3
25974,3
25975,2
25976,1
25977,1
25978,0
25979,2
25980,5
25981,3
25982,6
25983,5
25984,1
25985,1
25986,1
25987,4
25988,2
25989,3
25990,5
25991,1
25992,2
25993,2
25994,4
25995,2
25996,6
25997,0
25998,1
25999,4
26000,0
26001,2
26002,4
26003,0
26004,4
26005,8
26006,7
26007,1
26008,1
26009,5
26010,3
26011,1
26012,6
26013,3
26014,1
26015,1
26016,2
26017,5
26018,5
26019,5
26020,5
26021,5
26022,0
26023,0
26024,2
26025,0
26026,4
26027,0
26028,3
26029,3
26030,3
26031,2
26032,2
26033,0
26034,4
26035,4
26036,6
26037,5
26038,0
26039,2
26040,2
26041,1
26042,5
26043,3
26044,0
26045,5
26046,3
26047,5
26048,1
26049,7
26050,3
26051,2
26052,1
26053,2
26054,1
26055,4
26056,0
26057,1
26058,5
26059,4
26060,2
26061,1
26062,4
26063,4
26064,4
26065,2
26066,1
26067,1
26068,3
26069,2
26070,2
26071,1
26072,2
26073,4
26074,2
26075,1
26076,3
26077,4
26078,6
26079,3
26080,1
26081,1
26082,4
26083,5
26084,2
26085,4
26086,3
26087,3
26088,5
26089,1
26090,4
26091,5
26092,4
26093,2
26094,3
26095,2
26096,1
26097,2
26098,0
26099,0
26100,4
26101,1
26102,2
26103,5
26104,3
26105,2
26106,2
26107,2
26108,7
26109,2
26110,4
26111,2
26112,1
26113,2
26114,3
26115,5
26116,6
26117,2
26118,1
26119,4
26120,5
26121,3
26122,3
26123,8
26124,4
26125,1
26126,4
26127,1
26128,2
26129,3
26130,4
26131,0
26132,2
26133,3
26134,3
26135,4
26136,2
26137,5
26138,6
26139,4
26140,0
26141,6
26142,2
26143,2
26144,7
26145,3
26146,5
26147,2
26148,2
26149,4
26150,1
26151,2
26152,7
26153,3
26154,3
26155,3
26156,2
26157,2
26158,1
26159,0
26160,2
26161,5
26162,3
26163,4
26164,1
26165,1
26166,1
26167,2
26168,5
26169,1
26170,5
26171,3
26172,3
26173,4
26174,6
26175,0
26176,4
26177,5
26178,1
26179,1
26180,1
26181,2
26182,1
26183,1
26184,5
26185,7
26186,4
26187,1
26188,2
26189,2
26190,1
26191,1
26192,1
26193,1
26194,5
26195,3
26196,2
26197,5
26198,4
26199,4
26200,3
26201,2
26202,2
26203,2
26204,1
26205,3
26206,0
26207,3
26208,4
26209,1
26210,4
26211,3
26212,6
26213,1
26214,3
26215,4
26216,3
26217,5
26218,2
26219,6
26220,3
26221,4
26222,0
26223,4
26224,3
26225,4
26226,5
26227,0
26228,3
26229,2
26230,3
26231,1
26232,3
26233,0
26234,1
26235,0
26236,0
26237,6
26238,3
26239,0
26240,7
26241,4
26242,4
26243,1
26244,2
26245,5
26246,2
26247,2
26248,3
26249,0
26250,5
26251,3
26252,1
26253,3
26254,2
26255,4
26256,6
26257,6
26258,3
26259,3
26260,1
26261,3
26262,1
26263,4
26264,2
26265,5
26266,2
26267,2
26268,1
26269,3
26270,2
26271,1
26272,6
26273,2
26274,3
26275,2
26276,3
26277,6
26278,4
26279,1
26280,2
26281,1
26282,3
26283,3
26284,3
26285,1
26286,6
26287,5
26288,3
26289,6
26290,1
26291,6
26292,1
26293,1
26294,5
26295,2
26296,0
26297,4
26298,5
26299,0
26300,6
26301,2
26302,2
26303,2
26304,1
26305,1
26306,6
26307,1
26308,2
26309,1
26310,2
26311,3
26312,3
26313,1
26314,2
26315,4
26316,3
26317,1
26318,1
26319,2
26320,3
26321,5
26322,0
26323,2
26324,3
26325,4
26326,2
26327,4
26328,6
26329,3
26330,4
26331,4
26332,5
26333,1
26334,6
26335,1
26336,8
26337,2
26338,6
26339,0
26340,0
26341,7
26342,5
26343,1
26344,5
26345,3
26347,1
26348,0
26349,2
26350,5
26351,4
26352,1
26353,4
26354,0
26355,0
26356,0
26357,2
26358,3
26359,5
26360,3
26361,2
26362,3
26363,3
26364,3
26365,1
26366,0
26367,2
26368,2
26369,2
26370,4
26371,6
26372,4
26373,5
26374,3
26375,3
26376,5
26377,3
26378,4
26379,4
26380,1
26381,6
26382,3
26383,5
26384,4
26385,3
26386,6
26387,0
26388,5
26389,2
26390,0
26391,0
26392,1
26393,1
26394,3
26395,2
26396,1
26397,3
26398,2
26399,5
26400,3
26401,2
26402,3
26403,5
26404,1
26405,1
26406,2
26407,1
26408,6
26409,0
26410,3
26411,1
26412,5
26413,0
26414,3
26415,4
26416,3
26417,5
26418,0
26419,0
26420,3
26421,2
26422,3
26423,2
26424,1
26425,2
26426,2
26427,1
26428,1
26429,5
26430,2
26431,2
26432,0
26433,5
26434,5
26435,3
26436,3
26437,4
26438,1
26439,2
26440,3
26441,3
26442,0
26443,0
26444,3
26445,4
26446,3
26447,2
26448,3
26449,0
26450,3
26451,2
26452,4
26453,6
26454,2
26455,3
26456,4
26457,4
26458,2
26459,0
26460,3
26461,2
26462,0
26463,1
26464,2
26465,2
26466,5
26467,2
26468,0
26469,3
26470,1
26471,2
26472,3
26473,2
26474,1
26475,1
26476,3
26477,2
26478,4
26479,4
26480,3
26481,4
26482,5
26483,2
26484,2
26485,1
26486,3
26487,1
26488,5
26489,4
26490,4
26491,5
26492,1
26493,3
26494,3
26495,0
26496,4
26497,3
26498,6
26499,6
26500,1
26501,6
26502,3
26503,0
26504,5
26505,3
26506,1
26507,4
26508,3
26509,7
26510,2
26511,3
26512,1
26513,0
26514,3
26515,5
26516,3
26517,4
26518,1
26519,0
26520,2
26521,4
26522,1
26523,2
26524,2
26525,3
26526,1
26527,6
26528,3
26529,0
26530,1
26531,1
26532,7
26533,0
26534,1
26535,4
26536,6
26537,3
26538,2
26539,1
26540,3
26541,5
26542,4
26543,3
26544,3
26545,2
26546,3
26547,4
26548,3
26549,2
26550,5
26551,2
26552,0
26553,1
26554,3
26555,2
26556,1
26557,0
26558,3
26559,3
26560,2
26561,5
26562,1
26563,1
26564,5
26565,1
26566,0
26567,3
26568,2
26569,3
26570,0
26571,3
26572,2
26573,7
26574,3
26575,3
26576,0
26577,3
26578,2
26579,3
26580,1
26581,2
26582,1
26583,2
26584,3
26585,2
26586,6
26587,1
26588,2
26589,2
26590,5
26591,2
26592,3
26593,6
26594,3
26595,3
26596,5
26597,2
26598,1
26599,1
26600,2
26601,1
26602,2
26603,1
26604,2
26605,1
26606,4
26607,3
26608,4
26609,3
26610,7
26611,4
26612,3
26613,3
26614,6
26615,2
26616,4
26617,5
26618,2
26619,4
26620,7
26621,2
26622,5
26623,2
26624,2
26625,3
26626,5
26627,0
26628,3
26629,2
26630,3
26631,1
26632,1
26633,4
26634,0
26635,3
26636,0
26637,0
26638,5
26639,4
26640,0
26641,2
26642,3
26643,2
26644,0
26645,3
26646,1
26647,2
26648,0
26649,3
26650,3
26651,3
26652,0
26653,2
26654,1
26655,6
26656,2
26657,2
26658,2
26659,0
26660,1
26661,3
26662,6
26663,4
26664,2
26665,2
26666,4
26667,5
26668,2
26669,5
26670,1
26671,5
26672,1
26673,5
26674,1
26675,4
26676,2
26677,1
26678,5
26679,6
26680,6
26681,6
26682,3
26683,6
26684,5
26685,4
26686,4
26687,5
26688,2
26689,0
26690,5
26691,4
26692,2
26693,1
26694,3
26695,7
26696,5
26697,4
26698,2
26699,1
26700,3
26701,0
26702,2
26703,1
26704,4
26705,0
26706,2
26707,5
26708,2
26709,3
26710,2
26711,4
26712,3
26713,6
26714,4
26715,1
26716,2
26717,0
26718,5
26719,6
26720,4
26721,2
26722,2
26723,1
26724,2
26725,1
26726,1
26727,1
26728,5
26729,2
26730,2
26731,0
26732,1
26733,0
26734,2
26735,4
26736,2
26737,4
26738,2
26739,1
26740,4
26741,0
26742,6
26743,5
26744,1
26745,0
26746,1
26747,1
26748,5
26749,2
26750,4
26751,3
26752,4
26753,7
26754,5
26755,5
26756,2
26757,4
26758,2
26759,4
26760,1
26761,2
26762,2
26763,4
26764,0
26765,3
26766,2
26767,2
26768,5
26769,5
26770,4
26771,3
26772,3
26773,3
26774,0
26775,1
26776,4
26777,1
26778,4
26779,2
26780,3
26781,3
26782,4
26783,0
26784,5
26785,4
26786,5
26787,3
26788,1
26789,6
26790,4
26791,2
26792,1
26793,4
26794,2
26795,5
26796,2
26797,2
26798,0
26799,6
26800,2
26801,1
26802,3
26803,3
26804,0
26805,3
26806,3
26807,7
26808,1
26809,2
26810,6
26811,3
26812,0
26813,0
26814,4
26815,1
26816,1
26817,5
26818,6
26819,3
26820,2
26821,4
26822,8
26823,3
26824,4
26825,2
26826,2
26827,3
26828,5
26829,2
26830,4
26831,1
26832,1
26833,0
26834,2
26835,0
26836,2
26837,0
26838,5
26839,0
26840,6
26841,1
26842,4
26843,1
26844,2
26845,4
26846,4
26847,2
26848,0
26849,2
26850,4
26851,4
26852,3
26853,4
26854,2
26855,6
26856,4
26857,2
26858,3
26859,3
26860,1
26861,5
26862,7
26863,1
26864,5
26865,5
26866,0
26867,4
26868,5
26869,1
26870,5
26871,4
26872,1
26873,5
26874,7
26875,0
26876,0
26877,1
26878,1
26879,1
26880,0
26881,4
26882,3
26883,4
26884,3
26885,3
26886,7
26887,1
26888,0
26889,2
26890,1
26891,1
26892,1
26893,3
26894,4
26895,3
26896,3
26897,1
26898,0
26899,3
26900,3
26901,2
26902,0
26903,3
26904,1
26905,4
26906,6
26907,2
26908,3
26909,4
26910,1
26911,4
26912,2
26913,3
26914,5
26915,1
26916,3
26917,6
26918,4
26919,3
26920,5
26921,5
26922,1
26923,1
26924,4
26925,1
26926,2
26927,2
26928,3
26929,2
26930,3
26931,1
26932,4
26933,5
26934,4
26935,3
26936,1
26937,2
26938,4
26939,1
26940,0
26941,6
26942,4
26943,2
26944,6
26945,5
26946,3
26947,5
26948,1
26949,6
26950,4
26951,4
26952,6
26953,1
26954,4
26955,5
26956,1
26957,0
26958,4
26959,5
26960,0
26961,4
26962,4
26963,2
26964,0
26965,2
26966,6
26967,5
26968,4
26969,2
26970,0
26971,6
26972,3
26973,3
26974,5
26975,2
26976,6
26977,1
26978,4
26979,1
26980,5
26981,1
26982,3
26983,2
26984,3
26985,0
26986,2
26987,0
26988,2
26989,0
26990,3
26991,4
26992,0
26993,2
26994,2
26995,2
26996,4
26997,0
26998,0
26999,3
27000,5
27001,5
27002,4
27003,2
27004,4
27005,3
27006,2
27007,1
27008,2
27009,2
27010,5
27011,3
27012,6
27013,2
27014,1
27015,2
27016,0
27017,1
27018,5
27019,2
27020,2
27021,2
27022,2
27023,2
27024,3
27025,3
27026,1
27027,5
27028,0
27029,3
27030,0
27031,3
27032,1
27033,3
27034,5
27035,5
27036,3
27037,3
27038,3
27039,2
27040,0
27041,0
27042,6
27043,5
27044,1
27045,2
27046,1
27047,0
27048,4
27049,2
27050,1
27051,5
27052,5
27053,7
27054,0
27055,2
27056,0
27057,2
27058,4
27059,4
27060,2
27061,1
27062,0
27063,2
27064,5
27065,0
27066,2
27067,2
27068,1
27069,0
27070,5
27071,1
27072,4
27073,3
27074,3
27075,4
27076,0
27077,5
27078,3
27079,3
27080,2
27081,3
27082,0
27083,1
27084,3
27085,1
27086,3
27087,2
27088,0
27089,1
27090,4
27091,3
27092,2
27093,4
27094,2
27095,4
27096,1
27097,4
27098,6
27099,5
27100,0
27101,7
27102,4
27103,5
27104,1
27105,1
27106,5
27107,1
27108,2
27109,0
27110,4
27111,2
27112,1
27113,6
27114,0
27115,2
27116,3
27117,2
27118,2
27119,0
27120,5
27121,1
27122,3
27123,5
27124,0
27125,3
27126,0
27127,3
27128,2
27129,2
27130,0
27131,2
27132,4
27133,4
27134,2
27135,0
27136,1
27137,0
27138,5
27139,2
27140,0
27141,0
27142,2
27143,0
27144,3
27145,3
27146,1
27147,3
27148,3
27149,3
27150,3
27151,4
27152,4
27153,3
27154,0
27155,3
27156,0
27157,1
27158,4
27159,3
27160,1
27161,1
27162,0
27163,2
27164,4
27165,3
27166,1
27167,2
27168,2
27169,1
27170,3
27171,5
27172,2
27173,0
27174,5
27175,3
27176,0
27177,6
27178,3
27179,3
27180,4
27181,5
27182,2
27183,2
27184,5
27185,2
27186,3
27187,3
27188,3
27189,3
27190,1
27191,5
27192,1
27193,1
27194,2
27195,2
27196,0
27197,0
27198,3
27199,3
27200,0
27201,2
27202,2
27203,1
27204,3
27205,3
27206,1
27207,1
27208,2
27209,3
27210,1
27211,3
27212,3
27213,2
27214,2
27215,1
27216,2
27217,3
27218,1
27219,2
27220,2
27221,1
27222,1
27223,2
27224,4
27225,1
27226,1
27227,3
27228,2
27229,3
27230,2
27231,4
27232,7
27233,6
27234,4
27235,1
27236,2
27237,2
27238,4
27239,3
27240,6
27241,0
27242,0
27243,7
27244,6
27245,1
27246,0
27247,6
27248,5
27249,2
27250,1
27251,1
27252,1
27253,3
27254,1
27255,2
27256,2
27257,4
27258,5
27259,2
27260,0
27261,4
27262,5
27263,2
27264,1
27265,0
27266,4
27267,6
27268,0
27269,2
27270,1
27271,1
27272,4
27273,3
27274,3
27275,4
27276,3
27277,4
27278,3
27279,2
27280,5
27281,3
27282,0
27283,0
27284,6
27285,5
27286,1
27287,4
27288,2
27289,2
27290,2
27291,5
27292,4
27293,2
27294,4
27295,5
27296,3
27297,4
27298,6
27299,4
27300,2
27301,5
27302,0
27303,4
27304,2
27305,6
27306,6
27307,5
27308,1
27309,3
27310,1
27311,2
27312,3
27313,1
27314,4
27315,5
27316,1
27317,2
27318,6
27319,1
27320,3
27321,2
27322,4
27323,5
27324,3
27325,2
27326,6
27327,6
27328,2
27329,3
27330,1
27331,3
27332,0
27333,1
27334,5
27335,5
27336,0
27337,3
27338,3
27339,1
27340,2
27341,2
27342,5
27343,3
27344,1
27345,4
27346,1
27347,4
27348,6
27349,2
27350,3
27351,1
27352,1
27353,1
27354,0
27355,3
27356,1
27357,0
27358,0
27359,3
27360,1
27361,5
27362,4
27363,3
27364,1
27365,5
27366,2
27367,0
27368,6
27369,5
27370,5
27371,2
27372,3
27373,1
27374,4
27375,1
27376,1
27377,2
27378,4
27379,3
27380,5
27381,3
27382,4
27383,3
27384,2
27385,4
27386,5
27387,1
27388,4
27389,2
27390,1
27391,5
27392,5
27393,1
27394,1
27395,6
27396,2
27397,1
27398,2
27399,5
27400,1
27401,8
27402,0
27403,2
27404,3
27405,1
27406,3
27407,1
27408,2
27409,1
27410,5
27411,1
27412,3
27413,5
27414,3
27415,5
27416,3
27417,2
27418,6
27419,6
27420,4
27421,1
27422,1
27423,5
27424,4
27425,1
27426,2
27427,1
27428,2
27429,2
27430,6
27431,1
27432,4
27433,2
27434,2
27435,3
27436,2
27437,2
27438,6
27439,2
27440,3
27441,2
27442,2
27443,1
27444,1
27445,3
27446,3
27447,1
27448,6
27449,2
27450,2
27451,2
27452,3
27453,0
27454,2
27455,1
27456,2
27457,2
27458,3
27459,3
27460,2
27461,3
27462,4
27463,6
27464,4
27465,4
27466,0
27467,4
27468,1
27469,2
27470,7
27471,1
27472,2
27473,3
27474,1
27475,1
27476,2
27477,0
27478,3
27479,1
27480,2
27481,3
27482,2
27483,6
27484,0
27485,1
27486,2
27487,0
27488,2
27489,3
27490,6
27491,2
27492,2
27493,3
27494,4
27495,0
27496,2
27497,0
27498,6
27499,5
27500,3
27501,3
27502,5
27503,2
27504,2
27505,3
27506,3
27507,3
27508,3
27509,4
27510,3
27511,1
27512,1
27513,5
27514,3
27515,1
27516,0
27517,1
27518,6
27519,3
27520,2
27521,5
27522,1
27523,1
27524,1
27525,2
27526,3
27527,4
27528,0
27529,2
27530,5
27531,3
27532,5
27533,3
27534,1
27535,0
27536,3
27537,3
27538,0
27539,2
27540,0
27541,4
27542,1
27543,7
27544,2
27545,0
27546,4
27547,5
27548,7
27549,3
27550,3
27551,4
27552,4
27553,3
27554,6
27555,4
27556,3
27557,0
27558,1
27559,4
27560,0
27561,0
27562,4
27563,3
27564,1
27565,1
27566,1
27567,2
27568,3
27569,2
27570,3
27571,2
27572,4
27573,4
27574,0
27575,1
27576,4
27577,3
27578,1
27579,2
27580,7
27581,0
27582,3
27583,0
27584,5
27585,1
27586,3
27587,4
27588,6
27589,3
27590,4
27591,2
27592,2
27593,3
27594,3
27595,3
27596,3
27597,3
27598,6
27599,2
27600,4
27601,6
27602,2
27603,2
27604,5
27605,5
27606,2
27607,4
27608,2
27609,2
27610,4
27611,5
27612,1
27613,3
27614,3
27615,3
27616,5
27617,5
27618,5
27619,2
27620,2
27621,2
27622,1
27623,3
27624,3
27625,3
27626,4
27627,4
27628,2
27629,3
27630,3
27631,1
27632,2
27633,2
27634,3
27635,0
27636,1
27637,1
27638,3
27639,2
27640,1
27641,1
27642,2
27643,2
27644,2
27645,3
27646,6
27647,2
27648,2
27649,0
27650,6
27651,2
27652,5
27653,2
27654,0
27655,0
27656,2
27657,3
27658,1
27659,2
27660,4
27661,3
27662,0
27663,1
27664,2
27665,2
27666,0
27667,1
27668,4
27669,7
27670,1
27671,2
27672,3
27673,3
27674,3
27675,3
27676,2
27677,2
27678,1
27679,1
27680,1
27681,2
27682,3
27683,0
27684,2
27685,1
27686,2
27687,3
27688,4
27689,2
27690,6
27691,5
27692,5
27693,2
27694,4
27695,2
27696,1
27697,3
27698,3
27699,3
27700,3
27701,1
27702,0
27703,5
27704,0
27705,3
27706,1
27707,4
27708,5
27709,2
27710,0
27711,4
27712,3
27713,0
27714,6
27715,0
27716,1
27717,1
27718,2
27719,3
27720,1
27721,2
27722,6
27723,1
27724,3
27725,0
27726,1
27727,2
27728,0
27729,2
27730,0
27731,1
27732,3
27733,5
27734,1
27735,3
27736,0
27737,3
27738,3
27739,3
27740,4
27741,1
27742,0
27743,6
27744,5
27745,3
27746,7
27747,4
27748,3
27749,2
27750,2
27751,1
27752,1
27753,2
27754,2
27755,3
27756,2
27757,2
27758,4
27759,1
27760,0
27761,0
27762,5
27763,4
27764,4
27765,3
27766,1
27767,2
27768,0
27769,5
27770,2
27771,1
27772,6
27773,1
27774,5
27775,2
27776,2
27777,2
27778,0
27779,2
27780,1
27781,5
27782,1
27783,5
27784,5
27785,5
27786,8
27787,4
27788,2
27789,3
27790,4
27791,0
27792,2
27793,2
27794,6
27795,1
27796,1
27797,3
27798,2
27799,1
27800,0
27801,4
27802,2
27803,2
27804,2
27805,1
27806,1
27807,4
27808,1
27809,0
27810,1
27811,4
27812,7
27813,2
27814,1
27815,4
27816,4
27817,1
27818,3
27819,4
27820,4
27821,4
27822,3
27823,5
27824,2
27825,0
27826,4
27827,7
27828,5
27829,0
27830,1
27831,1
27832,6
27833,4
27834,4
27835,1
27836,5
27837,2
27838,5
27839,7
27840,3
27841,3
27842,1
27843,5
27844,4
27845,1
27846,4
27847,3
27848,4
27849,7
27850,4
27851,0
27852,5
27853,0
27854,1
27855,3
27856,3
27857,4
27858,5
27859,6
27860,2
27861,1
27862,4
27863,2
27864,5
27865,2
27866,0
27867,3
27868,2
27869,3
27870,5
27871,4
27872,3
27873,1
27874,5
27875,2
27876,2
27877,4
27878,1
27879,4
27880,1
27881,5
27882,4
27883,4
27884,0
27885,4
27886,3
27887,3
27888,5
27889,1
27890,2
27891,1
27892,4
27893,3
27894,4
27895,3
27896,0
27897,2
27898,1
27899,2
27900,0
27901,4
27902,5
27903,2
27904,1
27905,3
27906,0
27907,2
27908,0
27909,3
27910,0
27911,2
27912,6
27913,1
27914,3
27915,2
27916,2
27917,3
27918,1
27919,0
27920,6
27921,4
27922,2
27923,6
27924,1
27925,0
27926,0
27927,1
27928,5
27929,6
27930,3
27931,1
27932,1
27933,2
27934,5
27935,2
27936,4
27937,3
27938,2
27939,3
27940,3
27941,1
27942,2
27943,3
27944,5
27945,6
27946,2
27947,1
27948,6
27949,1
27950,3
27951,3
27952,3
27953,3
27954,3
27955,2
27956,2
27957,0
27958,3
27959,4
27960,3
27961,0
27962,2
27963,2
27964,2
27965,7
27966,2
27967,4
27968,5
27969,3
27970,5
27971,3
27972,2
27973,1
27974,5
27975,2
27976,4
27977,1
27978,5
27979,3
27980,1
27981,4
27982,4
27983,2
27984,1
27985,3
27986,5
27987,4
27988,3
27989,2
27990,2
27991,2
27992,0
27993,4
27994,2
27995,3
27996,1
27997,2
27998,4
27999,1
28000,1
28001,5
28002,3
28003,5
28004,4
28005,1
28006,3
28007,2
28008,2
28009,2
28010,2
28011,5
28012,1
28013,3
28014,0
28015,3
28016,3
28017,2
28018,5
28019,1
28020,3
28021,0
28022,0
28023,4
28024,0
28025,6
28026,2
28027,3
28028,5
28029,1
28030,3
28031,0
28032,1
28033,0
28034,1
28035,5
28036,2
28037,5
28038,1
28039,4
28040,6
28041,1
28042,3
28043,2
28044,0
28045,3
28046,7
28047,5
28048,1
28049,4
28050,4
28051,1
28052,6
28053,1
28054,2
28055,5
28056,5
28057,1
28058,1
28059,2
28060,3
28061,0
28062,6
28063,1
28064,1
28065,4
28066,3
28067,1
28068,6
28069,3
28070,5
28071,2
28072,1
28073,1
28074,4
28075,2
28076,2
28077,3
28078,4
28079,2
28080,5
28081,1
28082,3
28083,2
28084,4
28085,0
28086,2
28087,3
28088,3
28089,4
28090,1
28091,2
28092,1
28093,0
28094,1
28095,0
28096,2
28097,3
28098,5
28099,0
28100,0
28101,2
28102,4
28103,1
28104,2
28105,2
28106,4
28107,3
28108,1
28109,1
28110,5
28111,4
28112,2
28113,3
28114,5
28115,4
28116,5
28117,1
28118,1
28119,0
28120,3
28121,3
28122,3
28123,1
28124,0
28125,6
28126,2
28127,3
28128,6
28129,3
28130,1
28131,4
28132,0
28133,1
28134,6
28135,0
28136,5
28137,4
28138,5
28139,1
28140,3
28141,0
28142,2
28143,6
28144,2
28145,0
28146,2
28147,0
28148,3
28149,1
28150,2
28151,5
28152,1
28153,0
28154,3
28155,1
28156,4
28157,0
28158,1
28159,4
28160,0
28161,6
28162,1
28163,3
28164,3
28165,5
28166,0
28167,2
28168,2
28169,1
28170,1
28171,2
28172,2
28173,5
28174,6
28175,2
28176,6
28177,5
28178,2
28179,5
28180,3
28181,1
28182,2
28183,4
28184,2
28185,3
28186,5
28187,0
28188,1
28189,6
28190,3
28191,0
28192,6
28193,3
28194,1
28195,2
28196,4
28197,3
28198,3
28199,1
28200,2
28201,2
28202,0
28203,0
28204,5
28205,2
28206,2
28207,2
28208,4
28209,3
28210,2
28211,1
28212,0
28213,5
28214,3
28215,0
28216,0
28217,3
28218,1
28219,1
28220,2
28221,4
28222,3
28223,6
28224,0
28225,2
28226,2
28227,0
28228,1
28229,7
28230,2
28231,2
28232,4
28233,2
28234,1
28235,4
28236,5
28237,4
28238,3
28239,3
28240,1
28241,5
28242,5
28243,5
28244,4
28245,1
28246,2
28247,3
28248,1
28249,0
28250,3
28251,6
28252,1
28253,3
28254,1
28255,2
28256,4
28257,3
28258,3
28259,4
28260,3
28261,1
28262,2
28263,3
28264,4
28265,0
28266,5
28267,2
28268,2
28269,3
28270,1
28271,3
28272,2
28273,0
28274,2
28275,4
28276,1
28277,2
28278,4
28279,4
28280,3
28281,2
28282,0
28283,1
28284,6
28285,3
28286,2
28287,6
28288,3
28289,4
28290,1
28291,4
28292,2
28293,3
28294,2
28295,7
28296,5
28297,0
28298,2
28299,3
28300,3
28301,6
28302,6
28303,0
28304,2
28305,4
28306,2
28307,2
28308,1
28309,4
28310,2
28311,3
28312,3
28313,0
28314,1
28315,4
28316,4
28317,6
28318,6
28319,2
28320,2
28321,1
28322,1
28323,4
28324,1
28325,3
28326,4
28327,3
28328,4
28329,4
28330,3
28331,1
28332,2
28333,6
28334,2
28335,0
28336,5
28337,0
28338,0
28339,1
28340,4
28341,2
28342,4
28343,3
28344,3
28345,5
28346,2
28347,0
28348,3
28349,3
28350,4
28351,3
28352,2
28353,3
28354,5
28355,5
28356,1
28357,2
28358,0
28359,0
28360,3
28361,2
28362,1
28363,2
28364,3
28365,6
28366,1
28367,5
28368,0
28369,4
28370,4
28371,6
28372,1
28373,3
28374,6
28375,1
28376,2
28377,5
28378,2
28379,2
28380,1
28381,3
28382,2
28383,2
28384,1
28385,1
28386,7
28387,5
28388,3
28389,4
28390,2
28391,2
28392,5
28393,5
28394,2
28395,2
28396,2
28397,1
28398,2
28399,3
28400,3
28401,2
28402,3
28403,3
28404,3
28405,3
28406,3
28407,1
28408,3
28409,3
28410,0
28411,4
28412,6
28413,1
28414,7
28415,0
28416,4
28417,1
28418,2
28419,4
28420,2
28421,1
28422,2
28423,3
28424,1
28425,5
28426,2
28427,3
28428,5
28429,1
28430,5
28431,1
28432,6
28433,4
28434,3
28435,3
28436,4
28437,3
28438,1
28439,3
28440,5
28441,5
28442,0
28443,5
28444,6
28445,2
28446,4
28447,1
28448,2
28449,7
28450,5
28451,3
28452,6
28453,1
28454,4
28455,4
28456,2
28457,1
28458,5
28459,0
28460,3
28461,5
28462,3
28463,5
28464,2
28465,5
28466,1
28467,1
28468,3
28469,3
28470,2
28471,0
28472,7
28473,1
28474,4
28475,3
28476,4
28477,2
28478,1
28479,1
28480,3
28481,2
28482,4
28483,3
28484,3
28485,5
28486,2
28487,3
28488,1
28489,1
28490,1
28491,2
28492,0
28493,5
28494,2
28495,1
28496,6
28497,2
28498,3
28499,4
28500,5
28501,5
28502,5
28503,2
28504,0
28505,0
28506,4
28507,6
28508,5
28509,3
28510,1
28511,5
28512,0
28513,3
28514,3
28515,1
28516,5
28517,6
28518,3
28519,4
28520,3
28521,3
28522,0
28523,1
28524,4
28525,4
28526,4
28527,4
28528,3
28529,0
28530,5
28531,2
28532,2
28533,0
28534,3
28535,4
28536,3
28537,3
28538,2
28539,0
28540,5
28541,0
28542,2
28543,1
28544,6
28545,3
28546,1
28547,3
28548,4
28549,3
28550,0
28551,0
28552,5
28553,5
28554,5
28555,2
28556,3
28557,6
28558,5
28559,0
28560,7
28561,4
28562,3
28563,2
28564,0
28565,4
28566,3
28567,3
28568,5
28569,2
28570,4
28571,0
28572,1
28573,6
28574,0
28575,4
28576,4
28577,4
28578,5
28579,4
28580,1
28581,5
28582,1
28583,3
28584,2
28585,3
28586,2
28587,0
28588,5
28589,2
28590,3
28591,4
28592,2
28593,6
28594,3
28595,2
28596,2
28597,2
28598,0
28599,1
28600,2
28601,3
28602,4
28603,0
28604,2
28605,0
28606,2
28607,2
28608,2
28609,4
28610,3
28611,4
28612,3
28613,1
28614,1
28615,2
28616,5
28617,2
28618,3
28619,6
28620,3
28621,2
28622,5
28623,3
28624,4
28625,1
28626,2
28627,0
28628,2
28629,1
28630,2
28631,4
28632,3
28633,4
28634,1
28635,5
28636,3
28637,3
28638,2
28639,3
28640,2
28641,4
28642,0
28643,2
28644,2
28645,1
28646,1
28647,3
28648,6
28649,1
28650,2
28651,5
28652,3
28653,3
28654,1
28655,3
28656,1
28657,1
28658,3
28659,1
28660,2
28661,2
28662,3
28663,1
28664,7
28665,7
28666,2
28667,2
28668,4
28669,2
28670,4
28671,1
28672,3
28673,5
28674,2
28675,0
28676,2
28677,5
28678,2
28679,3
28680,0
28681,4
28682,3
28683,1
28684,4
28685,3
28686,2
28687,5
28688,4
28689,7
28690,3
28691,4
28692,2
28693,6
28694,1
28695,4
28696,6
28697,5
28698,3
28699,0
28700,3
28701,2
28702,2
28703,6
28704,4
28705,4
28706,1
28707,2
28708,5
28709,0
28710,1
28711,1
28712,6
28713,4
28714,2
28715,3
28716,2
28717,5
28718,3
28719,3
28720,2
28721,6
28722,3
28723,8
28724,1
28725,1
28726,1
28727,3
28728,2
28729,2
28730,0
28731,5
28732,1
28733,1
28734,0
28735,1
28736,0
28737,1
28738,1
28739,4
28740,8
28741,2
28742,1
28743,1
28744,1
28745,2
28746,2
28747,4
28748,8
28749,5
28750,2
28751,5
28752,3
28753,3
28754,2
28755,6
28756,1
28757,1
28758,0
28759,3
28760,3
28761,1
28762,2
28763,1
28764,2
28765,2
28766,2
28767,4
28768,5
28769,2
28770,2
28771,4
28772,2
28773,6
28774,2
28775,1
28776,6
28777,3
28778,5
28779,1
28780,4
28781,3
28782,4
28783,1
28784,1
28785,4
28786,5
28787,5
28788,1
28789,1
28790,1
28791,2
28792,0
28793,1
28794,4
28795,5
28796,3
28797,1
28798,3
28799,5
28800,4
28801,1
28802,0
28803,1
28804,3
28805,5
28806,4
28807,3
28808,5
28809,2
28810,5
28811,4
28812,2
28813,2
28814,2
28815,5
28816,6
28817,0
28818,3
28819,0
28820,4
28821,2
28822,7
28823,0
28824,3
28825,1
28826,6
28827,2
28828,3
28829,2
28830,1
28831,2
28832,4
28833,3
28834,2
28835,1
28836,4
28837,5
28838,0
28839,4
28840,3
28841,1
28842,3
28843,2
28844,3
28845,6
28846,5
28847,2
28848,4
28849,5
28850,0
28851,5
28852,1
28853,3
28854,0
28855,4
28856,3
28857,4
28858,5
28859,0
28860,3
28861,4
28862,3
28863,1
28864,4
28865,3
28866,1
28867,4
28868,4
28869,2
28870,1
28871,2
28872,2
28873,3
28874,1
28875,0
28876,7
28877,0
28878,0
28879,5
28880,3
28881,0
28882,1
28883,6
28884,3
28885,3
28886,2
28887,5
28888,0
28889,4
28890,2
28891,3
28892,6
28893,4
28894,3
28895,2
28896,2
28897,3
28898,1
28899,0
28900,3
28901,2
28902,4
28903,2
28904,0
28905,3
28906,0
28907,2
28908,4
28909,3
28910,2
28911,1
28912,2
28913,5
28914,7
28915,2
28916,8
28917,1
28918,2
28919,3
28920,1
28921,0
28922,1
28923,4
28924,6
28925,3
28926,6
28927,5
28928,4
28929,2
28930,6
28931,2
28932,5
28933,2
28934,0
28935,4
28936,4
28937,2
28938,2
28939,3
28940,5
28941,2
28942,0
28943,0
28944,3
28945,3
28946,3
28947,4
28948,3
28949,0
28950,5
28951,1
28952,3
28953,3
28954,0
28955,0
28956,1
28957,1
28958,2
28959,2
28960,2
28961,1
28962,3
28963,3
28964,3
28965,2
28966,2
28967,0
28968,1
28969,2
28970,0
28971,2
28972,3
28973,3
28974,2
28975,6
28976,1
28977,2
28978,4
28979,2
28980,4
28981,2
28982,1
28983,2
28984,2
28985,1
28986,5
28987,3
28988,3
28989,5
28990,4
28991,4
28992,6
28993,3
28994,5
28995,1
28996,3
28997,3
28998,4
28999,5
29000,2
29001,3
29002,3
29003,3
29004,3
29005,2
29006,3
29007,1
29008,0
29009,2
29010,5
29011,1
29012,2
29013,2
29014,1
29015,1
29016,3
29017,1
29018,4
29019,3
29020,5
29021,4
29022,1
29023,2
29024,0
29025,5
29026,4
29027,6
29028,1
29029,4
29030,3
29031,1
29032,6
29033,0
29034,5
29035,1
29036,6
29037,3
29038,2
29039,5
29040,1
29041,4
29042,4
29043,1
29044,1
29045,2
29046,3
29047,1
29048,2
29049,2
29050,2
29051,3
29052,4
29053,0
29054,2
29055,5
29056,2
29057,1
29058,2
29059,2
29060,3
29061,5
29062,5
29063,4
29064,7
29065,2
29066,2
29067,3
29068,5
29069,1
29070,2
29071,2
29072,1
29073,3
29074,1
29075,3
29076,6
29077,2
29078,7
29079,2
29080,1
29081,1
29082,3
29083,4
29084,3
29085,3
29086,1
29087,4
29088,0
29089,1
29090,2
29091,3
29092,1
29093,6
29094,4
29095,1
29096,3
29097,1
29098,0
29099,5
29100,3
29101,2
29102,0
29103,2
29104,0
29105,3
29106,2
29107,6
29108,3
29109,3
29110,1
29111,4
29112,2
29113,3
29114,1
29115,4
29116,1
29117,2
29118,3
29119,4
29120,5
29121,4
29122,3
29123,4
29124,1
29125,1
29126,0
29127,5
29128,2
29129,1
29130,4
29131,4
29132,2
29133,2
29134,1
29135,3
29136,0
29137,3
29138,7
29139,1
29140,2
29141,2
29142,1
29143,3
29144,2
29145,0
29146,5
29147,3
29148,2
29149,4
29150,5
29151,3
29152,3
29153,0
29154,4
29155,1
29156,3
29157,4
29158,2
29159,1
29160,1
29161,4
29162,3
29163,4
29164,2
29165,2
29166,3
29167,1
29168,3
29169,3
29170,3
29171,1
29172,3
29173,5
29174,2
29175,6
29176,2
29177,3
29178,4
29179,2
29180,3
29181,0
29182,4
29183,1
29184,1
29185,4
29186,3
29187,5
29188,1
29189,3
29190,1
29191,5
29192,2
29193,4
29194,3
29195,4
29196,2
29197,2
29198,5
29199,5
29200,3
29201,1
29202,1
29203,0
29204,6
29205,5
29206,5
29207,1
29208,6
29209,2
29210,3
29211,2
29212,0
29213,5
29214,1
29215,4
29216,7
29217,3
29218,2
29219,2
29220,2
29221,3
29222,0
29223,3
29224,6
29225,7
29226,1
29227,4
29228,1
29229,1
29230,3
29231,5
29232,2
29233,1
29234,2
29235,2
29236,2
29237,1
29238,4
29239,2
29240,5
29241,0
29242,5
29243,1
29244,1
29245,5
29246,1
29247,2
29248,5
29249,6
29250,0
29251,3
29252,5
29253,2
29254,3
29255,1
29256,3
29257,2
29258,4
29259,2
29260,2
29261,2
29262,3
29263,2
29264,1
29265,5
29266,5
29267,2
29268,1
29269,3
29270,4
29271,6
29272,4
29273,3
29274,2
29275,6
29276,3
29277,2
29278,1
29279,5
29280,3
29281,0
29282,2
29283,5
29284,2
29285,5
29286,0
29287,3
29288,3
29289,5
29290,5
29291,7
29292,4
29293,2
29294,0
29295,4
29296,2
29297,5
29298,3
29299,5
29300,0
29301,4
29302,3
29303,0
29304,3
29305,2
29306,3
29307,5
29308,2
29309,2
29310,1
29311,3
29312,5
29313,3
29314,0
29315,3
29316,5
29317,2
29318,2
29319,2
29320,5
29321,2
29322,5
29323,1
29324,3
29325,4
29326,1
29327,5
29328,2
29329,1
29330,4
29331,4
29332,1
29333,4
29334,5
29335,3
29336,6
29337,6
29338,2
29339,5
29340,3
29341,2
29342,4
29343,5
29344,0
29345,3
29346,2
29347,4
29348,1
29349,4
29350,0
29351,3
29352,4
29353,3
29354,7
29355,1
29356,4
29357,2
29358,5
29359,3
29360,3
29361,3
29362,5
29363,4
29364,0
29365,1
29366,4
29367,6
29368,5
29369,3
29370,4
29371,4
29372,2
29373,0
29374,0
29375,6
29376,5
29377,0
29378,5
29379,3
29380,2
29381,4
29382,7
29383,3
29384,6
29385,2
29386,3
29387,3
29388,0
29389,1
29390,2
29391,4
29392,2
29393,0
29394,4
29395,3
29396,2
29397,2
29398,3
29399,6
29400,3
29401,8
29402,3
29403,4
29404,2
29405,1
29406,0
29407,5
29408,1
29409,1
29410,0
29411,2
29412,5
29413,5
29414,5
29415,4
29416,4
29417,2
29418,3
29419,5
29420,2
29421,0
29422,2
29423,2
29424,1
29425,2
29426,2
29427,1
29428,4
29429,2
29430,6
29431,2
29432,5
29433,3
29434,2
29435,3
29436,2
29437,4
29438,2
29439,3
29440,3
29441,0
29442,4
29443,1
29444,4
29445,3
29446,5
29447,1
29448,5
29449,2
29450,2
29451,2
29452,4
29453,6
29454,5
29455,1
29456,2
29457,4
29458,0
29459,2
29460,3
29461,5
29462,6
29463,2
29464,2
29465,4
29466,0
29467,1
29468,2
29469,1
29470,0
29471,5
29472,1
29473,0
29474,4
29475,1
29476,0
29477,1
29478,1
29479,3
29480,0
29481,5
29482,1
29483,3
29484,2
29485,2
29486,7
29487,1
29488,2
29489,3
29490,3
29491,2
29492,4
29493,1
29494,1
29495,1
29496,1
29497,2
29498,3
29499,3
29500,4
29501,2
29502,2
29503,5
29504,1
29505,2
29506,3
29507,2
29508,2
29509,4
29510,1
29511,3
29512,5
29513,2
29514,1
29515,0
29516,2
29517,3
29518,5
29520,1
29521,1
29522,5
29523,0
29524,2
29525,4
29526,1
29527,5
29528,1
29529,5
29530,3
29531,0
29532,4
29533,4
29534,3
29535,1
29536,0
29537,3
29538,0
29539,0
29540,2
29541,5
29542,2
29543,1
29544,6
29545,4
29546,2
29547,2
29548,6
29549,5
29550,2
29551,5
29552,0
29553,2
29554,3
29555,5
29556,2
29557,2
29558,2
29559,2
29560,2
29561,0
29562,0
29563,4
29564,2
29565,2
29566,2
29567,1
29568,1
29569,0
29570,1
29571,3
29572,5
29573,0
29574,1
29575,4
29576,1
29577,3
29578,1
29579,4
29580,1
29581,3
29582,4
29583,2
29584,0
29585,7
29586,2
29587,0
29588,0
29589,0
29590,3
29591,1
29592,2
29593,5
29594,3
29595,2
29596,2
29597,2
29598,4
29599,3
29600,0
29601,3
29602,1
29603,2
29604,2
29605,4
29606,3
29607,4
29608,1
29609,3
29610,5
29611,6
29612,3
29613,4
29614,3
29615,2
29616,1
29617,0
29618,2
29619,3
29620,2
29621,2
29622,3
29623,3
29624,2
29625,2
29626,3
29627,3
29628,1
29629,0
29630,4
29631,3
29632,2
29633,4
29634,4
29635,4
29636,7
29637,1
29638,4
29639,2
29640,2
29641,1
29642,6
29643,4
29644,2
29645,4
29646,2
29647,0
29648,5
29649,4
29650,2
29651,7
29652,2
29653,1
29654,2
29655,1
29656,1
29657,2
29658,0
29659,5
29660,3
29661,5
29662,1
29663,4
29664,2
29665,0
29666,0
29667,1
29668,1
29669,3
29670,0
29671,4
29672,2
29673,5
29674,6
29675,4
29676,6
29677,4
29678,2
29679,6
29680,3
29681,2
29682,2
29683,3
29684,6
29685,5
29686,3
29687,1
29688,1
29689,1
29690,0
29691,1
29692,4
29693,2
29694,3
29695,2
29696,1
29697,0
29698,2
29699,4
29700,2
29701,4
29702,0
29703,5
29704,3
29705,5
29706,5
29707,1
29708,0
29709,2
29710,1
29711,1
29712,3
29713,1
29714,4
29715,1
29716,1
29717,5
29718,2
29719,1
29720,2
29721,2
29722,7
29723,1
29724,2
29725,1
29726,4
29727,3
29728,4
29729,4
29730,7
29731,5
29732,3
29733,1
29734,3
29735,2
29736,2
29737,4
29738,6
29739,4
29740,3
29741,0
29742,2
29743,3
29744,6
29745,1
29746,6
29747,3
29748,1
29749,3
29750,0
29751,5
29752,2
29753,2
29754,1
29755,3
29756,2
29757,1
29758,3
29759,2
29760,3
29761,3
29762,1
29763,2
29764,2
29765,7
29766,0
29767,0
29768,3
29769,1
29770,6
29771,0
29772,4
29773,3
29774,1
29775,0
29776,5
29777,8
29778,2
29779,2
29780,1
29781,0
29782,3
29783,5
29784,3
29785,0
29786,1
29787,4
29788,2
29789,6
29790,2
29791,2
29792,4
29793,3
29794,6
29795,2
29796,0
29797,1
29798,4
29799,2
29800,2
29801,4
29802,1
29803,5
29804,5
29805,2
29806,4
29807,1
29808,2
29809,2
29810,4
29811,2
29812,3
29813,3
29814,1
29815,0
29816,2
29817,0
29818,0
29819,0
29820,3
29821,2
29822,5
29823,3
29824,1
29825,3
29826,0
29827,1
29828,2
29829,2
29830,4
29831,2
29832,1
29833,3
29834,1
29835,5
29836,2
29837,0
29838,3
29839,3
29840,2
29841,5
29842,5
29843,2
29844,1
29845,5
29846,4
29847,2
29848,4
29849,2
29850,5
29851,5
29852,4
29853,3
29854,1
29855,0
29856,3
29857,3
29858,1
29859,2
29860,1
29861,1
29862,0
29863,1
29864,0
29865,3
29866,0
29867,2
29868,2
29869,3
29870,4
29871,1
29872,3
29873,3
29874,1
29875,1
29876,5
29877,3
29878,2
29879,2
29880,6
29881,2
29882,0
29883,5
29884,3
29885,1
29886,2
29887,4
29888,1
29889,7
29890,2
29891,0
29892,2
29893,6
29894,2
29895,6
29896,2
29897,1
29898,4
29899,1
29900,1
29901,3
29902,3
29903,2
29904,1
29905,0
29906,2
29907,6
29908,2
29909,5
29910,2
29911,2
29912,1
29913,1
29914,3
29915,1
29916,5
29917,4
29918,2
29919,1
29920,2
29921,2
29922,3
29923,8
29924,1
29925,2
29926,6
29927,7
29928,1
29929,2
29930,3
29931,3
29932,0
29933,0
29934,1
29935,1
29936,4
29937,5
29938,4
29939,2
29940,1
29941,4
29942,1
29943,8
29944,2
29945,0
29946,1
29947,5
29948,3
29949,2
29950,1
29951,4
29952,3
29953,1
29954,6
29955,2
29956,3
29957,5
29958,2
29959,2
29960,1
29961,2
29962,0
29963,6
29964,1
29965,2
29966,2
29967,0
29968,2
29969,3
29970,4
29971,2
29972,1
29973,1
29974,3
29975,7
29976,6
29977,5
29978,0
29979,1
29980,2
29981,4
29982,3
29983,3
29984,1
29985,1
29986,0
29987,5
29988,1
29989,2
29990,3
29991,0
29992,2
29993,4
29994,1
29995,1
29996,0
29997,5
29998,2
29999,0
30000,3
30001,2
30002,6
30003,0
30004,4
30005,5
30006,7
30007,3
30008,2
30009,3
30010,3
30011,3
30012,6
30013,6
30014,4
30015,4
30016,5
30017,1
30018,5
30019,5
30020,4
30021,2
30022,3
30023,1
30024,1
30025,0
30026,2
30027,4
30028,3
30029,4
30030,3
30031,3
30032,5
30033,2
30034,2
30035,2
30036,0
30037,4
30038,2
30039,3
30040,3
30041,3
30042,3
30043,3
30044,2
30045,2
30046,4
30047,5
30048,2
30049,3
30050,2
30051,2
30052,2
30053,4
30054,2
30055,5
30056,1
30057,2
30058,1
30059,2
30060,2
30061,0
30062,3
30063,3
30064,1
30065,3
30066,0
30067,2
30068,0
30069,1
30070,1
30071,6
30072,2
30073,3
30074,3
30075,3
30076,2
30077,1
30078,0
30079,0
30080,2
30081,3
30082,1
30083,4
30084,2
30085,0
30086,3
30087,4
30088,5
30089,2
30090,3
30091,3
30092,1
30093,5
30094,3
30095,1
30096,3
30097,2
30098,3
30099,1
30100,1
30101,2
30102,8
30103,7
30104,3
30105,2
30106,3
30107,4
30108,2
30109,5
30110,2
30111,2
30112,3
30113,3
30114,2
30115,2
30116,6
30117,2
30118,0
30119,4
30120,3
30121,6
30122,2
30123,3
30124,3
30125,6
30126,1
30127,2
30128,4
30129,0
30130,5
30131,1
30132,0
30133,5
30134,2
30135,0
30136,1
30137,3
30138,5
30139,2
30140,1
30141,0
30142,2
30143,5
30144,1
30145,1
30146,3
30147,2
30148,5
30149,3
30150,4
30151,3
30152,1
30153,3
30154,3
30155,0
30156,3
30157,1
30158,0
30159,3
30160,6
30161,2
30162,1
30163,1
30164,3
30165,5
30166,1
30167,7
30168,5
30169,5
30170,7
30171,2
30172,5
30173,1
30174,0
30175,2
30176,5
30177,4
30178,4
30179,1
30180,0
30181,3
30182,1
30183,0
30184,3
30185,3
30186,1
30187,6
30188,2
30189,5
30190,3
30191,4
30192,1
30193,2
30194,0
30195,4
30196,0
30197,2
30198,2
30199,6
30200,1
30201,4
30202,3
30203,1
30204,4
30205,4
30206,0
30207,2
30208,4
30209,2
30210,1
30211,2
30212,4
30213,0
30214,6
30215,4
30216,0
30217,2
30218,3
30219,6
30220,5
30221,1
30222,2
30223,7
30224,2
30225,1
30226,5
30227,2
30228,2
30229,1
30230,3
30231,6
30232,2
30233,3
30234,0
30235,2
30236,2
30237,5
30238,1
30239,3
30240,2
30241,2
30242,4
30243,2
30244,4
30245,4
30246,4
30247,3
30248,2
30249,2
30250,1
30251,4
30252,4
30253,6
30254,2
30255,4
30256,4
30257,0
30258,5
30259,4
30260,2
30261,0
30262,3
30263,3
30264,6
30265,3
30266,5
30267,3
30268,4
30269,4
30270,2
30271,3
30272,0
30273,6
30274,5
30275,4
30276,7
30277,4
30278,0
30279,1
30280,1
30281,3
30282,2
30283,2
30284,1
30285,0
30286,1
30287,0
30288,2
30289,0
30290,5
30291,4
30292,0
30293,2
30294,3
30295,3
30296,5
30297,5
30298,3
30299,0
30300,2
30301,1
30302,4
30303,3
30304,0
30305,1
30306,0
30307,4
30308,2
30309,4
30310,1
30311,3
30312,3
30313,0
30314,1
30315,2
30316,2
30317,2
30318,0
30319,3
30320,2
30321,1
30322,3
30323,5
30324,5
30325,4
30326,1
30327,2
30328,0
30329,2
30330,2
30331,3
30332,0
30333,4
30334,2
30335,2
30336,2
30337,3
30338,0
30339,1
30340,3
30341,2
30342,4
30343,3
30344,2
30345,4
30346,0
30347,6
30348,4
30349,2
30350,1
30351,1
30352,2
30353,4
30354,0
30355,4
30356,1
30357,2
30358,4
30359,1
30360,2
30361,3
30362,2
30363,1
30364,5
30365,4
30366,3
30367,5
30368,5
30369,2
30370,2
30371,3
30372,2
30373,3
30374,3
30375,2
30376,1
30377,4
30378,2
30379,2
30380,1
30381,2
30382,3
30383,1
30384,1
30385,4
30386,4
30387,5
30388,1
30389,5
30390,5
30391,0
30392,1
30393,0
30394,1
30395,5
30396,3
30397,1
30398,4
30399,3
30400,4
30401,3
30402,4
30403,4
30404,2
30405,5
30406,6
30407,4
30408,0
30409,2
30410,4
30411,3
30412,4
30413,1
30414,3
30415,1
30416,5
30417,4
30418,1
30419,1
30420,0
30421,2
30422,6
30423,2
30424,3
30425,1
30426,0
30427,3
30428,4
30429,2
30430,5
30431,1
30432,1
30433,1
30434,2
30435,4
30436,5
30437,0
30438,3
30439,3
30440,6
30441,0
30442,1
30443,4
30444,2
30445,3
30446,1
30447,0
30448,3
30449,1
30450,1
30451,1
30452,0
30453,3
30454,0
30455,4
30456,2
30457,0
30458,5
30459,5
30460,4
30461,2
30462,7
30463,1
30464,4
30465,1
30466,2
30467,3
30468,4
30469,2
30470,4
30471,2
30472,2
30473,3
30474,0
30475,2
30476,5
30477,2
30478,3
30479,5
30480,2
30481,2
30482,4
30483,3
30484,1
30485,0
30486,1
30487,1
30488,3
30489,1
30490,7
30491,4
30492,4
30493,1
30494,2
30495,2
30496,3
30497,3
30498,2
30499,2
30500,2
30501,1
30502,1
30503,6
30504,0
30505,4
30506,1
30507,4
30508,2
30509,3
30510,2
30511,0
30512,5
30513,1
30514,5
30515,0
30516,6
30517,7
30518,3
30519,2
30520,0
30521,3
30522,5
30523,1
30524,0
30525,2
30526,5
30527,5
30528,5
30529,3
30530,1
30531,5
30532,1
30533,6
30534,2
30535,3
30536,0
30537,1
30538,5
30539,1
30540,1
30541,1
30542,4
30543,4
30544,3
30545,6
30546,5
30547,1
30548,2
30549,0
30550,2
30551,1
30552,1
30553,2
30554,1
30555,2
30556,1
30557,3
30558,1
30559,3
30560,2
30561,4
30562,6
30563,3
30564,2
30565,2
30566,4
30567,2
30568,1
30569,2
30570,1
30571,4
30572,1
30573,3
30574,4
30575,3
30576,1
30577,1
30578,4
30579,2
30580,7
30581,3
30582,7
30583,3
30584,6
30585,0
30586,5
30587,1
30588,0
30589,2
30590,3
30591,5
30592,2
30593,2
30594,1
30595,2
30596,4
30597,2
30598,6
30599,0
30600,2
30601,2
30602,2
30603,3
30604,1
30605,2
30606,0
30607,3
30608,6
30609,5
30610,1
30611,0
30612,1
30613,3
30614,5
30615,4
30616,0
30617,1
30618,2
30619,0
30620,2
30621,1
30622,0
30623,5
30624,2
30625,2
30626,0
30627,5
30628,4
30629,1
30630,1
30631,0
30632,3
30633,7
30634,3
30635,3
30636,2
30637,1
30638,3
30639,1
30640,4
30641,1
30642,1
30643,4
30644,1
30645,5
30646,3
30647,2
30648,6
30649,0
30650,2
30651,2
30652,3
30653,5
30654,3
30655,3
30656,5
30657,5
30658,5
30659,4
30660,2
30661,1
30662,0
30663,3
30664,7
30665,6
30666,4
30667,3
30668,3
30669,3
30670,0
30671,5
30672,6
30673,0
30674,6
30675,5
30676,5
30677,1
30678,4
30679,4
30680,4
30681,1
30682,0
30683,3
30684,3
30685,0
30686,2
30687,0
30688,1
30689,3
30690,6
30691,3
30692,4
30693,3
30694,3
30695,0
30696,3
30697,2
30698,0
30699,0
30700,3
30701,0
30702,0
30703,4
30704,3
30705,3
30706,3
30707,4
30708,1
30709,2
30710,2
30711,2
30712,7
30713,4
30714,2
30715,1
30716,5
30717,4
30718,2
30719,3
30720,0
30721,3
30722,0
30723,3
30724,0
30725,1
30726,3
30727,2
30728,5
30729,2
30730,5
30731,3
30732,4
30733,4
30734,2
30735,5
30736,4
30737,1
30738,4
30739,5
30740,4
30741,2
30742,2
30743,1
30744,3
30745,3
30746,2
30747,4
30748,1
30749,6
30750,2
30751,2
30752,4
30753,0
30754,1
30755,1
30756,3
30757,2
30758,2
30759,2
30760,3
30761,6
30762,3
30763,1
30764,1
30765,2
30766,1
30767,4
30768,1
30769,4
30770,3
30771,3
30772,3
30773,3
30774,0
30775,2
30776,4
30777,1
30778,0
30779,1
30780,2
30781,1
30782,4
30783,2
30784,2
30785,4
30786,4
30787,2
30788,1
30789,2
30790,4
30791,5
30792,4
30793,4
30794,4
30795,0
30796,0
30797,2
30798,4
30799,2
30800,7
30801,5
30802,4
30803,2
30804,0
30805,4
30806,3
30807,3
30808,1
30809,1
30810,0
30811,1
30812,4
30813,4
30814,3
30815,2
30816,2
30817,5
30818,4
30819,3
30820,1
30821,4
30822,0
30823,3
30824,2
30825,2
30826,2
30827,3
30828,3
30829,3
30830,3
30831,1
30832,5
30833,3
30834,3
30835,2
30836,2
30837,0
30838,1
30839,5
30840,0
30841,2
30842,1
30843,3
30844,3
30845,3
30846,2
30847,3
30848,5
30849,6
30850,0
30851,4
30852,2
30853,4
30854,3
30855,1
30856,6
30857,4
30858,0
30859,3
30860,3
30861,4
30862,2
30863,5
30864,3
30865,6
30866,1
30867,5
30868,4
30869,6
30870,2
30871,3
30872,5
30873,3
30874,1
30875,1
30876,5
30877,4
30878,4
30879,3
30880,1
30881,1
30882,2
30883,1
30884,4
30885,2
30886,3
30887,3
30888,1
30889,2
30890,2
30891,5
30892,2
30893,3
30894,3
30895,4
30896,0
30897,1
30898,1
30899,5
30900,1
30901,3
30902,2
30903,3
30904,2
30905,7
30906,0
30907,1
30908,2
30909,2
30910,2
30911,5
30912,3
30913,0
30914,1
30915,4
30916,1
30917,2
30918,2
30919,4
30920,4
30921,1
30922,6
30923,6
30924,3
30925,3
30926,2
30927,1
30928,0
30929,1
30930,3
30931,1
30932,2
30933,4
30934,6
30935,5
30936,4
30937,2
30938,1
30939,2
30940,4
30941,3
30942,1
30943,4
30944,4
30945,4
30946,6
30947,4
30948,2
30949,2
30950,3
30951,3
30952,0
30953,2
30954,1
30955,4
30956,2
30957,6
30958,1
30959,4
30960,4
30961,0
30962,3
30963,0
30964,4
30965,4
30966,4
30967,3
30968,2
30969,5
30970,1
30971,3
30972,0
30973,2
30974,2
30975,0
30976,0
30977,2
30978,3
30979,2
30980,4
30981,4
30982,2
30983,4
30984,0
30985,0
30986,4
30987,5
30988,2
30989,1
30990,5
30991,3
30992,3
30993,2
30994,2
30995,3
30996,0
30997,4
30998,2
30999,2
31000,2
31001,1
31002,3
31003,1
31004,4
31005,2
31006,1
31007,3
31008,2
31009,3
31010,6
31011,1
31012,2
31013,1
31014,1
31015,5
31016,2
31017,1
31018,2
31019,5
31020,1
31021,4
31022,3
31023,2
31024,0
31025,2
31026,0
31027,2
31028,5
31029,6
31030,5
31031,2
31032,5
31033,3
31034,5
31035,4
31036,1
31037,5
31038,1
31039,3
31040,3
31041,2
31042,1
31043,0
31044,4
31045,3
31046,3
31047,0
31048,2
31049,5
31050,5
31051,3
31052,1
31053,4
31054,0
31055,6
31056,2
31057,2
31058,2
31059,6
31060,3
31061,2
31062,4
31063,1
31064,5
31065,3
31066,1
31067,5
31068,1
31069,4
31070,4
31071,4
31072,4
31073,2
31074,2
31075,4
31076,2
31077,3
31078,4
31079,2
31080,1
31081,5
31082,0
31083,4
31084,1
31085,1
31086,3
31087,0
31088,2
31089,3
31090,5
31091,2
31092,6
31093,3
31094,3
31095,4
31096,1
31097,1
31098,3
31099,2
31100,1
31101,3
31102,4
31103,4
31104,1
31105,2
31106,4
31107,1
31108,0
31109,6
31110,4
31111,6
31112,3
31113,3
31114,5
31115,2
31116,2
31117,4
31118,0
31119,3
31120,2
31121,1
31122,1
31123,4
31124,4
31125,2
31126,4
31127,1
31128,4
31129,2
31130,6
31131,3
31132,5
31133,5
31134,6
31135,3
31136,2
31137,2
31138,2
31139,4
31140,4
31141,4
31142,2
31143,0
31144,4
31145,4
31146,3
31147,0
31148,6
31149,3
31150,4
31151,2
31152,2
31153,1
31154,0
31155,4
31156,2
31157,2
31158,0
31159,3
31160,2
31161,0
31162,2
31163,4
31164,5
31165,4
31166,8
31167,5
31168,2
31169,2
31170,1
31171,5
31172,2
31173,6
31174,3
31175,4
31176,2
31177,2
31178,1
31179,3
31180,0
31181,1
31182,7
31183,5
31184,2
31185,3
31186,0
31187,2
31188,4
31189,1
31190,1
31191,2
31192,1
31193,4
31194,3
31195,2
31196,6
31197,2
31198,2
31199,4
31200,5
31201,4
31202,4
31203,0
31204,2
31205,4
31206,1
31207,3
31208,1
31209,3
31210,5
31211,1
31212,7
31213,3
31214,2
31215,3
31216,2
31217,4
31218,1
31219,0
31220,1
31221,0
31222,2
31223,3
31224,5
31225,1
31226,4
31227,3
31228,2
31229,2
31230,5
31231,1
31232,4
31233,4
31234,6
31235,1
31236,1
31237,4
31238,2
31239,4
31240,3
31241,4
31242,4
31243,2
31244,1
31245,0
31246,1
31247,1
31248,5
31249,1
31250,1
31251,3
31252,4
31253,4
31254,4
31255,6
31256,0
31257,3
31258,0
31259,3
31260,1
31261,2
31262,3
31263,4
31264,2
31265,1
31266,2
31267,1
31268,0
31269,0
31270,4
31271,1
31272,1
31273,6
31274,2
31275,0
31276,3
31277,5
31278,1
31279,1
31280,3
31281,5
31282,2
31283,4
31284,6
31285,1
31286,4
31287,4
31288,2
31289,2
31290,1
31291,4
31292,5
31293,1
31294,2
31295,4
31296,2
31297,4
31298,2
31299,2
31300,0
31301,4
31302,2
31303,4
31304,7
31305,4
31306,3
31307,1
31308,2
31309,5
31310,2
31311,5
31312,2
31313,0
31314,1
31315,0
31316,1
31317,4
31318,1
31319,2
31320,1
31321,4
31322,1
31323,3
31324,1
31325,1
31326,3
31327,4
31328,2
31329,2
31330,4
31331,0
31332,3
31333,1
31334,0
31335,2
31336,1
31337,0
31338,1
31339,3
31340,1
31341,3
31342,3
31343,1
31344,1
31345,1
31346,1
31347,2
31348,4
31349,3
31350,0
31351,2
31352,2
31353,8
31354,4
31355,5
31356,3
31357,4
31358,2
31359,2
31360,5
31361,4
31362,6
31363,3
31364,3
31365,2
31366,3
31367,2
31368,3
31369,2
31370,2
31371,1
31372,1
31373,1
31374,4
31375,3
31376,2
31377,4
31378,0
31379,5
31380,3
31381,6
31382,3
31383,1
31384,0
31385,1
31386,3
31387,2
31388,2
31389,3
31390,2
31391,6
31392,0
31393,1
31394,3
31395,1
31396,1
31397,5
31398,1
31399,3
31400,3
31401,6
31402,4
31403,5
31404,3
31405,1
31406,4
31407,3
31408,3
31409,3
31410,3
31411,3
31412,4
31413,8
31414,3
31415,4
31416,1
31417,3
31418,2
31419,5
31420,2
31421,3
31422,3
31423,4
31424,4
31425,1
31426,5
31427,3
31428,4
31429,1
31430,1
31431,3
31432,3
31433,2
31434,1
31435,0
31436,0
31437,3
31438,2
31439,4
31440,5
31441,3
31442,4
31443,1
31444,1
31445,5
31446,2
31447,7
31448,4
31449,1
31450,0
31451,2
31452,0
31453,5
31454,3
31455,7
31456,3
31457,1
31458,5
31459,0
31460,2
31461,0
31462,0
31463,2
31464,3
31465,4
31466,3
31467,0
31468,0
31469,2
31470,2
31471,3
31472,6
31473,2
31474,1
31475,3
31476,2
31477,2
31478,4
31479,1
31480,2
31481,6
31482,0
31483,2
31484,4
31485,2
31486,2
31487,2
31488,3
31489,2
31490,1
31491,0
31492,4
31493,0
31494,2
31495,2
31496,6
31497,6
31498,5
31499,2
31500,2
31501,3
31502,3
31503,1
31504,2
31505,0
31506,2
31507,6
31508,1
31509,5
31510,1
31511,4
31512,2
31513,4
31514,3
31515,3
31516,6
31517,3
31518,2
31519,3
31520,1
31521,3
31522,2
31523,3
31524,4
31525,4
31526,2
31527,5
31528,0
31529,2
31530,3
31531,2
31532,3
31533,2
31534,1
31535,4
31536,2
31537,1
31538,5
31539,4
31540,3
31541,4
31542,3
31543,2
31544,1
31545,5
31546,3
31547,1
31548,2
31549,2
31550,2
31551,1
31552,1
31553,1
31554,1
31555,3
31556,1
31557,0
31558,3
31559,1
31560,3
31561,7
31562,0
31563,5
31564,1
31565,0
31566,0
31567,7
31568,3
31569,1
31570,3
31571,7
31572,3
31573,2
31574,0
31575,0
31576,1
31577,2
31578,2
31579,3
31580,3
31581,5
31582,4
31583,0
31584,4
31585,6
31586,4
31587,2
31588,3
31589,1
31590,1
31591,3
31592,2
31593,4
31594,2
31595,1
31596,1
31597,0
31598,4
31599,1
31600,1
31601,0
31602,2
31603,2
31604,2
31605,3
31606,0
31607,3
31608,1
31609,3
31610,1
31611,2
31612,3
31613,2
31614,6
31615,2
31616,1
31617,0
31618,1
31619,1
31620,3
31621,2
31622,5
31623,3
31624,3
31625,4
31626,4
31627,4
31628,5
31629,3
31630,1
31631,6
31632,2
31633,2
31634,4
31635,2
31636,2
31637,1
31638,1
31639,6
31640,0
31641,3
31642,2
31643,4
31644,6
31645,3
31646,2
31647,5
31648,1
31649,5
31650,7
31651,6
31652,1
31653,2
31654,2
31655,3
31656,0
31657,0
31658,6
31659,1
31660,4
31661,0
31662,0
31663,3
31664,4
31665,1
31666,2
31667,1
31668,2
31669,1
31670,2
31671,1
31672,3
31673,1
31674,4
31675,1
31676,2
31677,1
31678,0
31679,2
31680,0
31681,6
31682,1
31683,2
31684,3
31685,2
31686,1
31687,5
31688,2
31689,1
31690,1
31691,3
31692,2
31693,1
31694,4
31695,3
31696,5
31697,0
31698,2
31699,1
31700,0
31701,4
31702,3
31703,5
31704,4
31705,2
31706,1
31707,3
31708,2
31709,3
31710,4
31711,5
31712,4
31713,2
31714,1
31715,3
31716,6
31717,2
31718,3
31719,2
31720,1
31721,3
31722,6
31723,3
31724,4
31725,4
31726,4
31727,3
31728,4
31729,3
31730,2
31731,4
31732,2
31733,3
31734,0
31735,2
31736,1
31737,6
31738,4
31739,7
31740,0
31741,5
31742,1
31743,6
31744,4
31745,0
31746,1
31747,1
31748,2
31749,3
31750,2
31751,2
31752,3
31753,4
31754,2
31755,4
31756,1
31757,1
31758,5
31759,4
31760,1
31761,1
31762,3
31763,1
31764,3
31765,1
31766,2
31767,0
31768,2
31769,4
31770,1
31771,4
31772,4
31773,1
31774,1
31775,0
31776,2
31777,6
31778,6
31779,0
31780,1
31781,4
31782,3
31783,2
31784,0
31785,1
31786,2
31787,2
31788,1
31789,5
31790,1
31791,5
31792,2
31793,3
31794,0
31795,6
31796,6
31797,0
31798,1
31799,2
31800,4
31801,5
31802,5
31803,3
31804,3
31805,2
31806,1
31807,0
31808,3
31809,6
31810,0
31811,3
31812,2
31813,2
31814,1
31815,2
31816,3
31817,4
31818,2
31819,4
31820,6
31821,4
31822,3
31823,0
31824,4
31825,3
31826,5
31827,2
31828,5
31829,5
31830,1
31831,0
31832,3
31833,2
31834,3
31835,1
31836,3
31837,4
31838,1
31839,4
31840,5
31841,3
31842,0
31843,1
31844,4
31845,3
31846,1
31847,2
31848,4
31849,2
31850,4
31851,2
31852,1
31853,2
31854,6
31855,7
31856,4
31857,1
31858,5
31859,2
31860,2
31861,0
31862,3
31863,4
31864,2
31865,0
31866,4
31867,6
31868,0
31869,1
31870,5
31871,0
31872,3
31873,4
31874,1
31875,1
31876,4
31877,1
31878,1
31879,2
31880,5
31881,2
31882,5
31883,3
31884,4
31885,3
31886,5
31887,4
31888,0
31889,2
31890,5
31891,4
31892,5
31893,5
31894,3
31895,2
31896,2
31897,5
31898,4
31899,0
31900,2
31901,3
31902,1
31903,5
31904,5
31905,2
31906,3
31907,2
31908,3
31909,2
31910,1
31911,1
31912,5
31913,1
31914,4
31915,5
31916,4
31917,1
31918,3
31919,3
31920,4
31921,3
31922,1
31923,1
31924,4
31925,3
31926,6
31927,2
31928,5
31929,3
31930,1
31931,5
31932,4
31933,1
31934,1
31935,1
31936,1
31937,3
31938,4
31939,5
31940,6
31941,3
31942,5
31943,1
31944,2
31945,2
31946,5
31947,1
31948,2
31949,5
31950,5
31951,2
31952,3
31953,2
31954,4
31955,3
31956,3
31957,2
31958,7
31959,2
31960,3
31961,3
31962,2
31963,2
31964,2
31965,8
31966,2
31967,3
31968,0
31969,5
31970,1
31971,0
31972,0
31973,2
31974,0
31975,3
31976,2
31977,4
31978,1
31979,1
31980,1
31981,2
31982,2
31983,4
31984,7
31985,2
31986,1
31987,7
31988,1
31989,4
31990,1
31991,5
31992,4
31993,4
31994,2
31995,2
31996,2
31997,1
31998,3
31999,6
32000,0
32001,0
32002,4
32003,2
32004,0
32005,4
32006,6
32007,4
32008,0
32009,7
32010,8
32011,0
32012,1
32013,6
32014,5
32015,3
32016,2
32017,2
32018,0
32019,2
32020,1
32021,6
32022,6
32023,3
32024,2
32025,0
32026,1
32027,6
32028,3
32029,3
32030,3
32031,2
32032,2
32033,6
32034,1
32035,2
32036,6
32037,6
32038,1
32039,4
32040,6
32041,3
32042,1
32043,5
32044,0
32045,4
32046,1
32047,0
32048,2
32049,3
32050,1
32051,4
32052,0
32053,2
32054,5
32055,1
32056,2
32057,2
32058,0
32059,7
32060,7
32061,1
32062,4
32063,4
32064,3
32065,3
32066,1
32067,0
32068,1
32069,1
32070,6
32071,7
32072,3
32073,7
32074,2
32075,3
32076,3
32077,4
32078,2
32079,2
32080,0
32081,2
32082,5
32083,0
32084,2
32085,2
32086,0
32087,2
32088,2
32089,2
32090,0
32091,1
32092,3
32093,3
32094,6
32095,4
32096,3
32097,4
32098,4
32099,2
32100,1
32101,2
32102,2
32103,3
32104,1
32105,3
32106,6
32107,1
32108,1
32109,2
32110,4
32111,1
32112,4
32113,3
32114,6
32115,1
32116,2
32117,3
32118,6
32119,3
32120,3
32121,2
32122,4
32123,2
32124,4
32125,1
32126,3
32127,5
32128,5
32129,3
32130,2
32131,3
32132,4
32133,1
32134,5
32135,4
32136,3
32137,2
32138,0
32139,3
32140,4
32141,1
32142,4
32143,4
32144,2
32145,2
32146,2
32147,6
32148,2
32149,3
32150,1
32151,1
32152,2
32153,1
32154,5
32155,1
32156,4
32157,3
32158,0
32159,5
32160,0
32161,3
32162,0
32163,4
32164,0
32165,4
32166,4
32167,1
32168,2
32169,1
32170,3
32171,2
32172,2
32173,3
32174,1
32175,6
32176,3
32177,0
32178,1
32179,3
32180,0
32181,0
32182,1
32183,1
32184,3
32185,2
32186,4
32187,4
32188,6
32189,0
32190,2
32191,0
32192,4
32193,1
32194,0
32195,2
32196,5
32197,3
32198,5
32199,1
32200,5
32201,5
32202,1
32203,3
32204,4
32205,5
32206,5
32207,0
32208,7
32209,0
32210,0
32211,2
32212,4
32213,3
32214,3
32215,2
32216,3
32217,3
32218,0
32219,2
32220,3
32221,3
32222,2
32223,1
32224,2
32225,3
32226,1
32227,5
32228,4
32229,3
32230,4
32231,5
32232,3
32233,4
32234,3
32235,0
32236,2
32237,1
32238,3
32239,5
32240,1
32241,5
32242,3
32243,2
32244,0
32245,2
32246,1
32247,1
32248,2
32249,3
32250,2
32251,1
32252,1
32253,2
32254,3
32255,1
32256,1
32257,0
32258,2
32259,0
32260,3
32261,7
32262,1
32263,3
32264,4
32265,2
32266,0
32267,3
32268,3
32269,3
32270,3
32271,4
32272,3
32273,3
32274,2
32275,1
32276,7
32277,2
32278,2
32279,0
32280,1
32281,5
32282,1
32283,0
32284,3
32285,1
32286,2
32287,4
32288,6
32289,2
32290,2
32291,3
32292,1
32293,2
32294,3
32295,3
32296,1
32297,2
32298,4
32299,4
32300,0
32301,2
32302,3
32303,2
32304,4
32305,0
32306,5
32307,3
32308,2
32309,2
32310,2
32311,5
32312,3
32313,5
32314,2
32315,2
32316,0
32317,1
32318,3
32319,3
32320,0
32321,2
32322,0
32323,6
32324,3
32325,0
32326,3
32327,2
32328,2
32329,2
32330,4
32331,4
32332,1
32333,4
32334,2
32335,1
32336,3
32337,2
32338,2
32339,5
32340,3
32341,4
32342,0
32343,2
32344,1
32345,4
32346,5
32347,4
32348,6
32349,3
32350,7
32351,1
32352,1
32353,3
32354,2
32355,2
32356,4
32357,5
32358,4
32359,1
32360,4
32361,1
32362,4
32363,1
32364,4
32365,0
32366,4
32367,0
32368,4
32369,2
32370,4
32371,2
32372,4
32373,5
32374,4
32375,2
32376,7
32377,3
32378,3
32379,3
32380,2
32381,2
32382,4
32383,3
32384,3
32385,1
32386,2
32387,3
32388,1
32389,4
32390,1
32391,1
32392,5
32393,2
32394,2
32395,5
32396,1
32397,0
32398,1
32399,3
32400,3
32401,5
32402,3
32403,3
32404,1
32405,3
32406,5
32407,2
32408,3
32409,4
32410,2
32411,0
32412,4
32413,7
32414,6
32415,0
32416,0
32417,2
32418,2
32419,5
32420,1
32421,2
32422,5
32423,3
32424,4
32425,4
32426,3
32427,2
32428,2
32429,6
32430,3
32431,3
32432,3
32433,3
32434,5
32435,6
32436,5
32437,2
32438,2
32439,1
32440,1
32441,0
32442,1
32443,3
32444,0
32445,1
32446,2
32447,6
32448,1
32449,0
32450,1
32451,3
32452,4
32453,3
32454,0
32455,2
32456,1
32457,1
32458,1
32459,2
32460,3
32461,0
32462,5
32463,2
32464,5
32465,3
32466,6
32467,5
32468,4
32469,2
32470,0
32471,2
32472,3
32473,0
32474,3
32475,4
32476,5
32477,0
32478,3
32479,1
32480,2
32481,5
32482,3
32483,2
32484,3
32485,2
32486,3
32487,3
32488,1
32489,2
32490,1
32491,5
32492,3
32493,2
32494,2
32495,2
32496,3
32497,1
32498,7
32499,2
32500,3
32501,2
32502,3
32503,5
32504,2
32505,0
32506,3
32507,6
32508,1
32509,1
32510,4
32511,2
32512,3
32513,2
32514,3
32515,3
32516,6
32517,2
32518,4
32519,3
32520,2
32521,1
32522,0
32523,2
32524,2
32525,1
32526,0
32527,1
32528,2
32529,0
32530,1
32531,4
32532,4
32533,4
32534,4
32535,2
32536,2
32537,5
32538,5
32539,5
32540,3
32541,2
32542,1
32543,0
32544,2
32545,1
32546,2
32547,3
32548,3
32549,0
32550,0
32551,0
32552,5
32553,2
32554,1
32555,2
32556,4
32557,0
32558,1
32559,6
32560,2
32561,1
32562,0
32563,1
32564,1
32565,6
32566,4
32567,7
32568,7
32569,3
32570,6
32571,2
32572,3
32573,7
32574,5
32575,0
32576,3
32577,4
32578,3
32579,1
32580,3
32581,0
32582,0
32583,2
32584,3
32585,1
32586,5
32587,3
32588,2
32589,3
32590,3
32591,1
32592,4
32593,0
32594,2
32595,1
32596,1
32597,3
32598,2
32599,5
32600,3
32601,2
32602,4
32603,3
32604,2
32605,0
32606,5
32607,6
32608,1
32609,4
32610,2
32611,4
32612,3
32613,2
32614,7
32615,4
32616,1
32617,2
32618,1
32619,3
32620,4
32621,1
32622,5
32623,1
32624,3
32625,3
32626,0
32627,6
32628,0
32629,1
32630,1
32631,5
32632,1
32633,6
32634,0
32635,2
32636,3
32637,2
32638,2
32639,0
32640,3
32641,4
32642,2
32643,5
32644,3
32645,2
32646,4
32647,3
32648,1
32649,2
32650,4
32651,0
32652,4
32653,5
32654,4
32655,2
32656,2
32657,3
32658,5
32659,2
32660,6
32661,2
32662,0
32663,3
32664,2
32665,1
32666,2
32667,2
32668,1
32669,2
32670,1
32671,0
32672,1
32673,5
32674,7
32675,1
32676,0
32677,5
32678,1
32679,1
32680,1
32681,2
32682,5
32683,3
32684,1
32685,3
32686,4
32687,4
32688,1
32689,3
32690,4
32691,5
32692,2
32693,1
32694,2
32695,2
32696,2
32697,4
32698,4
32699,3
32700,2
32701,2
32702,3
32703,1
32704,1
32706,5
32707,3
32708,3
32709,1
32710,3
32711,4
32712,1
32713,1
32714,3
32715,4
32716,2
32717,3
32718,2
32719,5
32720,3
32721,4
32722,4
32723,4
32724,1
32725,4
32726,1
32727,5
32728,4
32729,4
32730,4
32731,4
32732,6
32733,5
32734,0
32735,1
32736,3
32737,1
32738,4
32739,5
32740,1
32741,0
32742,3
32743,4
32744,1
32745,3
32746,4
32747,3
32748,2
32749,5
32750,4
32751,4
32752,1
32753,0
32754,5
32755,3
32756,4
32757,4
32758,1
32759,1
32760,2
32761,3
32762,0
32763,3
32764,1
32765,3
32766,3
32767,7
32768,2
32769,3
32770,4
32771,5
32772,0
32773,3
32774,3
32775,8
32776,1
32777,2
32778,4
32779,4
32780,3
32781,0
32782,1
32783,1
32784,2
32785,4
32786,2
32787,2
32788,6
32789,6
32790,3
32791,7
32792,3
32793,4
32794,4
32795,1
32796,1
32797,2
32798,3
32799,3
32800,5
32801,2
32802,2
32803,1
32804,1
32805,3
32806,2
32807,3
32808,2
32809,1
32810,2
32811,3
32812,5
32813,1
32814,2
32815,3
32816,0
32817,5
32818,0
32819,6
32820,2
32821,1
32822,2
32823,4
32824,0
32825,1
32826,2
32827,4
32828,3
32829,1
32830,2
32831,3
32832,1
32833,5
32834,3
32835,0
32836,2
32837,2
32838,3
32839,1
32840,0
32841,3
32842,8
32843,3
32844,4
32845,4
32846,0
32847,2
32848,5
32849,3
32850,1
32851,2
32852,4
32853,3
32854,6
32855,0
32856,4
32857,5
32858,3
32859,6
32860,2
32861,3
32862,5
32863,0
32864,2
32865,0
32866,2
32867,2
32868,0
32869,6
32870,2
32871,4
32872,0
32873,0
32874,0
32875,2
32876,1
32877,5
32878,5
32879,0
32880,3
32881,2
32882,3
32883,3
32884,2
32885,2
32886,0
32887,2
32888,4
32889,2
32890,4
32891,3
32892,1
32893,6
32894,3
32895,1
32896,4
32897,4
32898,4
32899,5
32900,3
32901,1
32902,1
32903,1
32904,1
32905,6
32906,2
32907,2
32908,1
32909,0
32910,0
32911,7
32912,4
32913,4
32914,4
32915,0
32916,1
32917,2
32918,3
32919,3
32920,1
32921,0
32922,3
32923,1
32924,2
32925,4
32926,2
32927,6
32928,1
32929,4
32930,3
32931,3
32932,4
32933,2
32934,3
32935,5
32936,3
32937,5
32938,3
32939,4
32940,0
32941,0
32942,5
32943,0
32944,4
32945,1
32946,2
32947,4
32948,5
32949,3
32950,2
32951,3
32952,3
32953,2
32954,3
32955,3
32956,0
32957,3
32958,5
32959,0
32960,0
32961,2
32962,0
32963,5
32964,4
32965,0
32966,1
32967,2
32968,6
32969,2
32970,0
32971,3
32972,4
32973,6
32974,3
32975,2
32976,3
32977,5
32978,3
32979,0
32980,3
32981,2
32982,0
32983,4
32984,2
32985,1
32986,7
32987,1
32988,2
32989,0
32990,2
32991,4
32992,5
32993,4
32994,1
32995,2
32996,2
32997,4
32998,5
32999,5
33000,0
33001,3
33002,1
33003,0
33004,2
33005,2
33006,3
33007,4
33008,0
33009,0
33010,5
33011,1
33012,4
33013,3
33014,4
33015,1
33016,1
33017,3
33018,2
33019,6
33020,1
33021,2
33022,4
33023,4
33024,4
33025,4
33026,5
33027,4
33028,7
33029,4
33030,3
33031,2
33032,4
33033,2
33034,7
33035,2
33036,2
33037,2
33038,3
33039,4
33040,5
33041,0
33042,2
33043,3
33044,3
33045,2
33046,2
33047,4
33048,5
33049,3
33050,2
33051,1
33052,1
33053,1
33054,5
33055,3
33056,3
33057,2
33058,4
33059,3
33060,1
33061,5
33062,2
33063,2
33064,2
33065,3
33066,3
33067,4
33068,1
33069,4
33070,1
33071,3
33072,5
33073,4
33074,1
33075,2
33076,2
33077,4
33078,3
33079,4
33080,2
33081,3
33082,1
33083,5
33084,3
33085,3
33086,2
33087,6
33088,2
33089,2
33090,1
33091,3
33092,1
33093,2
33094,0
33095,2
33096,6
33097,3
33098,2
33099,4
33100,0
33101,5
33102,3
33103,3
33104,2
33105,3
33106,0
33107,0
33108,4
33109,6
33110,4
33111,2
33112,0
33113,3
33114,0
33115,0
33116,0
33117,1
33118,6
33119,2
33120,0
33121,3
33122,3
33123,3
33124,5
33125,4
33126,1
33127,1
33128,0
33129,3
33130,5
33131,1
33132,0
33133,3
33134,2
33135,1
33136,4
33137,3
33138,4
33139,5
33140,2
33141,1
33142,4
33143,5
33144,5
33145,2
33146,5
33147,1
33148,1
33149,2
33150,5
33151,5
33152,0
33153,3
33154,1
33155,2
33156,1
33157,2
33158,1
33159,7
33160,3
33161,0
33162,5
33163,5
33164,3
33165,3
33166,2
33167,0
33168,1
33169,2
33170,1
33171,4
33172,2
33173,4
33174,2
33175,2
33176,2
33177,0
33178,4
33179,1
33180,2
33181,3
33182,5
33183,0
33184,1
33185,4
33186,2
33187,1
33188,1
33189,1
33190,3
33191,2
33192,1
33193,0
33194,1
33195,4
33196,2
33197,7
33198,4
33199,2
33200,5
33201,4
33202,2
33203,2
33204,4
33205,4
33206,2
33207,4
33208,3
33209,2
33210,4
33211,6
33212,0
33213,4
33214,4
33215,4
33216,5
33217,4
33218,2
33219,2
33220,4
33221,3
33222,1
33223,2
33224,6
33225,5
33226,4
33227,5
33228,0
33229,0
33230,1
33231,0
33232,3
33233,2
33234,0
33235,2
33236,5
33237,0
33238,2
33239,5
33240,4
33241,1
33242,1
33243,4
33244,3
33245,2
33246,4
33247,1
33248,2
33249,6
33250,3
33251,3
33252,4
33253,4
33254,3
33255,0
33256,4
33257,1
33258,4
33259,2
33260,0
33261,1
33262,5
33263,1
33264,7
33265,3
33266,2
33267,4
33268,4
33269,3
33270,3
33271,5
33272,3
33273,3
33274,3
33275,2
33276,3
33277,0
33278,2
33279,0
33280,3
33281,2
33282,6
33283,3
33284,0
33285,2
33286,3
33287,0
33288,1
33289,3
33290,5
33291,8
33292,6
33293,2
33294,3
33295,1
33296,3
33297,6
33298,6
33299,2
33300,3
33301,6
33302,3
33303,2
33304,3
33305,4
33306,5
33307,1
33308,5
33309,6
33310,4
33311,4
33312,0
33313,3
33314,0
33315,3
33316,1
33317,4
33318,3
33319,0
33320,3
33321,2
33322,4
33323,3
33324,0
33325,2
33326,4
33327,2
33328,2
33329,4
33330,3
33331,4
33332,5
33333,3
33334,0
33335,3
33336,1
33337,4
33338,5
33339,2
33340,3
33341,2
33342,1
33343,1
33344,6
33345,1
33346,2
33347,1
33348,2
33349,2
33350,3
33351,4
33352,0
33353,4
33354,4
33355,1
33356,1
33357,3
33358,4
33359,2
33360,3
33361,4
33362,4
33363,1
33364,0
33365,1
33366,2
33367,1
33368,2
33369,0
33370,6
33371,1
33372,5
33373,5
33374,2
33375,0
33376,0
33377,1
33378,6
33379,2
33380,4
33381,4
33382,5
33383,6
33384,3
33385,4
33386,3
33387,6
33388,4
33389,4
33390,0
33391,2
33392,2
33393,3
33394,0
33395,3
33396,0
33397,2
33398,6
33399,4
33400,4
33401,1
33402,0
33403,6
33404,2
33405,4
33406,3
33407,6
33408,4
33409,4
33410,2
33411,4
33412,1
33413,0
33414,1
33415,0
33416,6
33417,5
33418,6
33419,4
33420,3
33421,6
33422,4
33423,5
33424,2
33425,3
33426,2
33427,5
33428,0
33429,2
33430,0
33431,2
33432,2
33433,2
33434,5
33435,6
33436,2
33437,5
33438,2
33439,6
33440,0
33441,2
33442,2
33443,1
33444,2
33445,2
33446,2
33447,3
33448,5
33449,2
33450,2
33451,3
33452,5
33453,2
33454,2
33455,1
33456,0
33457,3
33458,1
33459,5
33460,1
33461,1
33462,2
33463,2
33464,0
33465,1
33466,3
33467,3
33468,0
33469,3
33470,2
33471,2
33472,6
33473,1
33474,4
33475,0
33476,3
33477,4
33478,4
33479,3
33480,2
33481,5
33482,3
33483,6
33484,4
33485,2
33486,0
33487,5
33488,0
33489,0
33490,2
33491,2
33492,2
33493,0
33494,2
33495,4
33496,2
33497,2
33498,1
33499,0
33500,4
33501,2
33502,3
33503,5
33504,3
33505,1
33506,2
33507,4
33508,5
33509,5
33510,3
33511,1
33512,3
33513,6
33514,4
33515,1
33516,2
33517,3
33518,2
33519,6
33520,3
33521,2
33522,1
33523,3
33524,1
33525,1
33526,3
33527,1
33528,6
33529,3
33530,1
33531,1
33532,5
33533,5
33534,6
33535,0
33536,4
33537,2
33538,4
33539,3
33540,1
33541,2
33542,4
33543,2
33544,5
33545,1
33546,1
33547,1
33548,7
33549,5
33550,5
33551,0
33552,3
33553,0
33554,2
33555,2
33556,4
33557,4
33558,4
33559,0
33560,3
33561,5
33562,1
33563,4
33564,4
33565,4
33566,5
33567,4
33568,4
33569,2
33570,3
33571,1
33572,0
33573,3
33574,4
33575,6
33576,5
33577,1
33578,0
33579,6
33580,1
33581,2
33582,5
33583,4
33584,1
33585,4
33586,5
33587,3
33588,3
33589,2
33590,2
33591,6
33592,0
33593,1
33594,0
33595,7
33596,2
33597,0
33598,3
33599,3
33600,0
33601,2
33602,2
33603,2
33604,7
33605,2
33606,4
33607,1
33608,3
33609,0
33610,2
33611,1
33612,1
33613,2
33614,2
33615,6
33616,4
33617,6
33618,0
33619,4
33620,5
33621,2
33622,4
33623,2
33624,5
33625,5
33626,5
33627,4
33628,1
33629,9
33630,2
33631,2
33632,3
33633,1
33634,0
33635,2
33636,3
33637,5
33638,5
33639,5
33640,5
33641,0
33642,3
33643,1
33644,0
33645,5
33646,1
33647,1
33648,2
33649,1
33650,2
33651,2
33652,0
33653,2
33654,1
33655,4
33656,6
33657,1
33658,4
33659,0
33660,3
33661,2
33662,1
33663,5
33664,1
33665,0
33666,1
33667,4
33668,4
33669,1
33670,0
33671,1
33672,4
33673,1
33674,2
33675,1
33676,2
33677,3
33678,3
33679,6
33680,4
33681,3
33682,0
33683,0
33684,2
33685,3
33686,3
33687,3
33688,3
33689,4
33690,4
33691,5
33692,1
33693,1
33694,2
33695,0
33696,6
33697,4
33698,6
33699,2
33700,2
33701,1
33702,4
33703,3
33704,3
33705,2
33706,1
33707,2
33708,4
33709,3
33710,2
33711,1
33712,1
33713,4
33714,3
33715,2
33716,4
33717,3
33718,3
33719,5
33720,0
33721,2
33722,2
33723,1
33724,3
33725,1
33726,3
33727,3
33728,3
33729,4
33730,2
33731,5
33732,3
33733,4
33734,2
33735,6
33736,3
33737,2
33738,5
33739,4
33740,1
33741,2
33742,0
33743,5
33744,1
33745,2
33746,5
33747,3
33748,5
33749,3
33750,3
33751,3
33752,5
33753,0
33754,1
33755,3
33756,5
33757,3
33758,5
33759,4
33760,4
33761,0
33762,0
33763,3
33764,0
33765,3
33766,8
33767,1
33768,3
33769,1
33770,3
33771,4
33772,1
33773,0
33774,3
33775,5
33776,7
33777,4
33778,0
33779,5
33780,4
33781,0
33782,3
33783,1
33784,5
33785,1
33786,2
33787,3
33788,5
33789,6
33790,3
33791,2
33792,3
33793,5
33794,2
33795,6
33796,1
33797,5
33798,4
33799,5
33800,6
33801,5
33802,3
33803,4
33804,1
33805,6
33806,1
33807,2
33808,2
33809,2
33810,1
33811,2
33812,4
33813,3
33814,0
33815,1
33816,6
33817,5
33818,4
33819,1
33820,1
33821,1
33822,4
33823,0
33824,0
33825,0
33826,3
33827,2
33828,3
33829,1
33830,5
33831,1
33832,4
33833,5
33834,1
33835,2
33836,3
33837,4
33838,1
33839,5
33840,2
33841,5
33842,6
33843,4
33844,1
33845,3
33846,2
33847,6
33848,3
33849,1
33850,1
33851,0
33852,0
33853,0
33854,2
33855,1
33856,1
33857,2
33858,1
33859,5
33860,4
33861,3
33862,1
33863,2
33864,0
33865,1
33866,6
33867,1
33868,2
33869,6
33870,1
33871,7
33872,2
33873,4
33874,1
33875,3
33876,0
33877,3
33878,4
33879,2
33880,5
33881,2
33882,3
33883,2
33884,1
33885,2
33886,2
33887,4
33888,3
33889,3
33890,1
33891,3
33892,1
33893,5
33894,1
33895,4
33896,1
33897,1
33898,3
33899,3
33900,4
33901,2
33902,7
33903,5
33904,5
33905,7
33906,0
33907,1
33908,2
33909,1
33910,3
33911,2
33912,3
33913,1
33914,4
33915,3
33916,5
33917,1
33918,2
33919,0
33920,4
33921,3
33922,0
33923,0
33924,3
33925,8
33926,0
33927,2
33928,1
33929,4
33930,5
33931,2
33932,4
33933,2
33934,3
33935,2
33936,2
33937,4
33938,3
33939,3
33940,7
33941,2
33942,4
33943,1
33944,1
33945,5
33946,3
33947,3
33948,5
33949,3
33950,4
33951,4
33952,3
33953,3
33954,5
33955,1
33956,3
33957,2
33958,3
33959,3
33960,1
33961,2
33962,5
33963,5
33964,3
33965,4
33966,4
33967,3
33968,6
33969,1
33970,0
33971,3
33972,2
33973,5
33974,2
33975,2
33976,2
33977,4
33978,0
33979,2
33980,4
33981,1
33982,3
33983,3
33984,4
33985,5
33986,2
33987,0
33988,0
33989,1
33990,4
33991,2
33992,1
33993,3
33994,6
33995,2
33996,4
33997,5
33998,3
33999,2
34000,3
34001,3
34002,4
34003,3
34004,3
34005,2
34006,2
34007,4
34008,3
34009,0
34010,4
34011,4
34012,3
34013,4
34014,3
34015,5
34016,1
34017,1
34018,2
34019,3
34020,2
34021,3
34022,2
34023,2
34024,1
34025,1
34026,2
34027,1
34028,3
34029,2
34030,4
34031,3
34032,4
34033,3
34034,1
34035,0
34036,1
34037,6
34038,5
34039,4
34040,1
34041,1
34042,1
34043,6
34044,1
34045,3
34046,1
34047,3
34048,6
34049,7
34050,1
34051,2
34052,4
34053,1
34054,7
34055,4
34056,1
34057,2
34058,1
34059,2
34060,4
34061,2
34062,2
34063,3
34064,7
34065,2
34066,3
34067,2
34068,1
34069,3
34070,3
34071,2
34072,3
34073,3
34074,7
34075,5
34076,3
34077,2
34078,1
34079,0
34080,3
34081,3
34082,1
34083,2
34084,1
34085,1
34086,4
34087,5
34088,0
34089,5
34090,3
34091,1
34092,6
34093,2
34094,3
34095,1
34096,3
34097,2
34098,4
34099,2
34100,2
34101,1
34102,4
34103,3
34104,0
34105,5
34106,3
34107,2
34108,2
34109,1
34110,7
34111,3
34112,3
34113,1
34114,2
34115,1
34116,6
34117,0
34118,4
34119,5
34120,6
34121,2
34122,6
34123,2
34124,2
34125,2
34126,5
34127,4
34128,4
34129,0
34130,1
34131,0
34132,3
34133,6
34134,6
34135,1
34136,3
34137,3
34138,3
34139,3
34140,3
34141,6
34142,1
34143,4
34144,1
34145,2
34146,0
34147,4
34148,2
34149,6
34150,4
34151,2
34152,4
34153,3
34154,4
34155,3
34156,6
34157,0
34158,0
34159,5
34160,5
34161,1
34162,5
34163,4
34164,3
34165,0
34166,1
34167,4
34168,0
34169,3
34170,4
34171,3
34172,2
34173,4
34174,7
34175,3
34176,2
34177,3
34178,2
34179,5
34180,3
34181,1
34182,1
34183,5
34184,3
34185,0
34186,1
34187,3
34188,3
34189,4
34190,2
34191,1
34192,1
34193,3
34194,2
34195,3
34196,2
34197,5
34198,3
34199,1
34200,3
34201,6
34202,2
34203,3
34204,2
34205,5
34206,5
34207,3
34208,1
34209,3
34210,5
34211,6
34212,0
34213,4
34214,1
34215,1
34216,3
34217,3
34218,2
34219,0
34220,0
34221,0
34222,3
34223,0
34224,2
34225,2
34226,4
34227,0
34228,0
34229,0
34230,8
34231,2
34232,2
34233,3
34234,1
34235,0
34236,4
34237,3
34238,3
34239,2
34240,4
34241,0
34242,5
34243,1
34244,3
34245,3
34246,5
34247,0
34248,3
34249,4
34250,4
34251,4
34252,1
34253,3
34254,3
34255,2
34256,3
34257,2
34258,4
34259,3
34260,4
34261,1
34262,1
34263,6
34264,6
34265,5
34266,4
34267,2
34268,0
34269,4
34270,2
34271,1
34272,6
34273,6
34274,0
34275,0
34276,4
34277,4
34278,0
34279,6
34280,4
34281,6
34282,2
34283,5
34284,0
34285,2
34286,2
34287,0
34288,1
34289,4
34290,5
34291,3
34292,3
34293,1
34294,4
34295,3
34296,2
34297,4
34298,2
34299,0
34300,2
34301,0
34302,1
34303,3
34304,6
34305,0
34306,1
34307,3
34308,0
34309,3
34310,4
34311,2
34312,4
34313,2
34314,8
34315,4
34316,4
34317,4
34318,2
34319,3
34320,3
34321,4
34322,4
34323,5
34324,3
34325,2
34326,5
34327,5
34328,4
34329,4
34330,6
34331,3
34332,0
34333,0
34334,5
34335,1
34336,3
34337,3
34338,3
34339,1
34340,4
34341,3
34342,6
34343,0
34344,0
34345,1
34346,1
34347,5
34348,2
34349,1
34350,5
34351,4
34352,3
34353,2
34354,5
34355,3
34356,1
34357,4
34358,2
34359,1
34360,3
34361,3
34362,3
34363,0
34364,0
34365,0
34366,1
34367,3
34368,5
34369,2
34370,3
34371,3
34372,3
34373,3
34374,3
34375,2
34376,1
34377,1
34378,2
34379,1
34380,2
34381,2
34382,4
34383,6
34384,1
34385,2
34386,0
34387,3
34388,2
34389,0
34390,0
34391,1
34392,4
34393,2
34394,0
34395,2
34396,1
34397,1
34398,5
34399,2
34400,3
34401,2
34402,3
34403,5
34404,2
34405,4
34406,4
34407,2
34408,2
34409,5
34410,2
34411,5
34412,3
34413,4
34414,2
34415,0
34416,2
34417,5
34418,4
34419,4
34420,2
34421,6
34422,3
34423,0
34424,2
34425,3
34426,3
34427,6
34428,4
34429,2
34430,3
34431,6
34432,3
34433,6
34434,1
34435,1
34436,2
34437,0
34438,0
34439,6
34440,2
34441,2
34442,3
34443,3
34444,1
34445,2
34446,0
34447,4
34448,5
34449,4
34450,2
34451,5
34452,1
34453,3
34454,2
34455,4
34456,5
34457,3
34458,4
34459,0
34460,1
34461,4
34462,2
34463,6
34464,4
34465,4
34466,2
34467,0
34468,2
34469,0
34470,2
34471,3
34472,3
34473,6
34474,1
34475,4
34476,0
34477,2
34478,5
34479,1
34480,0
34481,2
34482,3
34483,1
34484,2
34485,3
34486,6
34487,3
34488,4
34489,3
34490,5
34491,3
34492,4
34493,2
34494,4
34495,4
34496,3
34497,3
34498,6
34499,1
34500,4
34501,1
34502,2
34503,7
34504,1
34505,4
34506,4
34507,1
34508,1
34509,1
34510,1
34511,3
34512,4
34513,5
34514,2
34515,2
34516,5
34517,2
34518,3
34519,2
34520,0
34521,3
34522,2
34523,2
34524,3
34525,6
34526,2
34527,1
34528,4
34529,2
34530,1
34531,6
34532,3
34533,3
34534,2
34535,2
34536,1
34537,3
34538,6
34539,4
34540,4
34541,4
34542,2
34543,2
34544,6
34545,2
34546,2
34547,4
34548,3
34549,0
34550,4
34551,3
34552,5
34553,2
34554,2
34555,2
34556,6
34557,5
34558,3
34559,0
34560,0
34561,1
34562,2
34563,2
34564,0
34565,2
34566,1
34567,7
34568,2
34569,5
34570,2
34571,4
34572,3
34573,0
34574,1
34575,1
34576,2
34577,3
34578,2
34579,5
34580,2
34581,6
34582,2
34583,6
34584,4
34585,8
34586,2
34587,3
34588,3
34589,4
34590,2
34591,1
34592,2
34593,3
34594,3
34595,0
34596,2
34597,5
34598,3
34599,3
34600,1
34601,2
34602,2
34603,1
34604,4
34605,1
34606,5
34607,4
34608,2
34609,5
34610,0
34611,1
34612,3
34613,7
34614,7
34615,3
34616,1
34617,1
34618,4
34619,5
34620,1
34621,5
34622,2
34623,1
34624,7
34625,4
34626,1
34627,2
34628,2
34629,4
34630,3
34631,3
34632,3
34633,6
34634,5
34635,3
34636,1
34637,2
34638,1
34639,1
34640,1
34641,0
34642,1
34643,4
34644,4
34645,2
34646,4
34647,6
34648,3
34649,4
34650,0
34651,4
34652,4
34653,2
34654,5
34655,2
34656,5
34657,0
34658,0
34659,4
34660,2
34661,6
34662,4
34663,2
34664,5
34665,3
34666,1
34667,4
34668,2
34669,2
34670,2
34671,3
34672,3
34673,3
34674,5
34675,3
34676,4
34677,3
34678,2
34679,0
34680,2
34681,1
34682,6
34683,2
34684,0
34685,5
34686,1
34687,2
34688,7
34689,5
34690,6
34691,0
34692,3
34693,1
34694,1
34695,6
34696,2
34697,1
34698,1
34699,2
34700,0
34701,3
34702,0
34703,5
34704,4
34705,1
34706,0
34707,6
34708,0
34709,4
34710,2
34711,1
34712,1
34713,7
34714,2
34715,2
34716,4
34717,1
34718,4
34719,2
34720,2
34721,1
34722,1
34723,0
34724,6
34725,3
34726,5
34727,5
34728,2
34729,7
34730,7
34731,1
34732,3
34733,3
34734,4
34735,0
34736,3
34737,3
34738,1
34739,4
34740,2
34741,3
34742,2
34743,3
34744,5
34745,3
34746,7
34747,1
34748,1
34749,2
34750,3
34751,5
34752,2
34753,4
34754,2
34755,2
34756,1
34757,3
34758,3
34759,3
34760,5
34761,4
34762,2
34763,0
34764,2
34765,1
34766,2
34767,2
34768,4
34769,1
34770,1
34771,2
34772,2
34773,5
34774,4
34775,4
34776,2
34777,2
34778,1
34779,1
34780,2
34781,0
34782,2
34783,3
34784,1
34785,4
34786,1
34787,3
34788,6
34789,1
34790,1
34791,1
34792,1
34793,3
34794,1
34795,2
34796,3
34797,2
34798,3
34799,3
34800,5
34801,3
34802,0
34803,1
34804,5
34805,5
34806,4
34807,3
34808,3
34809,3
34810,1
34811,7
34812,5
34813,2
34814,3
34815,4
34816,2
34817,2
34818,1
34819,1
34820,4
34821,5
34822,4
34823,2
34824,5
34825,5
34826,1
34827,2
34828,5
34829,2
34830,7
34831,4
34832,4
34833,0
34834,1
34835,6
34836,0
34837,4
34838,2
34839,1
34840,3
34841,1
34842,0
34843,3
34844,1
34845,3
34846,2
34847,4
34848,2
34849,0
34850,3
34851,3
34852,0
34853,5
34854,4
34855,2
34856,2
34857,3
34858,5
34859,5
34860,0
34861,1
34862,2
34863,2
34864,4
34865,6
34866,0
34867,6
34868,2
34869,2
34870,2
34871,0
34872,5
34873,2
34874,5
34875,2
34876,4
34877,3
34878,0
34879,4
34880,3
34881,2
34882,1
34883,3
34884,1
34885,3
34886,2
34887,3
34888,1
34889,5
34890,3
34891,4
34892,0
34893,5
34894,4
34895,2
34896,2
34897,1
34898,5
34899,3
34900,2
34901,3
34902,3
34903,4
34904,4
34905,2
34906,3
34907,3
34908,2
34909,5
34910,7
34911,3
34912,2
34913,6
34914,5
34915,3
34916,3
34917,2
34918,3
34919,3
34920,2
34921,2
34922,1
34923,6
34924,4
34925,1
34926,4
34927,4
34928,2
34929,2
34930,2
34931,4
34932,3
34933,3
34934,2
34935,1
34936,1
34937,0
34938,3
34939,0
34940,3
34941,3
34942,1
34943,4
34944,0
34945,2
34946,0
34947,2
34948,2
34949,2
34950,3
34951,5
34952,3
34953,0
34954,7
34955,6
34956,2
34957,6
34958,7
34959,5
34960,2
34961,6
34962,1
34963,3
34964,4
34965,6
34966,3
34967,3
34968,5
34969,1
34970,1
34971,3
34972,3
34973,4
34974,2
34975,2
34976,3
34977,2
34978,0
34979,3
34980,2
34981,7
34982,1
34983,1
34984,2
34985,0
34986,0
34987,2
34988,0
34989,2
34990,3
34991,2
34992,1
34993,2
34994,1
34995,3
34996,3
34997,2
34998,1
34999,2
35000,2
35001,1
35002,2
35003,2
35004,2
35005,2
35006,2
35007,5
35008,2
35009,4
35010,5
35011,2
35012,5
35013,6
35014,1
35015,0
35016,5
35017,2
35018,1
35019,2
35020,1
35021,2
35022,1
35023,4
35024,2
35025,5
35026,2
35027,5
35028,2
35029,0
35030,2
35031,3
35032,0
35033,5
35034,6
35035,2
35036,0
35037,2
35038,3
35039,6
35040,0
35041,3
35042,3
35043,4
35044,3
35045,5
35046,0
35047,1
35048,4
35049,0
35050,7
35051,3
35052,1
35053,2
35054,2
35055,3
35056,2
35057,3
35058,5
35059,6
35060,2
35061,0
35062,4
35063,0
35064,1
35065,6
35066,1
35067,2
35068,3
35069,2
35070,3
35071,4
35072,2
35073,5
35074,1
35075,2
35076,2
35077,6
35078,5
35079,4
35080,4
35081,1
35082,0
35083,6
35084,5
35085,5
35086,6
35087,4
35088,4
35089,3
35090,4
35091,3
35092,3
35093,4
35094,2
35095,4
35096,3
35097,1
35098,5
35099,4
35100,4
35101,0
35102,3
35103,6
35104,0
35105,2
35106,2
35107,1
35108,0
35109,3
35110,2
35111,2
35112,3
35113,1
35114,1
35115,3
35116,7
35117,1
35118,4
35119,3
35120,0
35121,3
35122,5
35123,1
35124,3
35125,3
35126,2
35127,1
35128,5
35129,2
35130,2
35131,6
35132,5
35133,1
35134,2
35135,1
35136,1
35137,2
35138,5
35139,2
35140,0
35141,4
35142,2
35143,2
35144,3
35145,1
35146,3
35147,2
35148,3
35149,2
35150,0
35151,3
35152,5
35153,4
35154,1
35155,4
35156,0
35157,1
35158,4
35159,1
35160,4
35161,3
35162,3
35163,5
35164,2
35165,1
35166,5
35167,1
35168,2
35169,5
35170,3
35171,1
35172,3
35173,1
35174,7
35175,6
35176,2
35177,1
35178,0
35179,3
35180,2
35181,1
35182,4
35183,6
35184,2
35185,6
35186,4
35187,2
35188,3
35189,2
35190,3
35191,5
35192,6
35193,3
35194,0
35195,0
35196,2
35197,4
35198,2
35199,7
35200,0
35201,3
35202,2
35203,3
35204,1
35205,1
35206,1
35207,2
35208,5
35209,4
35210,3
35211,3
35212,2
35213,6
35214,0
35215,2
35216,1
35217,1
35218,3
35219,4
35220,2
35221,2
35222,3
35223,3
35224,2
35225,5
35226,0
35227,0
35228,1
35229,2
35230,0
35231,1
35232,1
35233,1
35234,3
35235,4
35236,1
35237,1
35238,1
35239,4
35240,4
35241,1
35242,0
35243,2
35244,5
35245,1
35246,5
35247,4
35248,5
35249,5
35250,3
35251,1
35252,1
35253,2
35254,2
35255,5
35256,0
35257,6
35258,1
35259,2
35260,4
35261,2
35262,2
35263,0
35264,0
35265,1
35266,5
35267,4
35268,6
35269,4
35270,3
35271,1
35272,4
35273,3
35274,1
35275,3
35276,2
35277,2
35278,5
35279,3
35280,5
35281,2
35282,4
35283,1
35284,1
35285,2
35286,0
35287,4
35288,3
35289,2
35290,1
35291,2
35292,2
35293,1
35294,5
35295,0
35296,0
35297,5
35298,4
35299,6
35300,4
35301,1
35302,0
35303,4
35304,5
35305,2
35306,3
35307,0
35308,4
35309,2
35310,0
35311,1
35312,3
35313,2
35314,4
35315,3
35316,4
35317,2
35318,3
35319,1
35320,0
35321,0
35322,2
35323,3
35324,3
35325,3
35326,0
35327,3
35328,3
35329,0
35330,1
35331,0
35332,4
35333,2
35334,2
35335,6
35336,5
35337,6
35338,1
35339,1
35340,1
35341,2
35342,4
35343,0
35344,3
35345,3
35346,2
35347,4
35348,3
35349,4
35350,2
35351,8
35352,2
35353,3
35354,4
35355,1
35356,1
35357,0
35358,4
35359,4
35360,2
35361,4
35362,4
35363,2
35364,1
35365,4
35366,7
35367,3
35368,3
35369,4
35370,0
35371,4
35372,1
35373,1
35374,5
35375,1
35376,3
35377,3
35378,3
35379,4
35380,1
35381,3
35382,1
35383,0
35384,2
35385,5
35386,1
35387,1
35388,4
35389,5
35390,5
35391,0
35392,6
35393,3
35394,5
35395,2
35396,2
35397,3
35398,1
35399,7
35400,1
35401,0
35402,5
35403,1
35404,5
35405,1
35406,1
35407,3
35408,4
35409,3
35410,3
35411,1
35412,1
35413,3
35414,3
35415,2
35416,2
35417,1
35418,3
35419,4
35420,2
35421,3
35422,0
35423,0
35424,5
35425,5
35426,2
35427,1
35428,3
35429,5
35430,6
35431,3
35432,3
35433,2
35434,2
35435,2
35436,4
35437,0
35438,2
35439,0
35440,0
35441,8
35442,4
35443,2
35444,3
35445,2
35446,4
35447,2
35448,7
35449,1
35450,5
35451,1
35452,0
35453,0
35454,0
35455,1
35456,1
35457,1
35458,6
35459,0
35460,1
35461,2
35462,3
35463,1
35464,2
35465,2
35466,0
35467,0
35468,4
35469,1
35470,6
35471,4
35472,2
35473,1
35474,2
35475,3
35476,1
35477,4
35478,1
35479,0
35480,0
35481,4
35482,5
35483,2
35484,2
35485,2
35486,3
35487,2
35488,1
35489,1
35490,1
35491,6
35492,2
35493,1
35494,6
35495,4
35496,2
35497,3
35498,2
35499,4
35500,3
35501,3
35502,2
35503,0
35504,2
35505,1
35506,0
35507,3
35508,5
35509,0
35510,1
35511,0
35512,4
35513,6
35514,1
35515,0
35516,1
35517,5
35518,2
35519,4
35520,4
35521,2
35522,0
35523,2
35524,2
35525,3
35526,0
35527,3
35528,0
35529,4
35530,2
35531,4
35532,2
35533,2
35534,6
35535,2
35536,1
35537,1
35538,1
35539,2
35540,4
35541,2
35542,2
35543,2
35544,4
35545,4
35546,1
35547,2
35548,1
35549,4
35550,0
35551,3
35552,3
35553,4
35554,3
35555,5
35556,3
35557,4
35558,2
35559,2
35560,1
35561,2
35562,6
35563,2
35564,1
35565,2
35566,5
35567,3
35568,1
35569,3
35570,2
35571,2
35572,2
35573,3
35574,3
35575,6
35576,4
35577,2
35578,1
35579,3
35580,6
35581,1
35582,4
35583,0
35584,2
35585,3
35586,0
35587,5
35588,5
35589,1
35590,1
35591,1
35592,2
35593,2
35594,2
35595,2
35596,2
35597,3
35598,2
35599,1
35600,5
35601,4
35602,3
35603,5
35604,4
35605,4
35606,3
35607,0
35608,2
35609,2
35610,4
35611,4
35612,5
35613,5
35614,5
35615,2
35616,1
35617,2
35618,7
35619,1
35620,4
35621,4
35622,0
35623,6
35624,3
35625,2
35626,1
35627,2
35628,3
35629,3
35630,1
35631,1
35632,3
35633,3
35634,3
35635,5
35636,1
35637,6
35638,4
35639,3
35640,2
35641,0
35642,1
35643,3
35644,3
35645,4
35646,2
35647,5
35648,4
35649,3
35650,5
35651,2
35652,3
35653,3
35654,3
35655,4
35656,6
35657,2
35658,2
35659,4
35660,2
35661,3
35662,2
35663,2
35664,5
35665,2
35666,0
35667,3
35668,2
35669,6
35670,0
35671,3
35672,4
35673,3
35674,4
35675,2
35676,4
35677,5
35678,3
35679,3
35680,3
35681,1
35682,1
35683,3
35684,4
35685,4
35686,2
35687,6
35688,2
35689,0
35690,0
35691,1
35692,0
35693,1
35694,0
35695,5
35696,6
35697,4
35698,3
35699,1
35700,4
35701,0
35702,6
35703,2
35704,2
35705,4
35706,4
35707,4
35708,4
35709,3
35710,3
35711,0
35712,2
35713,2
35714,1
35715,1
35716,4
35717,0
35718,5
35719,1
35720,1
35721,3
35722,2
35723,1
35724,4
35725,4
35726,1
35727,2
35728,5
35729,5
35730,2
35731,0
35732,2
35733,0
35734,4
35735,3
35736,0
35737,5
35738,4
35739,1
35740,2
35741,1
35742,3
35743,1
35744,5
35745,3
35746,2
35747,1
35748,5
35749,2
35750,1
35751,3
35752,1
35753,2
35754,6
35755,3
35756,4
35757,8
35758,1
35759,3
35760,0
35761,3
35762,0
35763,1
35764,0
35765,1
35766,1
35767,1
35768,5
35769,2
35770,6
35771,4
35772,1
35773,2
35774,1
35775,6
35776,3
35777,2
35778,1
35779,3
35780,4
35781,3
35782,1
35783,2
35784,3
35785,3
35786,2
35787,1
35788,4
35789,1
35790,2
35791,2
35792,1
35793,0
35794,1
35795,4
35796,6
35797,4
35798,4
35799,4
35800,0
35801,5
35802,5
35803,3
35804,2
35805,3
35806,7
35807,1
35808,1
35809,1
35810,3
35811,2
35812,6
35813,1
35814,0
35815,2
35816,1
35817,1
35818,2
35819,2
35820,0
35821,5
35822,2
35823,5
35824,2
35825,2
35826,2
35827,1
35828,2
35829,1
35830,5
35831,4
35832,2
35833,2
35834,2
35835,0
35836,3
35837,4
35838,2
35839,5
35840,3
35841,0
35842,2
35843,2
35844,0
35845,4
35846,0
35847,4
35848,1
35849,1
35850,3
35851,4
35852,3
35853,0
35854,0
35855,2
35856,1
35857,3
35858,0
35859,1
35860,2
35861,3
35862,4
35863,3
35864,1
35865,3
35866,1
35867,3
35868,1
35869,1
35870,4
35871,1
35872,1
35873,5
35874,4
35875,1
35876,4
35877,2
35878,7
35879,2
35880,3
35881,4
35882,3
35883,0
35884,5
35885,1
35886,3
35887,1
35888,2
35889,4
35890,1
35891,3
35892,5
35893,3
35894,7
35895,4
35896,2
35897,1
35898,4
35899,1
35900,1
35901,3
35902,1
35903,2
35904,4
35905,3
35906,6
35907,4
35908,5
35909,2
35910,0
35911,2
35912,4
35913,4
35914,4
35915,2
35916,1
35917,3
35918,5
35919,1
35920,5
35921,1
35922,6
35923,4
35924,2
35925,0
35926,3
35927,4
35928,4
35929,4
35930,5
35931,2
35932,3
35933,0
35934,2
35935,3
35936,3
35937,5
35938,2
35939,6
35940,2
35941,5
35942,2
35943,3
35944,3
35945,1
35946,4
35947,2
35948,3
35949,4
35950,3
35951,0
35952,5
35953,1
35954,5
35955,6
35956,0
35957,2
35958,4
35959,4
35960,3
35961,7
35962,3
35963,2
35964,6
35965,2
35966,3
35967,3
35968,2
35969,4
35970,4
35971,1
35972,1
35973,7
35974,5
35975,3
35976,5
35977,2
35978,5
35979,3
35980,1
35981,4
35982,3
35983,3
35984,6
35985,1
35986,2
35987,1
35988,3
35989,2
35990,4
35991,4
35992,5
35993,2
35994,2
35995,1
35996,1
35997,3
35998,3
35999,3
36000,3
36001,4
36002,4
36003,0
36004,1
36005,2
36006,4
36007,3
36008,1
36009,2
36010,2
36011,0
36012,2
36013,3
36014,1
36015,5
36016,3
36017,2
36018,6
36019,1
36020,2
36021,2
36022,2
36023,2
36024,4
36025,2
36026,3
36027,2
36028,3
36029,5
36030,0
36031,5
36032,4
36033,0
36034,5
36035,2
36036,2
36037,2
36038,3
36039,2
36040,5
36041,3
36042,6
36043,2
36044,5
36045,1
36046,4
36047,6
36048,3
36049,4
36050,2
36051,0
36052,2
36053,4
36054,0
36055,2
36056,0
36057,5
36058,3
36059,1
36060,3
36061,3
36062,3
36063,1
36064,1
36065,3
36066,7
36067,7
36068,6
36069,3
36070,4
36071,7
36072,3
36073,2
36074,1
36075,6
36076,3
36077,5
36078,0
36079,4
36080,0
36081,3
36082,5
36083,6
36084,2
36085,3
36086,1
36087,1
36088,1
36089,4
36090,4
36091,1
36092,1
36093,1
36094,1
36095,0
36096,2
36097,3
36098,0
36099,3
36100,6
36101,2
36102,0
36103,3
36104,3
36105,2
36106,2
36107,6
36108,7
36109,6
36110,2
36111,3
36112,4
36113,6
36114,6
36115,1
36116,5
36117,1
36118,4
36119,5
36120,0
36121,0
36122,3
36123,2
36124,3
36125,3
36126,5
36127,2
36128,2
36129,0
36130,0
36131,4
36132,2
36133,0
36134,0
36135,4
36136,3
36137,4
36138,2
36139,2
36140,5
36141,5
36142,2
36143,6
36144,1
36145,0
36146,0
36147,2
36148,1
36149,2
36150,7
36151,4
36152,3
36153,1
36154,3
36155,1
36156,1
36157,0
36158,1
36159,3
36160,6
36161,6
36162,2
36163,4
36164,4
36165,3
36166,5
36167,3
36168,1
36169,2
36170,3
36171,2
36172,5
36173,0
36174,3
36175,5
36176,2
36177,2
36178,2
36179,1
36180,1
36181,2
36182,3
36183,4
36184,0
36185,2
36186,1
36187,3
36188,1
36189,3
36190,4
36191,3
36192,4
36193,2
36194,1
36195,0
36196,4
36197,3
36198,1
36199,2
36200,3
36201,2
36202,2
36203,1
36204,1
36205,2
36206,5
36207,3
36208,3
36209,1
36210,1
36211,2
36212,1
36213,0
36214,4
36215,3
36216,4
36217,4
36218,2
36219,6
36220,3
36221,2
36222,2
36223,3
36224,5
36225,2
36226,4
36227,3
36228,4
36229,4
36230,4
36231,3
36232,3
36233,2
36234,4
36235,7
36236,1
36237,1
36238,5
36239,1
36240,1
36241,3
36242,1
36243,1
36244,3
36245,3
36246,1
36247,5
36248,1
36249,1
36250,2
36251,0
36252,0
36253,6
36254,4
36255,3
36256,3
36257,5
36258,2
36259,1
36260,1
36261,4
36262,5
36263,3
36264,3
36265,2
36266,2
36267,5
36268,3
36269,2
36270,6
36271,2
36272,1
36273,4
36274,3
36275,0
36276,1
36277,3
36278,2
36279,0
36280,2
36281,1
36282,4
36283,1
36284,4
36285,2
36286,1
36287,2
36288,6
36289,2
36290,3
36291,1
36292,4
36293,5
36294,2
36295,4
36296,1
36297,1
36298,0
36299,1
36300,2
36301,0
36302,1
36303,4
36304,0
36305,3
36306,5
36307,4
36308,7
36309,0
36310,4
36311,0
36312,3
36313,4
36314,1
36315,3
36316,1
36317,2
36318,4
36319,5
36320,4
36321,6
36322,1
36323,7
36324,2
36325,2
36326,1
36327,5
36328,3
36329,2
36330,5
36331,0
36332,4
36333,6
36334,0
36335,1
36336,3
36337,0
36338,2
36339,3
36340,1
36341,0
36342,4
36343,4
36344,2
36345,2
36346,3
36347,4
36348,2
36349,4
36350,5
36351,7
36352,0
36353,2
36354,0
36355,4
36356,3
36357,2
36358,6
36359,3
36360,0
36361,2
36362,2
36363,4
36364,1
36365,3
36366,6
36367,4
36368,3
36369,2
36370,5
36371,3
36372,1
36373,1
36374,2
36375,2
36376,0
36377,7
36378,4
36379,8
36380,0
36381,2
36382,5
36383,5
36384,2
36385,6
36386,2
36387,7
36388,4
36389,2
36390,3
36391,2
36392,3
36393,1
36394,3
36395,4
36396,2
36397,0
36398,4
36399,0
36400,7
36401,3
36402,1
36403,1
36404,5
36405,1
36406,3
36407,5
36408,1
36409,4
36410,3
36411,1
36412,2
36413,2
36414,4
36415,3
36416,3
36417,7
36418,0
36419,1
36420,2
36421,2
36422,0
36423,3
36424,2
36425,1
36426,3
36427,3
36428,5
36429,2
36430,5
36431,2
36432,1
36433,4
36434,4
36435,2
36436,5
36437,3
36438,3
36439,3
36440,1
36441,5
36442,1
36443,1
36444,2
36445,2
36446,3
36447,3
36448,6
36449,4
36450,1
36451,4
36452,1
36453,4
36454,3
36455,0
36456,4
36457,0
36458,3
36459,2
36460,3
36461,5
36462,2
36463,0
36464,1
36465,1
36466,3
36467,1
36468,5
36469,3
36470,4
36471,4
36472,3
36473,3
36474,5
36475,1
36476,3
36477,6
36478,0
36479,2
36480,3
36481,4
36482,1
36483,6
36484,2
36485,5
36486,3
36487,2
36488,5
36489,5
36490,4
36491,3
36492,3
36493,2
36494,5
36495,1
36496,4
36497,0
36498,6
36499,2
36500,3
36501,2
36502,4
36503,4
36504,2
36505,1
36506,3
36507,8
36508,3
36509,1
36510,2
36511,1
36512,3
36513,1
36514,4
36515,1
36516,2
36517,4
36518,3
36519,4
36520,3
36521,3
36522,7
36523,4
36524,2
36525,4
36526,2
36527,2
36528,3
36529,3
36530,6
36531,4
36532,5
36533,1
36534,2
36535,1
36536,2
36537,3
36538,3
36539,4
36540,4
36541,5
36542,4
36543,5
36544,0
36545,1
36546,2
36547,3
36548,5
36549,0
36550,1
36551,2
36552,4
36553,2
36554,2
36555,2
36556,2
36557,0
36558,4
36559,5
36560,3
36561,5
36562,4
36563,2
36564,1
36565,1
36566,5
36567,5
36568,6
36569,4
36570,2
36571,1
36572,1
36573,3
36574,8
36575,3
36576,1
36577,2
36578,2
36579,5
36580,3
36581,2
36582,3
36583,4
36584,4
36585,2
36586,2
36587,0
36588,2
36589,2
36590,1
36591,2
36592,2
36593,8
36594,2
36595,5
36596,3
36597,3
36598,0
36599,2
36600,0
36601,6
36602,0
36603,3
36604,3
36605,4
36606,2
36607,3
36608,4
36609,4
36610,0
36611,2
36612,2
36613,3
36614,5
36615,3
36616,0
36617,3
36618,4
36619,4
36620,0
36621,5
36622,2
36623,2
36624,3
36625,4
36626,2
36627,3
36628,3
36629,2
36630,1
36631,0
36632,1
36633,3
36634,4
36635,6
36636,1
36637,1
36638,2
36639,3
36640,3
36641,4
36642,2
36643,2
36644,2
36645,5
36646,4
36647,6
36648,3
36649,5
36650,5
36651,4
36652,3
36653,3
36654,6
36655,1
36656,1
36657,5
36658,3
36659,1
36660,1
36661,2
36662,1
36663,3
36664,1
36665,4
36666,3
36667,5
36668,3
36669,2
36670,2
36671,3
36672,8
36673,5
36674,3
36675,2
36676,0
36677,1
36678,0
36679,4
36680,5
36681,4
36682,5
36683,4
36684,5
36685,0
36686,3
36687,6
36688,0
36689,6
36690,2
36691,3
36692,4
36693,2
36694,5
36695,4
36696,4
36697,3
36698,3
36699,2
36700,2
36701,5
36702,2
36703,1
36704,2
36705,3
36706,0
36707,4
36708,0
36709,1
36710,1
36711,1
36712,5
36713,4
36714,2
36715,4
36716,2
36717,5
36718,4
36719,3
36720,2
36721,3
36722,1
36723,3
36724,5
36725,1
36726,2
36727,3
36728,0
36729,3
36730,2
36731,4
36732,5
36733,4
36734,1
36735,0
36736,1
36737,4
36738,2
36739,6
36740,2
36741,4
36742,2
36743,3
36744,3
36745,3
36746,2
36747,3
36748,2
36749,3
36750,2
36751,6
36752,3
36753,0
36754,7
36755,1
36756,2
36757,4
36758,3
36759,2
36760,1
36761,5
36762,1
36763,2
36764,4
36765,1
36766,5
36767,2
36768,5
36769,4
36770,0
36771,3
36772,2
36773,5
36774,1
36775,2
36776,4
36777,3
36778,2
36779,1
36780,3
36781,7
36782,1
36783,7
36784,3
36785,2
36786,4
36787,3
36788,4
36789,0
36790,1
36791,3
36792,1
36793,1
36794,2
36795,5
36796,3
36797,0
36798,2
36799,6
36800,2
36801,6
36802,4
36803,4
36804,3
36805,2
36806,0
36807,3
36808,2
36809,1
36810,2
36811,2
36812,2
36813,1
36814,4
36815,6
36816,2
36817,4
36818,2
36819,0
36820,3
36821,5
36822,0
36823,1
36824,2
36825,0
36826,3
36827,2
36828,1
36829,2
36830,1
36831,1
36832,1
36833,2
36834,0
36835,3
36836,3
36837,1
36838,2
36839,5
36840,5
36841,0
36842,2
36843,4
36844,3
36845,2
36846,4
36847,0
36848,0
36849,4
36850,4
36851,2
36852,0
36853,2
36854,2
36855,1
36856,2
36857,2
36858,5
36859,3
36860,5
36861,6
36862,1
36863,4
36864,4
36865,1
36866,3
36867,1
36868,5
36869,4
36870,1
36871,2
36872,7
36873,2
36874,5
36875,0
36876,1
36877,1
36878,3
36879,1
36880,5
36881,0
36882,2
36883,4
36884,0
36885,3
36886,1
36887,4
36888,2
36889,2
36890,0
36891,2
36892,0
36893,4
36894,4
36895,0
36896,3
36897,1
36898,2
36899,2
36900,2
36901,6
36902,1
36903,2
36904,0
36905,3
36906,3
36907,2
36908,0
36909,3
36910,2
36911,3
36912,1
36913,2
36914,2
36915,2
36916,2
36917,3
36918,1
36919,4
36920,2
36921,2
36922,0
36923,2
36924,3
36925,2
36926,3
36927,5
36928,6
36929,4
36930,5
36931,4
36932,4
36933,7
36934,0
36935,2
36936,5
36937,4
36938,0
36939,0
36940,0
36941,4
36942,3
36943,1
36944,1
36945,5
36946,4
36947,2
36948,0
36949,3
36950,3
36951,1
36952,0
36953,2
36954,6
36955,2
36956,3
36957,0
36958,0
36959,2
36960,3
36961,1
36962,6
36963,8
36964,1
36965,5
36966,6
36967,3
36968,0
36969,4
36970,0
36971,4
36972,1
36973,1
36974,2
36975,3
36976,1
36977,4
36978,4
36979,2
36980,1
36981,0
36982,3
36983,2
36984,2
36985,3
36986,2
36987,4
36988,3
36989,3
36990,1
36991,0
36992,4
36993,3
36994,3
36995,1
36996,2
36997,2
36998,2
36999,3
37000,0
37001,3
37002,4
37003,1
37004,3
37005,7
37006,0
37007,3
37008,4
37009,5
37010,2
37011,0
37012,2
37013,2
37014,4
37015,1
37016,0
37017,2
37018,4
37019,2
37020,3
37021,1
37022,2
37023,2
37024,2
37025,4
37026,4
37027,3
37028,5
37029,4
37030,4
37031,5
37032,4
37033,0
37034,2
37035,4
37036,2
37037,1
37038,1
37039,5
37040,1
37041,6
37042,3
37043,2
37044,3
37045,0
37046,1
37047,0
37048,0
37049,4
37050,0
37051,3
37052,3
37053,2
37054,6
37055,4
37056,4
37057,0
37058,0
37059,3
37060,1
37061,5
37062,0
37063,1
37064,2
37065,2
37066,0
37067,3
37068,3
37069,4
37070,6
37071,2
37072,0
37073,4
37074,3
37075,2
37076,0
37077,3
37078,5
37079,2
37080,2
37081,3
37082,7
37083,1
37084,3
37085,3
37086,3
37087,5
37088,1
37089,1
37090,1
37091,4
37092,3
37093,2
37094,2
37095,1
37096,4
37097,0
37098,0
37099,1
37100,0
37101,2
37102,2
37103,1
37104,2
37105,5
37106,1
37107,2
37108,3
37109,2
37110,2
37111,4
37112,3
37113,2
37114,0
37115,1
37116,2
37117,2
37118,2
37119,6
37120,4
37121,2
37122,2
37123,5
37124,4
37125,2
37126,3
37127,4
37128,4
37129,2
37130,2
37131,2
37132,1
37133,2
37134,1
37135,2
37136,2
37137,3
37138,0
37139,3
37140,6
37141,1
37142,1
37143,3
37144,4
37145,2
37146,1
37147,2
37148,7
37149,2
37150,3
37151,0
37152,3
37153,2
37154,3
37155,4
37156,4
37157,2
37158,3
37159,5
37160,5
37161,3
37162,5
37163,2
37164,1
37165,1
37166,3
37167,3
37168,5
37169,2
37170,2
37171,1
37172,2
37173,2
37174,2
37175,2
37176,2
37177,3
37178,6
37179,3
37180,1
37181,1
37182,1
37183,3
37184,4
37185,2
37186,3
37187,1
37188,3
37189,6
37190,2
37191,2
37192,3
37193,2
37194,4
37195,4
37196,2
37197,3
37198,2
37199,0
37200,6
37201,3
37202,3
37203,0
37204,1
37205,3
37206,3
37207,3
37208,5
37209,2
37210,3
37211,1
37212,0
37213,0
37214,3
37215,6
37216,1
37217,2
37218,2
37219,3
37220,2
37221,0
37222,3
37223,0
37224,3
37225,5
37226,5
37227,0
37228,4
37229,4
37230,2
37231,5
37232,2
37233,4
37234,2
37235,3
37236,2
37237,4
37238,2
37239,3
37240,3
37241,5
37242,4
37243,2
37244,3
37245,2
37246,5
37247,5
37248,0
37249,1
37250,4
37251,4
37252,3
37253,1
37254,7
37255,0
37256,3
37257,2
37258,1
37259,0
37260,3
37261,3
37262,5
37263,2
37264,5
37265,0
37266,3
37267,7
37268,4
37269,4
37270,6
37271,4
37272,5
37273,0
37274,5
37275,2
37276,1
37277,2
37278,3
37279,3
37280,2
37281,5
37282,4
37283,3
37284,3
37285,5
37286,3
37287,1
37288,5
37289,0
37290,3
37291,1
37292,4
37293,4
37294,3
37295,5
37296,2
37297,2
37298,2
37299,7
37300,1
37301,5
37302,5
37303,4
37304,1
37305,2
37306,4
37307,6
37308,2
37309,5
37310,3
37311,2
37312,1
37313,5
37314,2
37315,2
37316,4
37317,0
37318,3
37319,2
37320,4
37321,2
37322,1
37323,3
37324,2
37325,2
37326,3
37327,4
37328,2
37329,2
37330,2
37331,4
37332,3
37333,5
37334,4
37335,3
37336,6
37337,5
37338,1
37339,1
37340,3
37341,6
37342,0
37343,1
37344,0
37345,2
37346,4
37347,1
37348,5
37349,0
37350,3
37351,2
37352,3
37353,3
37354,2
37355,4
37356,1
37357,2
37358,1
37359,5
37360,1
37361,1
37362,5
37363,3
37364,2
37365,3
37366,5
37367,2
37368,4
37369,3
37370,2
37371,5
37372,1
37373,4
37374,1
37375,3
37376,6
37377,5
37378,0
37379,2
37380,3
37381,1
37382,2
37383,3
37384,1
37385,4
37386,2
37387,1
37388,3
37389,2
37390,0
37391,2
37392,5
37393,3
37394,2
37395,3
37396,1
37397,3
37398,2
37399,6
37400,3
37401,1
37402,2
37403,2
37404,1
37405,2
37406,1
37407,1
37408,3
37409,3
37410,6
37411,1
37412,2
37413,3
37414,0
37415,2
37416,3
37417,2
37418,0
37419,5
37420,0
37421,3
37422,3
37423,1
37424,1
37425,3
37426,1
37427,4
37428,3
37429,5
37430,4
37431,4
37432,5
37433,4
37434,3
37435,1
37436,6
37437,4
37438,2
37439,0
37440,1
37441,2
37442,2
37443,1
37444,4
37445,3
37446,3
37447,2
37448,2
37449,5
37450,0
37451,2
37452,2
37453,3
37454,1
37455,0
37456,5
37457,3
37458,2
37459,3
37460,3
37461,0
37462,3
37463,3
37464,4
37465,1
37466,2
37467,0
37468,4
37469,0
37470,4
37471,2
37472,2
37473,4
37474,2
37475,2
37476,0
37477,6
37478,1
37479,0
37480,3
37481,1
37482,6
37483,3
37484,4
37485,1
37486,5
37487,2
37488,5
37489,0
37490,3
37491,2
37492,3
37493,2
37494,4
37495,2
37496,2
37497,0
37498,2
37499,2
37500,0
37501,2
37502,4
37503,1
37504,4
37505,2
37506,4
37507,1
37508,1
37509,4
37510,1
37511,0
37512,4
37513,1
37514,2
37515,2
37516,4
37517,2
37518,2
37519,0
37520,3
37521,1
37522,3
37523,4
37524,0
37525,5
37526,0
37527,3
37528,3
37529,2
37530,1
37531,5
37532,3
37533,3
37534,0
37535,2
37536,0
37537,0
37538,6
37539,4
37540,2
37541,2
37542,5
37543,2
37544,2
37545,4
37546,1
37547,6
37548,6
37549,1
37550,5
37551,4
37552,3
37553,0
37554,3
37555,2
37556,6
37557,1
37558,1
37559,6
37560,3
37561,0
37562,4
37563,6
37564,4
37565,4
37566,0
37567,3
37568,3
37569,2
37570,4
37571,2
37572,3
37573,0
37574,6
37575,7
37576,0
37577,2
37578,2
37579,3
37580,3
37581,4
37582,1
37583,4
37584,2
37585,4
37586,1
37587,1
37588,2
37589,2
37590,5
37591,0
37592,2
37593,3
37594,2
37595,0
37596,2
37597,1
37598,5
37599,5
37600,4
37601,1
37602,0
37603,3
37604,3
37605,4
37606,3
37607,4
37608,4
37609,4
37610,4
37611,2
37612,5
37613,3
37614,6
37615,5
37616,1
37617,4
37618,1
37619,0
37620,2
37621,7
37622,2
37623,7
37624,2
37625,2
37626,5
37627,0
37628,3
37629,3
37630,2
37631,1
37632,3
37633,1
37634,1
37635,4
37636,3
37637,2
37638,3
37639,0
37640,0
37641,4
37642,5
37643,1
37644,3
37645,3
37646,5
37647,7
37648,4
37649,5
37650,2
37651,5
37652,2
37653,2
37654,2
37655,0
37656,2
37657,4
37658,4
37659,1
37660,1
37661,1
37662,1
37663,7
37664,1
37665,0
37666,3
37667,3
37668,2
37669,1
37670,0
37671,6
37672,1
37673,1
37674,1
37675,5
37676,5
37677,4
37678,1
37679,1
37680,2
37681,2
37682,2
37683,5
37684,4
37685,4
37686,0
37687,4
37688,1
37689,1
37690,3
37691,6
37692,0
37693,2
37694,0
37695,1
37696,0
37697,1
37698,8
37699,3
37700,3
37701,2
37702,0
37703,1
37704,3
37705,1
37706,0
37707,3
37708,1
37709,3
37710,4
37711,1
37712,2
37713,6
37714,0
37715,4
37716,0
37717,2
37718,1
37719,1
37720,0
37721,5
37722,3
37723,3
37724,5
37725,3
37726,3
37727,2
37728,4
37729,4
37730,4
37731,2
37732,0
37733,3
37734,0
37735,1
37736,6
37737,3
37738,3
37739,3
37740,4
37741,6
37742,2
37743,2
37744,6
37745,3
37746,6
37747,1
37748,0
37749,0
37750,1
37751,0
37752,4
37753,3
37754,3
37755,2
37756,2
37757,0
37758,5
37759,2
37760,1
37761,5
37762,6
37763,6
37764,1
37765,5
37766,1
37767,3
37768,5
37769,1
37770,1
37771,3
37772,1
37773,3
37774,1
37775,5
37776,3
37777,2
37778,4
37779,4
37780,2
37781,7
37782,3
37783,4
37784,3
37785,2
37786,3
37787,5
37788,1
37789,5
37790,2
37791,4
37792,5
37793,0
37794,4
37795,5
37796,1
37797,1
37798,2
37799,3
37800,3
37801,3
37802,1
37803,1
37804,4
37805,9
37806,1
37807,4
37808,3
37809,2
37810,0
37811,1
37812,4
37813,2
37814,2
37815,2
37816,2
37817,1
37818,5
37819,2
37820,0
37821,4
37822,3
37823,3
37824,0
37825,5
37826,1
37827,4
37828,1
37829,0
37830,3
37831,1
37832,0
37833,1
37834,0
37835,3
37836,0
37837,1
37838,2
37839,3
37840,1
37841,3
37842,2
37843,4
37844,6
37845,3
37846,6
37847,4
37848,5
37849,3
37850,6
37851,3
37852,7
37853,3
37854,4
37855,4
37856,4
37857,6
37858,4
37859,2
37860,5
37861,1
37862,1
37863,2
37864,3
37865,5
37866,4
37867,2
37868,4
37869,1
37870,2
37871,3
37872,2
37873,3
37874,3
37875,1
37876,4
37877,5
37878,2
37879,5
37880,2
37881,2
37882,2
37883,6
37884,2
37885,1
37886,4
37887,2
37888,2
37889,5
37890,0
37891,4
37892,0
37893,4
37894,1
37895,4
37896,1
37897,4
37898,4
37899,0
37900,1
37901,3
37902,3
37903,2
37904,4
37905,1
37906,1
37907,4
37908,3
37909,3
37910,3
37911,7
37912,2
37913,0
37914,1
37915,0
37916,0
37917,3
37918,7
37919,1
37920,5
37921,3
37922,4
37923,4
37924,4
37925,3
37926,4
37927,3
37928,4
37929,3
37930,0
37931,3
37932,0
37933,3
37934,2
37935,1
37936,1
37937,5
37938,2
37939,4
37940,2
37941,2
37942,1
37943,1
37944,0
37945,1
37946,5
37947,1
37948,2
37949,2
37950,1
37951,1
37952,5
37953,6
37954,2
37955,0
37956,2
37957,2
37958,7
37959,3
37960,0
37961,3
37962,2
37963,1
37964,4
37965,7
37966,5
37967,2
37968,4
37969,4
37970,3
37971,1
37972,2
37973,2
37974,2
37975,3
37976,4
37977,4
37978,3
37979,2
37980,1
37981,1
37982,3
37983,6
37984,2
37985,2
37986,3
37987,2
37988,1
37989,2
37990,0
37991,4
37992,4
37993,1
37994,1
37995,1
37996,2
37997,3
37998,5
37999,2
38000,5
38001,1
38002,0
38003,2
38004,3
38005,3
38006,3
38007,3
38008,4
38009,1
38010,1
38011,3
38012,1
38013,2
38014,3
38015,1
38016,3
38017,1
38018,4
38019,1
38020,4
38021,3
38022,5
38023,5
38024,4
38025,2
38026,1
38027,4
38028,2
38029,2
38030,1
38031,3
38032,4
38033,1
38034,1
38035,8
38036,1
38037,3
38038,5
38039,0
38040,2
38041,7
38042,2
38043,6
38044,1
38045,0
38046,2
38047,5
38048,2
38049,3
38050,3
38051,0
38052,5
38053,1
38054,1
38055,3
38056,2
38057,0
38058,1
38059,4
38060,2
38061,3
38062,6
38063,2
38064,4
38065,3
38066,3
38067,5
38068,3
38069,0
38070,3
38071,4
38072,1
38073,1
38074,6
38075,2
38076,2
38077,3
38078,5
38079,3
38080,1
38081,3
38082,2
38083,2
38084,2
38085,1
38086,2
38087,1
38088,0
38089,1
38090,4
38091,6
38092,2
38093,5
38094,2
38095,1
38096,2
38097,6
38098,2
38099,2
38100,4
38101,4
38102,4
38103,5
38104,1
38105,3
38106,5
38107,3
38108,5
38109,5
38110,5
38111,3
38112,2
38113,3
38114,5
38115,4
38116,5
38117,1
38118,3
38119,4
38120,1
38121,3
38122,2
38123,1
38124,5
38125,4
38126,6
38127,5
38128,2
38129,2
38130,3
38131,5
38132,2
38133,1
38134,3
38135,5
38136,0
38137,4
38138,0
38139,3
38140,5
38141,2
38142,0
38143,5
38144,0
38145,3
38146,1
38147,2
38148,1
38149,5
38150,5
38151,2
38152,5
38153,4
38154,7
38155,2
38156,2
38157,2
38158,2
38159,5
38160,2
38161,7
38162,1
38163,1
38164,3
38165,0
38166,1
38167,2
38168,1
38169,3
38170,2
38171,5
38172,6
38173,5
38174,7
38175,7
38176,4
38177,1
38178,1
38179,6
38180,3
38181,1
38182,1
38183,4
38184,0
38185,0
38186,4
38187,1
38188,7
38189,3
38190,0
38191,1
38192,2
38193,3
38194,3
38195,3
38196,1
38197,2
38198,3
38199,4
38200,4
38201,4
38202,2
38203,1
38204,2
38205,6
38206,3
38207,3
38208,4
38209,0
38210,0
38211,1
38212,4
38213,5
38214,2
38215,1
38216,4
38217,2
38218,1
38219,2
38220,5
38221,3
38222,3
38223,3
38224,2
38225,6
38226,3
38227,0
38228,4
38229,0
38230,2
38231,7
38232,2
38233,1
38234,0
38235,3
38236,5
38237,4
38238,4
38239,3
38240,2
38241,0
38242,5
38243,4
38244,4
38245,0
38246,7
38247,6
38248,2
38249,2
38250,2
38251,1
38252,2
38253,0
38254,3
38255,2
38256,4
38257,1
38258,1
38259,1
38260,2
38261,4
38262,2
38263,1
38264,2
38265,3
38266,0
38267,3
38268,2
38269,4
38270,1
38271,3
38272,3
38273,1
38274,2
38275,4
38276,3
38277,2
38278,3
38279,1
38280,3
38281,5
38282,1
38283,3
38284,2
38285,2
38286,3
38287,3
38288,3
38289,5
38290,6
38291,3
38292,1
38293,5
38294,5
38295,1
38296,4
38297,3
38298,0
38299,1
38300,3
38301,2
38302,4
38303,4
38304,0
38305,6
38306,0
38307,5
38308,2
38309,5
38310,2
38311,4
38312,1
38313,0
38314,1
38315,1
38316,2
38317,5
38318,4
38319,4
38320,1
38321,4
38322,4
38323,4
38324,2
38325,2
38326,5
38327,1
38328,6
38329,4
38330,5
38331,4
38332,1
38333,4
38334,5
38335,4
38336,2
38337,1
38338,2
38339,1
38340,2
38341,5
38342,3
38343,2
38344,4
38345,2
38346,4
38347,2
38348,5
38349,3
38350,2
38351,6
38352,2
38353,1
38354,3
38355,1
38356,2
38357,2
38358,2
38359,2
38360,5
38361,6
38362,2
38363,1
38364,3
38365,2
38366,4
38367,5
38368,3
38369,4
38370,1
38371,4
38372,1
38373,2
38374,6
38375,0
38376,3
38377,4
38378,1
38379,2
38380,1
38381,5
38382,2
38383,2
38384,5
38385,0
38386,5
38387,3
38388,6
38389,3
38390,2
38391,2
38392,2
38393,3
38394,6
38395,0
38396,4
38397,4
38398,4
38399,5
38400,2
38401,0
38402,1
38403,1
38404,7
38405,2
38406,4
38407,1
38408,3
38409,4
38410,3
38411,2
38412,3
38413,1
38414,1
38415,2
38416,0
38417,2
38418,2
38419,2
38420,1
38421,6
38422,6
38423,3
38424,3
38425,2
38426,3
38427,1
38428,1
38429,2
38430,1
38431,4
38432,4
38433,7
38434,3
38435,3
38436,3
38437,1
38438,5
38439,3
38440,0
38441,3
38442,1
38443,3
38444,3
38445,2
38446,4
38447,2
38448,1
38449,2
38450,3
38451,2
38452,3
38453,0
38454,2
38455,4
38456,6
38457,5
38458,0
38459,4
38460,5
38461,3
38462,4
38463,0
38464,3
38465,4
38466,1
38467,2
38468,1
38469,2
38470,1
38471,3
38472,6
38473,2
38474,3
38475,0
38476,2
38477,4
38478,5
38479,0
38480,3
38481,4
38482,2
38483,4
38484,0
38485,3
38486,3
38487,5
38488,0
38489,0
38490,2
38491,1
38492,2
38493,2
38494,4
38495,7
38496,1
38497,4
38498,0
38499,4
38500,1
38501,1
38502,1
38503,3
38504,4
38505,2
38506,4
38507,5
38508,6
38509,1
38510,5
38511,1
38512,1
38513,6
38514,4
38515,4
38516,5
38517,1
38518,3
38519,4
38520,2
38521,2
38522,2
38523,4
38524,5
38525,6
38526,3
38527,1
38528,4
38529,0
38530,6
38531,3
38532,4
38533,3
38534,2
38535,2
38536,2
38537,3
38538,2
38539,3
38540,3
38541,5
38542,3
38543,3
38544,6
38545,2
38546,5
38547,3
38548,0
38549,6
38550,0
38551,5
38552,3
38553,4
38554,7
38555,4
38556,1
38557,2
38558,0
38559,5
38560,2
38561,5
38562,1
38563,3
38564,6
38565,6
38566,5
38567,3
38568,0
38569,0
38570,3
38571,1
38572,2
38573,1
38574,3
38575,6
38576,4
38577,2
38578,1
38579,5
38580,4
38581,1
38582,3
38583,0
38584,2
38585,3
38586,2
38587,2
38588,5
38589,3
38590,3
38591,1
38592,1
38593,2
38594,2
38595,2
38596,1
38597,6
38598,3
38599,0
38600,3
38601,1
38602,6
38603,3
38604,1
38605,1
38606,1
38607,8
38608,2
38609,2
38610,3
38611,3
38612,2
38613,4
38614,2
38615,0
38616,2
38617,3
38618,3
38619,2
38620,1
38621,3
38622,1
38623,6
38624,5
38625,2
38626,3
38627,6
38628,3
38629,2
38630,2
38631,5
38632,7
38633,5
38634,0
38635,5
38636,3
38637,1
38638,4
38639,2
38640,3
38641,2
38642,2
38643,3
38644,1
38645,2
38646,1
38647,4
38648,0
38649,3
38650,2
38651,3
38652,3
38653,4
38654,3
38655,2
38656,3
38657,6
38658,5
38659,2
38660,5
38661,4
38662,3
38663,2
38664,5
38665,4
38666,1
38667,1
38668,4
38669,3
38670,0
38671,0
38672,4
38673,1
38674,2
38675,5
38676,3
38677,3
38678,0
38679,4
38680,2
38681,0
38682,2
38683,0
38684,5
38685,2
38686,0
38687,1
38688,6
38689,5
38690,1
38691,3
38692,0
38693,4
38694,2
38695,2
38696,4
38697,1
38698,2
38699,7
38700,2
38701,1
38702,5
38703,3
38704,3
38705,3
38706,5
38707,2
38708,2
38709,2
38710,5
38711,5
38712,4
38713,5
38714,1
38715,3
38716,2
38717,3
38718,3
38719,1
38720,1
38721,4
38722,5
38723,3
38724,1
38725,7
38726,1
38727,4
38728,2
38729,0
38730,2
38731,3
38732,5
38733,4
38734,3
38735,6
38736,3
38737,1
38738,2
38739,2
38740,2
38741,2
38742,6
38743,2
38744,3
38745,2
38746,2
38747,2
38748,3
38749,7
38750,3
38751,5
38752,0
38753,3
38754,3
38755,3
38756,0
38757,3
38758,0
38759,2
38760,1
38761,2
38762,1
38763,2
38764,3
38765,0
38766,2
38767,3
38768,4
38769,1
38770,2
38771,3
38772,1
38773,1
38774,4
38775,4
38776,2
38777,1
38778,4
38779,1
38780,1
38781,3
38782,6
38783,2
38784,6
38785,1
38786,2
38787,6
38788,1
38789,5
38790,1
38791,3
38792,1
38793,4
38794,6
38795,5
38796,5
38797,6
38798,3
38799,0
38800,1
38801,1
38802,4
38803,4
38804,1
38805,0
38806,5
38807,3
38808,3
38809,5
38810,4
38811,5
38812,1
38813,3
38814,2
38815,3
38816,3
38817,3
38818,5
38819,0
38820,5
38821,2
38822,2
38823,3
38824,3
38825,2
38826,2
38827,5
38828,1
38829,1
38830,3
38831,4
38832,1
38833,4
38834,6
38835,2
38836,5
38837,1
38838,1
38839,0
38840,2
38841,6
38842,1
38843,4
38844,4
38845,4
38846,2
38847,3
38848,4
38849,4
38850,5
38851,4
38852,4
38853,3
38854,3
38855,4
38856,3
38857,6
38858,0
38859,2
38860,2
38861,1
38862,2
38863,2
38864,6
38865,2
38866,1
38867,0
38868,6
38869,3
38870,2
38871,3
38872,2
38873,2
38874,1
38875,4
38876,1
38877,3
38878,5
38879,2
38880,4
38881,2
38882,1
38883,4
38884,5
38885,5
38886,1
38887,3
38888,2
38889,4
38890,6
38891,2
38892,6
38893,3
38894,3
38895,1
38896,3
38897,2
38898,2
38899,4
38900,1
38901,7
38902,1
38903,3
38904,4
38905,4
38906,1
38907,1
38908,4
38909,2
38910,2
38911,5
38912,2
38913,2
38914,0
38915,5
38916,0
38917,4
38918,4
38919,1
38920,0
38921,4
38922,2
38923,5
38924,0
38925,3
38926,1
38927,4
38928,1
38929,1
38930,3
38931,7
38932,2
38933,3
38934,3
38935,4
38936,3
38937,5
38938,3
38939,1
38940,0
38941,1
38942,4
38943,4
38944,0
38945,2
38946,4
38947,2
38948,4
38949,4
38950,2
38951,1
38952,4
38953,3
38954,1
38955,1
38956,4
38957,7
38958,4
38959,0
38960,5
38961,2
38962,4
38963,1
38964,3
38965,2
38966,1
38967,2
38968,2
38969,7
38970,0
38971,5
38972,2
38973,4
38974,5
38975,1
38976,4
38977,2
38978,1
38979,1
38980,4
38981,3
38982,6
38983,2
38984,2
38985,3
38986,2
38987,4
38988,4
38989,1
38990,1
38991,2
38992,6
38993,1
38994,3
38995,2
38996,2
38997,1
38998,6
38999,3
39000,5
39001,2
39002,4
39003,1
39004,2
39005,4
39006,0
39007,4
39008,1
39009,3
39010,3
39011,3
39012,1
39013,2
39014,4
39015,1
39016,3
39017,1
39018,2
39019,5
39020,2
39021,2
39022,4
39023,1
39024,6
39025,3
39026,5
39027,1
39028,3
39029,0
39030,3
39031,4
39032,1
39033,3
39034,0
39035,3
39036,1
39037,2
39038,4
39039,2
39040,2
39041,2
39042,4
39043,1
39044,3
39045,4
39046,3
39047,2
39048,2
39049,3
39050,2
39051,1
39052,2
39053,0
39054,1
39055,1
39056,0
39057,1
39058,2
39059,1
39060,2
39061,2
39062,4
39063,1
39064,3
39065,6
39066,4
39067,2
39068,5
39069,2
39070,3
39071,5
39072,1
39073,1
39074,2
39075,5
39076,0
39077,5
39078,3
39079,0
39080,5
39081,3
39082,1
39083,1
39084,6
39085,2
39086,4
39087,2
39088,3
39089,2
39090,5
39091,2
39092,2
39093,2
39094,1
39095,0
39096,1
39097,5
39098,2
39099,1
39100,0
39101,1
39102,2
39103,6
39104,4
39105,5
39106,2
39107,2
39108,2
39109,2
39110,1
39111,2
39112,4
39113,5
39114,2
39115,5
39116,5
39117,0
39118,2
39119,2
39120,4
39121,2
39122,3
39123,0
39124,5
39125,5
39126,5
39127,6
39128,3
39129,1
39130,0
39131,1
39132,4
39133,3
39134,1
39135,2
39136,4
39137,4
39138,2
39139,3
39140,2
39141,4
39142,4
39143,2
39144,3
39145,1
39146,4
39147,3
39148,0
39149,4
39150,0
39151,3
39152,2
39153,1
39154,0
39155,0
39156,0
39157,4
39158,3
39159,4
39160,5
39161,1
39162,4
39163,3
39164,4
39165,2
39166,4
39167,3
39168,3
39169,2
39170,3
39171,5
39172,7
39173,5
39174,3
39175,2
39176,5
39177,6
39178,2
39179,2
39180,0
39181,3
39182,3
39183,2
39184,1
39185,3
39186,1
39187,5
39188,1
39189,2
39190,5
39191,3
39192,0
39193,2
39194,2
39195,1
39196,4
39197,6
39198,1
39199,2
39200,1
39201,4
39202,3
39203,7
39204,1
39205,5
39206,1
39207,2
39208,3
39209,0
39210,3
39211,6
39212,3
39213,2
39214,2
39215,1
39216,2
39217,2
39218,1
39219,1
39220,3
39221,4
39222,0
39223,6
39224,4
39225,0
39226,4
39227,5
39228,4
39229,2
39230,5
39231,2
39232,1
39233,3
39234,2
39235,4
39236,3
39237,1
39238,1
39239,5
39240,6
39241,4
39242,4
39243,1
39244,1
39245,4
39246,1
39247,4
39248,3
39249,2
39250,4
39251,1
39252,1
39253,6
39254,3
39255,2
39256,1
39257,2
39258,4
39259,5
39260,1
39261,3
39262,2
39263,5
39264,2
39265,5
39266,2
39267,4
39268,6
39269,5
39270,3
39271,5
39272,3
39273,3
39274,0
39275,1
39276,0
39277,4
39278,3
39279,0
39280,3
39281,4
39282,6
39283,2
39284,0
39285,4
39286,3
39287,5
39288,2
39289,2
39290,4
39291,6
39292,2
39293,3
39294,6
39295,1
39296,4
39297,3
39298,3
39299,3
39300,0
39301,5
39302,1
39303,2
39304,4
39305,0
39306,3
39307,3
39308,6
39309,2
39310,2
39311,1
39312,3
39313,4
39314,3
39315,4
39316,2
39317,5
39318,3
39319,4
39320,5
39321,3
39322,0
39323,3
39324,0
39325,1
39326,6
39327,6
39328,4
39329,4
39330,0
39331,7
39332,0
39333,6
39334,4
39335,2
39336,5
39337,2
39338,1
39339,0
39340,2
39341,3
39342,1
39343,5
39344,0
39345,3
39346,1
39347,7
39348,2
39349,0
39350,2
39351,2
39352,5
39353,3
39354,1
39355,3
39356,1
39357,5
39358,3
39359,5
39360,3
39361,2
39362,1
39363,2
39364,2
39365,0
39366,3
39367,0
39368,2
39369,3
39370,1
39371,6
39372,6
39373,0
39374,3
39375,3
39376,0
39377,1
39378,1
39379,0
39380,4
39381,1
39382,2
39383,3
39384,4
39385,3
39386,5
39387,2
39388,3
39389,4
39390,1
39391,2
39392,3
39393,0
39394,2
39395,6
39396,2
39397,3
39398,2
39399,2
39400,1
39401,1
39402,6
39403,0
39404,4
39405,4
39406,6
39407,2
39408,3
39409,3
39410,0
39411,0
39412,2
39413,3
39414,3
39415,2
39416,1
39417,5
39418,1
39419,3
39420,3
39421,2
39422,5
39423,1
39424,3
39425,2
39426,2
39427,1
39428,3
39429,1
39430,5
39431,2
39432,5
39433,3
39434,0
39435,2
39436,0
39437,8
39438,5
39439,4
39440,6
39441,3
39442,2
39443,2
39444,3
39445,1
39446,4
39447,0
39448,2
39449,5
39450,2
39451,2
39452,2
39453,2
39454,5
39455,0
39456,8
39457,5
39458,2
39459,3
39460,1
39461,4
39462,3
39463,3
39464,2
39465,1
39466,5
39467,5
39468,4
39469,5
39470,2
39471,3
39472,1
39473,3
39474,2
39475,4
39476,2
39477,3
39478,6
39479,4
39480,1
39481,4
39482,4
39483,3
39484,0
39485,4
39486,1
39487,1
39488,2
39489,4
39490,0
39491,3
39492,2
39493,0
39494,3
39495,2
39496,2
39497,2
39498,6
39499,2
39500,2
39501,2
39502,2
39503,5
39504,0
39505,1
39506,1
39507,4
39508,3
39509,2
39510,4
39511,4
39512,1
39513,3
39514,2
39515,1
39516,1
39517,2
39518,3
39519,2
39520,6
39521,0
39522,5
39523,4
39524,2
39525,2
39526,3
39527,3
39528,0
39529,0
39530,2
39531,5
39532,2
39533,4
39534,6
39535,2
39536,4
39537,2
39538,2
39539,1
39540,0
39541,1
39542,6
39543,1
39544,1
39545,1
39546,2
39547,3
39548,3
39549,7
39550,0
39551,2
39552,1
39553,3
39554,4
39555,1
39556,6
39557,4
39558,3
39559,1
39560,5
39561,3
39562,3
39563,5
39564,6
39565,1
39566,3
39567,4
39568,1
39569,3
39570,1
39571,4
39572,1
39573,0
39574,1
39575,0
39576,1
39577,3
39578,2
39579,2
39580,4
39581,3
39582,0
39583,2
39584,2
39585,5
39586,2
39587,8
39588,4
39589,3
39590,7
39591,3
39592,1
39593,2
39594,5
39595,1
39596,3
39597,2
39598,4
39599,2
39600,2
39601,0
39602,2
39603,5
39604,4
39605,3
39606,2
39607,2
39608,2
39609,0
39610,2
39611,3
39612,5
39613,8
39614,6
39615,4
39616,3
39617,1
39618,2
39619,0
39620,2
39621,1
39622,5
39623,2
39624,3
39625,5
39626,2
39627,2
39628,2
39629,3
39630,1
39631,2
39632,1
39633,4
39634,4
39635,4
39636,0
39637,5
39638,2
39639,1
39640,2
39641,4
39642,1
39643,6
39644,0
39645,4
39646,4
39647,1
39648,2
39649,1
39650,6
39651,0
39652,1
39653,4
39654,1
39655,2
39656,6
39657,0
39658,2
39659,6
39660,2
39661,2
39662,1
39663,1
39664,0
39665,4
39666,0
39667,2
39668,1
39669,4
39670,6
39671,2
39672,0
39673,6
39674,1
39675,3
39676,5
39677,1
39678,4
39679,4
39680,2
39681,1
39682,1
39683,3
39684,0
39685,3
39686,3
39687,6
39688,0
39689,3
39690,2
39691,1
39692,2
39693,0
39694,5
39695,5
39696,5
39697,1
39698,4
39699,2
39700,3
39701,2
39702,4
39703,1
39704,1
39705,2
39706,6
39707,3
39708,2
39709,2
39710,4
39711,4
39712,4
39713,3
39714,1
39715,6
39716,0
39717,0
39718,2
39719,4
39720,1
39721,0
39722,7
39723,2
39724,5
39725,2
39726,7
39727,1
39728,3
39729,2
39730,4
39731,5
39732,5
39733,3
39734,3
39735,2
39736,4
39737,4
39738,3
39739,1
39740,0
39741,0
39742,6
39743,2
39744,2
39745,2
39746,1
39747,3
39748,4
39749,2
39750,1
39751,2
39752,3
39753,2
39754,1
39755,6
39756,4
39757,3
39758,4
39759,2
39760,0
39761,1
39762,4
39763,4
39764,4
39765,5
39766,4
39767,2
39768,5
39769,0
39770,2
39771,2
39772,6
39773,5
39774,3
39775,1
39776,2
39777,5
39778,3
39779,2
39780,2
39781,3
39782,0
39783,4
39784,0
39785,4
39786,0
39787,2
39788,4
39789,1
39790,3
39791,4
39792,4
39793,5
39794,1
39795,8
39796,1
39797,2
39798,5
39799,3
39800,3
39801,4
39802,1
39803,5
39804,1
39805,6
39806,2
39807,5
39808,1
39809,1
39810,6
39811,2
39812,4
39813,2
39814,1
39815,4
39816,1
39817,1
39818,1
39819,0
39820,1
39821,2
39822,1
39823,3
39824,1
39825,4
39826,3
39827,3
39828,3
39829,5
39830,0
39831,3
39832,1
39833,0
39834,6
39835,3
39836,2
39837,6
39838,3
39839,0
39840,3
39841,1
39842,1
39843,2
39844,1
39845,0
39846,4
39847,1
39848,1
39849,2
39850,0
39851,0
39852,4
39853,5
39854,3
39855,2
39856,2
39857,6
39858,0
39859,0
39860,2
39861,0
39862,1
39863,3
39864,0
39865,1
39866,6
39867,0
39868,2
39869,1
39870,6
39871,6
39872,2
39873,4
39874,1
39875,1
39876,3
39877,1
39878,2
39879,4
39880,5
39881,2
39882,1
39883,2
39884,3
39885,4
39886,1
39887,5
39888,2
39889,4
39890,4
39891,5
39892,2
39893,0
39894,1
39895,2
39896,5
39897,3
39898,1
39899,2
39900,2
39901,3
39902,4
39903,1
39904,4
39905,0
39906,2
39907,1
39908,1
39909,2
39910,4
39911,2
39912,7
39913,2
39914,2
39915,2
39916,3
39917,1
39918,5
39919,3
39920,4
39921,5
39922,3
39923,1
39924,3
39925,2
39926,3
39927,3
39928,2
39929,3
39930,5
39931,0
39932,2
39933,3
39934,2
39935,1
39936,4
39937,1
39938,3
39939,4
39940,3
39941,2
39942,4
39943,4
39944,3
39945,3
39946,1
39947,2
39948,4
39949,2
39950,1
39951,0
39952,0
39953,2
39954,5
39955,0
39956,2
39957,5
39958,7
39959,4
39960,5
39961,1
39962,1
39963,1
39964,0
39965,5
39966,1
39967,4
39968,3
39969,2
39970,2
39971,6
39972,2
39973,4
39974,1
39975,2
39976,0
39977,3
39978,3
39979,3
39980,3
39981,0
39982,0
39983,7
39984,4
39985,1
39986,2
39987,0
39988,3
39989,0
39990,6
39991,5
39992,1
39993,1
39994,2
39995,0
39996,2
39997,5
39998,0
39999,6
40000,3
40001,5
40002,5
40003,0
40004,1
40005,5
40006,3
40007,0
40008,6
40009,2
40010,5
40011,5
40012,0
40013,2
40014,4
40015,3
40016,1
40017,4
40018,3
40019,4
40020,3
40021,5
40022,2
40023,2
40024,3
40025,4
40026,4
40027,1
40028,1
40029,2
40030,2
40031,1
40032,2
40033,5
40034,5
40035,4
40036,2
40037,3
40038,3
40039,2
40040,3
40041,1
40042,1
40043,2
40044,1
40045,3
40046,7
40047,5
40048,3
40049,1
40050,0
40051,8
40052,2
40053,2
40054,5
40055,6
40056,0
40057,3
40058,3
40059,4
40060,2
40061,2
40062,5
40063,3
40064,2
40065,5
40066,2
40067,2
40068,2
40069,1
40070,0
40071,3
40072,3
40073,3
40074,0
40075,1
40076,2
40077,2
40078,1
40079,2
40080,2
40081,4
40082,4
40083,1
40084,4
40085,3
40086,3
40087,3
40088,4
40089,3
40090,3
40091,3
40092,3
40093,3
40094,4
40095,3
40096,4
40097,0
40098,0
40099,0
40100,2
40101,2
40102,3
40103,2
40104,3
40105,2
40106,2
40107,2
40108,7
40109,3
40110,5
40111,2
40112,7
40113,0
40114,1
40115,4
40116,2
40117,1
40118,4
40119,4
40120,1
40121,7
40122,4
40123,3
40124,2
40125,1
40126,4
40127,2
40128,3
40129,1
40130,4
40131,3
40132,3
40133,3
40134,3
40135,4
40136,1
40137,2
40138,5
40139,1
40140,6
40141,3
40142,2
40143,0
40144,3
40145,2
40146,3
40147,3
40148,2
40149,4
40150,4
40151,4
40152,2
40153,2
40154,2
40155,4
40156,1
40157,3
40158,3
40159,4
40160,0
40161,2
40162,7
40163,5
40164,2
40165,0
40166,4
40167,2
40168,1
40169,4
40170,2
40171,3
40172,0
40173,3
40174,2
40175,1
40176,2
40177,4
40178,2
40179,3
40180,4
40181,4
40182,3
40183,2
40184,6
40185,4
40186,1
40187,0
40188,7
40189,4
40190,1
40191,3
40192,0
40193,3
40194,1
40195,2
40196,3
40197,4
40198,5
40199,3
40200,5
40201,3
40202,1
40203,4
40204,5
40205,3
40206,1
40207,0
40208,3
40209,0
40210,4
40211,6
40212,3
40213,4
40214,4
40215,3
40216,1
40217,3
40218,1
40219,2
40220,0
40221,3
40222,1
40223,1
40224,1
40225,5
40226,3
40227,0
40228,2
40229,2
40230,4
40231,0
40232,5
40233,1
40234,4
40235,1
40236,1
40237,4
40238,2
40239,0
40240,3
40241,1
40242,1
40243,1
40244,5
40245,4
40246,0
40247,1
40248,0
40249,4
40250,2
40251,2
40252,0
40253,5
40254,3
40255,3
40256,4
40257,0
40258,4
40259,2
40260,1
40261,5
40262,2
40263,3
40264,1
40265,2
40266,2
40267,3
40268,4
40269,3
40270,4
40271,5
40272,2
40273,4
40274,4
40275,1
40276,4
40277,2
40278,1
40279,6
40280,6
40281,5
40282,2
40283,4
40284,3
40285,0
40286,3
40287,3
40288,3
40289,5
40290,5
40291,2
40292,0
40293,3
40294,4
40295,4
40296,5
40297,3
40298,4
40299,6
40300,2
40301,4
40302,3
40303,5
40304,4
40305,4
40306,5
40307,2
40308,2
40309,1
40310,6
40311,3
40312,0
40313,3
40314,1
40315,1
40316,1
40317,3
40318,1
40319,4
40320,2
40321,3
40322,4
40323,6
40324,3
40325,0
40326,5
40327,4
40328,5
40329,5
40330,1
40331,3
40332,2
40333,0
40334,1
40335,2
40336,4
40337,5
40338,1
40339,3
40340,4
40341,3
40342,4
40343,7
40344,2
40345,2
40346,2
40347,4
40348,3
40349,4
40350,5
40351,2
40352,2
40353,1
40354,1
40355,8
40356,2
40357,2
40358,4
40359,5
40360,0
40361,2
40362,4
40363,5
40364,2
40365,0
40366,1
40367,4
40368,3
40369,3
40370,3
40371,6
40372,2
40373,2
40374,6
40375,2
40376,2
40377,3
40378,1
40379,2
40380,3
40381,1
40382,2
40383,5
40384,5
40385,0
40386,5
40387,1
40388,4
40389,3
40390,5
40391,1
40392,2
40393,5
40394,5
40395,1
40396,2
40397,5
40398,1
40399,2
40400,0
40401,1
40402,2
40403,0
40404,3
40405,0
40406,1
40407,5
40408,0
40409,4
40410,1
40411,1
40412,3
40413,2
40414,3
40415,2
40416,3
40417,1
40418,3
40419,1
40420,5
40421,4
40422,2
40423,0
40424,0
40425,5
40426,1
40427,6
40428,2
40429,3
40430,2
40431,3
40432,4
40433,2
40434,1
40435,3
40436,3
40437,0
40438,2
40439,4
40440,4
40441,6
40442,1
40443,5
40444,0
40445,4
40446,1
40447,2
40448,2
40449,3
40450,0
40451,1
40452,4
40453,2
40454,1
40455,2
40456,3
40457,2
40458,0
40459,5
40460,1
40461,2
40462,2
40463,7
40464,4
40465,3
40466,5
40467,1
40468,4
40469,5
40470,6
40471,4
40472,1
40473,3
40474,0
40475,4
40476,7
40477,3
40478,1
40479,3
40480,0
40481,4
40482,4
40483,4
40484,3
40485,1
40486,3
40487,4
40488,5
40489,2
40490,0
40491,2
40492,2
40493,5
40494,4
40495,4
40496,1
40497,2
40498,6
40499,4
40500,2
40501,4
40502,2
40503,2
40504,2
40505,4
40506,4
40507,1
40508,4
40509,3
40510,3
40511,2
40512,5
40513,8
40514,2
40515,0
40516,4
40517,7
40518,6
40519,5
40520,4
40521,1
40522,0
40523,4
40524,4
40525,3
40526,1
40527,1
40528,3
40529,0
40530,1
40531,5
40532,1
40533,1
40534,3
40535,4
40536,3
40537,3
40538,6
40539,1
40540,4
40541,7
40542,1
40543,2
40544,5
40545,0
40546,4
40547,0
40548,4
40549,5
40550,2
40551,3
40552,4
40553,4
40554,5
40555,3
40556,0
40557,3
40558,1
40559,1
40560,5
40561,1
40562,3
40563,4
40564,2
40565,2
40566,2
40567,4
40568,2
40569,2
40570,2
40571,2
40572,6
40573,2
40574,4
40575,0
40576,5
40577,0
40578,7
40579,2
40580,0
40581,0
40582,5
40583,3
40584,3
40585,4
40586,1
40587,0
40588,6
40589,4
40590,7
40591,6
40592,4
40593,3
40594,3
40595,0
40596,2
40597,2
40598,4
40599,3
40600,6
40601,3
40602,3
40603,3
40604,3
40605,2
40606,5
40607,3
40608,2
40609,5
40610,1
40611,3
40612,0
40613,4
40614,4
40615,2
40616,3
40617,7
40618,1
40619,4
40620,2
40621,2
40622,5
40623,2
40624,2
40625,3
40626,2
40627,2
40628,3
40629,2
40630,2
40631,0
40632,4
40633,4
40634,2
40635,1
40636,1
40637,3
40638,2
40639,0
40640,4
40641,0
40642,4
40643,3
40644,3
40645,2
40646,4
40647,2
40648,3
40649,0
40650,1
40651,2
40652,0
40653,3
40654,3
40655,1
40656,0
40657,3
40658,3
40659,4
40660,2
40661,1
40662,0
40663,2
40664,4
40665,1
40666,4
40667,0
40668,2
40669,4
40670,4
40671,4
40672,3
40673,4
40674,2
40675,0
40676,1
40677,1
40678,1
40679,4
40680,1
40681,1
40682,1
40683,2
40684,3
40685,5
40686,1
40687,2
40688,3
40689,1
40690,2
40691,3
40692,1
40693,3
40694,0
40695,1
40696,4
40697,4
40698,2
40699,5
40700,3
40701,5
40702,4
40703,5
40704,1
40705,3
40706,3
40707,0
40708,4
40709,1
40710,2
40711,5
40712,2
40713,4
40714,4
40715,3
40716,2
40717,6
40718,4
40719,0
40720,1
40721,2
40722,2
40723,5
40724,2
40725,5
40726,1
40727,5
40728,2
40729,0
40730,6
40731,3
40732,3
40733,6
40734,6
40735,1
40736,2
40737,3
40738,0
40739,2
40740,2
40741,6
40742,5
40743,6
40744,2
40745,1
40746,6
40747,6
40748,3
40749,4
40750,6
40751,4
40752,3
40753,1
40754,0
40755,2
40756,5
40757,4
40758,4
40759,5
40760,1
40761,4
40762,3
40763,3
40764,0
40765,2
40766,2
40767,2
40768,2
40769,3
40770,0
40771,1
40772,4
40773,0
40774,4
40775,6
40776,2
40777,1
40778,0
40779,5
40780,1
40781,3
40782,3
40783,3
40784,1
40785,5
40786,0
40787,5
40788,3
40789,6
40790,2
40791,3
40792,3
40793,6
40794,2
40795,1
40796,1
40797,0
40798,5
40799,4
40800,1
40801,4
40802,1
40803,7
40804,1
40805,2
40806,5
40807,7
40808,5
40809,4
40810,3
40811,5
40812,2
40813,2
40814,0
40815,0
40816,4
40817,2
40818,2
40819,4
40820,5
40821,2
40822,0
40823,1
40824,2
40825,2
40826,2
40827,2
40828,2
40829,3
40830,6
40831,1
40832,4
40833,2
40834,4
40835,1
40836,6
40837,1
40838,5
40839,4
40840,2
40841,4
40842,1
40843,7
40844,0
40845,4
40846,1
40847,2
40848,3
40849,3
40850,3
40851,1
40852,2
40853,2
40854,3
40855,2
40856,2
40857,4
40858,2
40859,0
40860,4
40861,5
40862,1
40863,5
40864,1
40865,6
40866,5
40867,1
40868,5
40869,1
40870,1
40871,3
40872,3
40873,7
40874,5
40875,3
40876,4
40877,2
40878,2
40879,0
40880,3
40881,3
40882,1
40883,3
40884,2
40885,0
40886,3
40887,2
40888,6
40889,3
40890,3
40891,3
40892,0
40893,2
40894,2
40895,2
40896,4
40897,0
40898,3
40899,3
40900,3
40901,3
40902,1
40903,1
40904,5
40905,2
40906,2
40907,3
40908,1
40909,1
40910,4
40911,0
40912,6
40913,1
40914,2
40915,4
40916,2
40917,1
40918,3
40919,2
40920,3
40921,1
40922,0
40923,3
40924,2
40925,2
40926,4
40927,1
40928,1
40929,3
40930,2
40931,0
40932,3
40933,4
40934,1
40935,1
40936,6
40937,1
40938,2
40939,2
40940,3
40941,0
40942,2
40943,2
40944,4
40945,3
40946,2
40947,1
40948,2
40949,2
40950,0
40951,4
40952,1
40953,0
40954,7
40955,4
40956,2
40957,3
40958,1
40959,1
40960,4
40961,1
40962,1
40963,3
40964,5
40965,5
40966,0
40967,4
40968,1
40969,2
40970,1
40971,4
40972,3
40973,2
40974,5
40975,6
40976,3
40977,1
40978,2
40979,0
40980,3
40981,3
40982,3
40983,3
40984,4
40985,0
40986,4
40987,3
40988,4
40989,1
40990,0
40991,1
40992,0
40993,0
40994,5
40995,1
40996,0
40997,4
40998,2
40999,0
41000,2
41001,0
41002,3
41003,2
41004,2
41005,1
41006,2
41007,1
41008,4
41009,5
41010,3
41011,2
41012,2
41013,1
41014,0
41015,3
41016,2
41017,4
41018,1
41019,5
41020,3
41021,6
41022,2
41023,2
41024,1
41025,1
41026,2
41027,3
41028,3
41029,2
41030,5
41031,2
41032,0
41033,2
41034,1
41035,3
41036,0
41037,7
41038,4
41039,3
41040,2
41041,5
41042,3
41043,3
41044,2
41045,4
41046,5
41047,1
41048,2
41049,1
41050,2
41051,1
41052,1
41053,4
41054,2
41055,2
41056,6
41057,4
41058,2
41059,1
41060,1
41061,2
41062,1
41063,7
41064,4
41065,2
41066,2
41067,1
41068,5
41069,0
41070,2
41071,2
41072,1
41073,2
41074,1
41075,3
41076,3
41077,6
41078,1
41079,3
41080,5
41081,1
41082,0
41083,1
41084,2
41085,2
41086,1
41087,3
41088,1
41089,4
41090,1
41091,4
41092,1
41093,3
41094,4
41095,1
41096,3
41097,3
41098,2
41099,4
41100,0
41101,2
41102,3
41103,3
41104,3
41105,2
41106,3
41107,1
41108,3
41109,7
41110,3
41111,3
41112,1
41113,5
41114,3
41115,2
41116,2
41117,2
41118,2
41119,4
41120,4
41121,1
41122,6
41123,6
41124,3
41125,2
41126,1
41127,10
41128,1
41129,0
41130,2
41131,3
41132,7
41133,2
41134,3
41135,6
41136,1
41137,0
41138,1
41139,0
41140,5
41141,4
41142,3
41143,3
41144,1
41145,7
41146,4
41147,2
41148,5
41149,2
41150,4
41151,3
41152,1
41153,3
41154,3
41155,0
41156,3
41157,2
41158,3
41159,6
41160,2
41161,1
41162,2
41163,3
41164,3
41165,1
41166,6
41167,0
41168,2
41169,2
41170,3
41171,2
41172,2
41173,3
41174,2
41175,3
41176,5
41177,1
41178,2
41179,3
41180,3
41181,1
41182,2
41183,5
41184,2
41185,2
41186,2
41187,6
41188,4
41189,1
41190,0
41191,1
41192,2
41193,4
41194,1
41195,3
41196,7
41197,5
41198,3
41199,9
41200,2
41201,3
41202,6
41203,3
41204,3
41205,1
41206,1
41207,2
41208,1
41209,5
41210,2
41211,2
41212,5
41213,4
41214,1
41215,4
41216,3
41217,4
41218,0
41219,4
41220,1
41221,2
41222,3
41223,1
41224,1
41225,2
41226,6
41227,3
41228,2
41229,5
41230,2
41231,8
41232,3
41233,4
41234,1
41235,3
41236,0
41237,4
41238,2
41239,4
41240,4
41241,3
41242,8
41243,1
41244,2
41245,0
41246,5
41247,3
41248,5
41249,2
41250,4
41251,5
41252,4
41253,2
41254,3
41255,6
41256,5
41257,3
41258,4
41259,5
41260,0
41261,5
41262,4
41263,3
41264,1
41265,2
41266,1
41267,6
41268,2
41269,3
41270,3
41271,1
41272,1
41273,2
41274,2
41275,0
41276,1
41277,2
41278,0
41279,4
41280,1
41281,0
41282,6
41283,5
41284,0
41285,3
41286,5
41287,2
41288,1
41289,6
41290,3
41291,7
41292,4
41293,6
41294,0
41295,0
41296,3
41297,0
41298,2
41299,1
41300,2
41301,3
41302,4
41303,4
41304,3
41305,0
41306,1
41307,5
41308,6
41309,3
41310,4
41311,5
41312,3
41313,4
41314,4
41315,3
41316,8
41317,2
41318,3
41319,5
41320,1
41321,0
41322,2
41323,3
41324,0
41325,3
41326,0
41327,5
41328,6
41329,0
41330,3
41331,6
41332,6
41333,2
41334,2
41335,0
41336,4
41337,0
41338,3
41339,2
41340,1
41341,3
41342,1
41343,8
41344,3
41345,6
41346,2
41347,3
41348,2
41349,0
41350,2
41351,4
41352,4
41353,1
41354,1
41355,1
41356,3
41357,1
41358,2
41359,2
41360,2
41361,2
41362,0
41363,2
41364,1
41365,3
41366,2
41367,6
41368,4
41369,3
41370,3
41371,2
41372,4
41373,0
41374,0
41375,5
41376,1
41377,3
41378,2
41379,3
41380,0
41381,2
41382,3
41383,4
41384,3
41385,2
41386,1
41387,0
41388,5
41389,1
41390,2
41391,3
41392,6
41393,4
41394,0
41395,1
41396,2
41397,0
41398,3
41399,1
41400,1
41401,4
41402,1
41403,1
41404,4
41405,3
41406,5
41407,1
41408,1
41409,4
41410,2
41411,5
41412,5
41413,3
41414,0
41415,4
41416,4
41417,0
41418,2
41419,5
41420,4
41421,3
41422,0
41423,1
41424,2
41425,1
41426,3
41427,2
41428,5
41429,1
41430,2
41431,5
41432,2
41433,2
41434,6
41435,2
41436,1
41437,1
41438,1
41439,7
41440,2
41441,1
41442,4
41443,1
41444,1
41445,5
41446,4
41447,0
41448,0
41449,2
41450,0
41451,3
41452,4
41453,2
41454,2
41455,4
41456,2
41457,4
41458,6
41459,2
41460,3
41461,1
41462,3
41463,2
41464,3
41465,3
41466,2
41467,5
41468,4
41469,1
41470,4
41471,1
41472,0
41473,2
41474,3
41475,4
41476,3
41477,3
41478,4
41479,0
41480,5
41481,5
41482,1
41483,2
41484,3
41485,5
41486,0
41487,6
41488,6
41489,5
41490,3
41491,0
41492,1
41493,0
41494,3
41495,6
41496,6
41497,2
41498,5
41499,6
41500,2
41501,2
41502,2
41503,5
41504,0
41505,3
41506,0
41507,2
41508,7
41509,6
41510,3
41511,0
41512,7
41513,2
41514,5
41515,3
41516,2
41517,2
41518,2
41519,1
41520,0
41521,4
41522,7
41523,0
41524,2
41525,4
41526,1
41527,6
41528,4
41529,4
41530,6
41531,3
41532,1
41533,5
41534,2
41535,5
41536,4
41537,5
41538,2
41539,1
41540,3
41541,2
41542,7
41543,3
41544,2
41545,4
41546,0
41547,2
41548,4
41549,4
41550,6
41551,2
41552,0
41553,2
41554,2
41555,2
41556,4
41557,1
41558,0
41559,1
41560,3
41561,5
41562,1
41563,1
41564,3
41565,5
41566,2
41567,4
41568,1
41569,1
41570,2
41571,4
41572,6
41573,3
41574,4
41575,1
41576,0
41577,2
41578,4
41579,3
41580,2
41581,2
41582,2
41583,6
41584,5
41585,2
41586,3
41587,5
41588,6
41589,0
41590,2
41591,4
41592,0
41593,3
41594,2
41595,2
41596,7
41597,1
41598,1
41599,5
41600,5
41601,3
41602,6
41603,0
41604,2
41605,2
41606,1
41607,5
41608,3
41609,1
41610,4
41611,5
41612,6
41613,1
41614,1
41615,2
41616,5
41617,2
41618,4
41619,3
41620,1
41621,3
41622,0
41623,5
41624,0
41625,2
41626,2
41627,6
41628,1
41629,5
41630,3
41631,2
41632,3
41633,2
41634,5
41635,2
41636,1
41637,2
41638,4
41639,3
41640,5
41641,3
41642,1
41643,2
41644,2
41645,1
41646,3
41647,6
41648,4
41649,4
41650,1
41651,2
41652,1
41653,3
41654,2
41655,2
41656,4
41657,3
41658,6
41659,1
41660,2
41661,0
41662,3
41663,5
41664,3
41665,2
41666,5
41667,3
41668,2
41669,3
41670,0
41671,1
41672,3
41673,4
41674,1
41675,2
41676,1
41677,3
41678,2
41679,3
41680,3
41681,2
41682,2
41683,3
41684,2
41685,2
41686,2
41687,2
41688,5
41689,4
41690,6
41691,5
41692,2
41693,2
41694,1
41695,0
41696,5
41697,5
41698,0
41699,0
41700,4
41701,0
41702,3
41703,0
41704,2
41705,7
41706,5
41707,0
41708,1
41709,4
41710,4
41711,0
41712,3
41713,8
41714,1
41715,1
41716,8
41717,1
41718,4
41719,3
41720,1
41721,1
41722,4
41723,5
41724,4
41725,1
41726,2
41727,4
41728,2
41729,1
41730,5
41731,1
41732,2
41733,0
41734,3
41735,2
41736,6
41737,4
41738,4
41739,0
41740,5
41741,0
41742,0
41743,2
41744,3
41745,2
41746,1
41747,0
41748,4
41749,2
41750,4
41751,7
41752,6
41753,0
41754,1
41755,1
41756,0
41757,4
41758,4
41759,3
41760,4
41761,2
41762,0
41763,2
41764,1
41765,2
41766,0
41767,2
41768,2
41769,3
41770,3
41771,4
41772,3
41773,2
41774,7
41775,4
41776,2
41777,6
41778,1
41779,0
41780,6
41781,1
41782,1
41783,3
41784,1
41785,6
41786,4
41787,0
41788,0
41789,5
41790,5
41791,4
41792,1
41793,4
41794,6
41795,2
41796,2
41797,4
41798,0
41799,0
41800,3
41801,3
41802,2
41803,2
41804,0
41805,1
41806,4
41807,2
41808,2
41809,4
41810,1
41811,8
41812,1
41813,1
41814,4
41815,2
41816,3
41817,5
41818,1
41819,6
41820,1
41821,5
41822,2
41823,1
41824,1
41825,2
41826,1
41827,2
41828,3
41829,2
41830,5
41831,2
41832,2
41833,1
41834,2
41835,4
41836,6
41837,2
41838,5
41839,5
41840,2
41841,5
41842,4
41843,3
41844,4
41845,2
41846,0
41847,2
41848,2
41849,2
41850,2
41851,6
41852,3
41853,2
41854,5
41855,2
41856,4
41857,3
41858,4
41859,3
41860,4
41861,6
41862,4
41863,6
41864,3
41865,3
41866,3
41867,3
41868,5
41869,2
41870,1
41871,7
41872,3
41873,3
41874,4
41875,2
41876,6
41877,2
41878,0
41879,2
41880,0
41881,2
41882,2
41883,1
41884,2
41885,2
41886,0
41887,4
41888,1
41889,5
41890,1
41891,0
41892,5
41893,3
41894,5
41895,0
41896,1
41897,6
41898,3
41899,1
41900,2
41901,2
41902,2
41903,2
41904,4
41905,2
41906,0
41907,2
41908,3
41909,4
41910,2
41911,1
41912,6
41913,3
41914,3
41915,1
41916,1
41917,3
41918,3
41919,0
41920,1
41921,3
41922,1
41923,2
41924,2
41925,2
41926,3
41927,3
41928,2
41929,5
41930,3
41931,1
41932,0
41933,2
41934,5
41935,2
41936,3
41937,4
41938,6
41939,1
41940,3
41941,3
41942,0
41943,0
41944,4
41945,4
41946,2
41947,4
41948,1
41949,3
41950,3
41951,3
41952,2
41953,3
41954,6
41955,2
41956,1
41957,2
41958,3
41959,0
41960,1
41961,3
41962,2
41963,1
41964,4
41965,4
41966,2
41967,0
41968,5
41969,0
41970,4
41971,3
41972,7
41973,2
41974,4
41975,1
41976,4
41977,1
41978,1
41979,5
41980,2
41981,3
41982,2
41983,3
41984,1
41985,1
41986,2
41987,3
41988,0
41989,4
41990,1
41991,4
41992,3
41993,6
41994,1
41995,4
41996,3
41997,1
41998,3
41999,5
42000,1
42001,6
42002,5
42003,2
42004,3
42005,3
42006,5
42007,2
42008,2
42009,5
42010,5
42011,2
42012,5
42013,1
42014,6
42015,2
42016,4
42017,5
42018,4
42019,4
42020,4
42021,2
42022,2
42023,2
42024,2
42025,2
42026,3
42027,4
42028,1
42029,1
42030,5
42031,5
42032,4
42033,1
42034,3
42035,2
42036,0
42037,2
42038,1
42039,1
42040,0
42041,1
42042,4
42043,3
42044,4
42045,2
42046,2
42047,5
42048,3
42049,3
42050,1
42051,2
42052,1
42053,3
42054,0
42055,2
42056,0
42057,3
42058,4
42059,3
42060,6
42061,3
42062,2
42063,2
42064,1
42065,0
42066,3
42067,1
42068,6
42069,4
42070,0
42071,6
42072,1
42073,4
42074,2
42075,3
42076,0
42077,1
42078,1
42079,0
42080,3
42081,2
42082,0
42083,4
42084,1
42085,5
42086,1
42087,3
42088,1
42089,2
42090,4
42091,3
42092,4
42093,4
42094,5
42095,4
42096,3
42097,3
42098,1
42099,5
42100,1
42101,2
42102,5
42103,0
42104,3
42105,5
42106,4
42107,0
42108,1
42109,5
42110,0
42111,3
42112,2
42113,6
42114,2
42115,4
42116,2
42117,5
42118,4
42119,5
42120,1
42121,1
42122,3
42123,2
42124,2
42125,6
42126,1
42127,7
42128,3
42129,1
42130,2
42131,2
42132,3
42133,7
42134,2
42135,4
42136,1
42137,3
42138,2
42139,6
42140,2
42141,3
42142,1
42143,5
42144,4
42145,4
42146,3
42147,0
42148,5
42149,2
42150,5
42151,2
42152,1
42153,0
42154,2
42155,0
42156,0
42157,1
42158,4
42159,1
42160,0
42161,0
42162,4
42163,1
42164,1
42165,7
42166,5
42167,5
42168,2
42169,0
42170,2
42171,6
42172,3
42173,3
42174,2
42175,2
42176,5
42177,1
42178,7
42179,3
42180,3
42181,1
42182,6
42183,3
42184,5
42185,2
42186,1
42187,2
42188,3
42189,4
42190,4
42191,6
42192,4
42193,3
42194,4
42195,0
42196,0
42197,4
42198,6
42199,2
42200,3
42201,2
42202,3
42203,6
42204,3
42205,0
42206,3
42207,3
42208,5
42209,0
42210,1
42211,1
42212,3
42213,7
42214,4
42215,2
42216,1
42217,4
42218,7
42219,3
42220,0
42221,2
42222,1
42223,4
42224,2
42225,2
42226,3
42227,5
42228,3
42229,6
42230,1
42231,1
42232,1
42233,1
42234,2
42235,3
42236,4
42237,1
42238,2
42239,1
42240,0
42241,3
42242,0
42243,5
42244,0
42245,4
42246,5
42247,5
42248,4
42249,3
42250,3
42251,2
42252,3
42253,1
42254,2
42255,3
42256,5
42257,3
42258,0
42259,4
42260,4
42261,3
42262,1
42263,0
42264,1
42265,3
42266,1
42267,3
42268,3
42269,2
42270,1
42271,4
42272,2
42273,2
42274,4
42275,1
42276,5
42277,0
42278,6
42279,2
42280,3
42281,1
42282,1
42283,0
42284,2
42285,2
42286,3
42287,0
42288,3
42289,6
42290,0
42291,3
42292,1
42293,1
42294,2
42295,2
42296,1
42297,4
42298,3
42299,3
42300,1
42301,2
42302,4
42303,2
42304,4
42305,4
42306,1
42307,4
42308,4
42309,3
42310,3
42311,5
42312,4
42313,4
42314,2
42315,1
42316,5
42317,4
42318,2
42319,3
42320,0
42321,3
42322,4
42323,3
42324,3
42325,0
42326,3
42327,5
42328,4
42329,2
42330,1
42331,2
42332,1
42333,7
42334,0
42335,3
42336,2
42337,3
42338,6
42339,4
42340,1
42341,3
42342,4
42343,3
42344,6
42345,2
42346,2
42347,2
42348,3
42349,4
42350,3
42351,2
42352,0
42353,0
42354,0
42355,0
42356,3
42357,1
42358,2
42359,0
42360,3
42361,2
42362,5
42363,1
42364,1
42365,5
42366,0
42367,3
42368,3
42369,2
42370,2
42371,6
42372,2
42373,3
42374,2
42375,3
42376,2
42377,0
42378,0
42379,2
42380,1
42381,2
42382,3
42383,4
42384,4
42385,4
42386,3
42387,4
42388,3
42389,7
42390,7
42391,1
42392,0
42393,4
42394,3
42395,6
42396,1
42397,7
42398,0
42399,2
42400,2
42401,0
42402,1
42403,3
42404,2
42405,4
42406,2
42407,1
42408,2
42409,4
42410,2
42411,4
42412,2
42413,3
42414,2
42415,4
42416,4
42417,3
42418,4
42419,0
42420,1
42421,1
42422,0
42423,0
42424,2
42425,3
42426,0
42427,1
42428,0
42429,3
42430,5
42431,0
42432,4
42433,6
42434,1
42435,6
42436,5
42437,0
42438,3
42439,1
42440,1
42441,3
42442,0
42443,5
42444,7
42445,1
42446,4
42447,1
42448,0
42449,2
42450,3
42451,1
42452,1
42453,3
42454,5
42455,3
42456,0
42457,0
42458,3
42459,3
42460,6
42461,4
42462,3
42463,1
42464,2
42465,3
42466,3
42467,4
42468,4
42469,0
42470,0
42471,5
42472,3
42473,2
42474,4
42475,4
42476,5
42477,3
42478,4
42479,4
42480,4
42481,3
42482,0
42483,1
42484,1
42485,6
42486,5
42487,2
42488,2
42489,2
42490,3
42491,4
42492,2
42493,7
42494,4
42495,5
42496,8
42497,2
42498,4
42499,3
42500,2
42501,3
42502,2
42503,3
42504,2
42505,1
42506,2
42507,4
42508,4
42509,4
42510,2
42511,2
42512,2
42513,1
42514,3
42515,2
42516,3
42517,1
42518,1
42519,2
42520,3
42521,1
42522,2
42523,0
42524,1
42525,2
42526,5
42527,0
42528,2
42529,3
42530,2
42531,1
42532,1
42533,1
42534,1
42535,2
42536,3
42537,0
42538,2
42539,6
42540,4
42541,4
42542,0
42543,3
42544,3
42545,4
42546,2
42547,6
42548,3
42549,5
42550,0
42551,1
42552,2
42553,6
42554,5
42555,3
42556,6
42557,5
42558,2
42559,3
42560,2
42561,1
42562,3
42563,6
42564,3
42565,0
42566,1
42567,1
42568,3
42569,3
42570,4
42571,4
42572,5
42573,0
42574,5
42575,2
42576,1
42577,2
42578,3
42579,1
42580,0
42581,2
42582,5
42583,5
42584,1
42585,0
42586,1
42587,0
42588,2
42589,3
42590,2
42591,2
42592,5
42593,2
42594,2
42595,3
42596,3
42597,2
42598,4
42599,0
42600,4
42601,1
42602,0
42603,1
42604,5
42605,0
42606,3
42607,2
42608,2
42609,2
42610,4
42611,4
42612,4
42613,2
42614,3
42615,5
42616,3
42617,0
42618,3
42619,3
42620,2
42621,0
42622,3
42623,2
42624,5
42625,1
42626,2
42627,3
42628,1
42629,4
42630,6
42631,0
42632,2
42633,0
42634,2
42635,1
42636,6
42637,0
42638,0
42639,2
42640,3
42641,4
42642,0
42643,4
42644,1
42645,1
42646,5
42647,2
42648,3
42649,2
42650,1
42651,2
42652,2
42653,4
42654,3
42655,5
42656,3
42657,1
42658,3
42659,2
42660,2
42661,2
42662,3
42663,0
42664,5
42665,1
42666,0
42667,3
42668,3
42669,1
42670,0
42671,2
42672,4
42673,0
42674,6
42675,2
42676,4
42677,3
42678,2
42679,4
42680,1
42681,2
42682,0
42683,4
42684,3
42685,4
42686,4
42687,2
42688,5
42689,4
42690,1
42691,3
42692,3
42693,0
42694,5
42695,0
42696,3
42697,4
42698,0
42699,1
42700,5
42701,8
42702,1
42703,2
42704,3
42705,2
42706,3
42707,6
42708,1
42709,2
42710,2
42711,5
42712,0
42713,2
42714,2
42715,1
42716,0
42717,2
42718,4
42719,5
42720,1
42721,1
42722,2
42723,5
42724,2
42725,7
42726,2
42727,7
42728,6
42729,3
42730,0
42731,0
42732,0
42733,0
42734,3
42735,2
42736,1
42737,0
42738,6
42739,3
42740,1
42741,2
42742,2
42743,2
42744,1
42745,3
42746,0
42747,1
42748,5
42749,2
42750,5
42751,3
42752,5
42753,2
42754,3
42755,3
42756,5
42757,3
42758,2
42759,2
42760,5
42761,1
42762,4
42763,0
42764,0
42765,0
42766,3
42767,2
42768,5
42769,0
42770,1
42771,6
42772,2
42773,1
42774,0
42775,0
42776,1
42777,1
42778,3
42779,4
42780,1
42781,3
42782,2
42783,1
42784,2
42785,3
42786,1
42787,5
42788,2
42789,3
42790,2
42791,2
42792,2
42793,1
42794,4
42795,3
42796,3
42797,0
42798,0
42799,4
42800,4
42801,3
42802,4
42803,2
42804,3
42805,6
42806,3
42807,3
42808,0
42809,2
42810,3
42811,2
42812,1
42813,2
42814,3
42815,2
42816,5
42817,7
42818,0
42819,4
42820,1
42821,6
42822,3
42823,2
42824,6
42825,2
42826,6
42827,3
42828,5
42829,1
42830,1
42831,2
42832,3
42833,2
42834,0
42835,4
42836,1
42837,0
42838,1
42839,7
42840,4
42841,4
42842,0
42843,3
42844,2
42845,3
42846,0
42847,0
42848,0
42849,2
42850,5
42851,3
42852,4
42853,2
42854,6
42855,3
42856,6
42857,2
42858,3
42859,2
42860,2
42861,0
42862,2
42863,1
42864,3
42865,5
42866,5
42867,3
42868,3
42869,2
42870,5
42871,3
42872,2
42873,0
42874,1
42875,0
42876,2
42877,7
42878,2
42879,2
42880,3
42881,4
42882,1
42883,2
42884,3
42885,3
42886,3
42887,1
42888,1
42889,4
42890,3
42891,5
42892,3
42893,1
42894,5
42895,3
42896,4
42897,4
42898,1
42899,3
42900,5
42901,2
42902,2
42903,1
42904,3
42905,3
42906,2
42907,5
42908,3
42909,1
42910,0
42911,2
42912,5
42913,1
42914,5
42915,3
42916,2
42917,1
42918,0
42919,2
42920,2
42921,1
42922,3
42923,3
42924,3
42925,3
42926,3
42927,0
42928,3
42929,2
42930,7
42931,4
42932,6
42933,5
42934,3
42935,1
42936,2
42937,5
42938,2
42939,2
42940,4
42941,6
42942,4
42943,2
42944,2
42945,7
42946,4
42947,0
42948,3
42949,5
42950,2
42951,0
42952,1
42953,3
42954,0
42955,4
42956,2
42957,4
42958,2
42959,1
42960,5
42961,1
42962,3
42963,6
42964,0
42965,1
42966,0
42967,0
42968,2
42969,2
42970,2
42971,3
42972,6
42973,0
42974,3
42975,2
42976,1
42977,2
42978,1
42979,2
42980,2
42981,3
42982,2
42983,1
42984,1
42985,2
42986,3
42987,0
42988,3
42989,4
42990,4
42991,0
42992,5
42993,1
42994,4
42995,2
42996,6
42997,4
42998,2
42999,2
43000,4
43001,0
43002,0
43003,5
43004,3
43005,0
43006,3
43007,5
43008,0
43009,1
43010,1
43011,1
43012,2
43013,6
43014,4
43015,4
43016,3
43017,1
43018,1
43019,2
43020,5
43021,1
43022,4
43023,1
43024,3
43025,4
43026,3
43027,6
43028,1
43029,2
43030,1
43031,5
43032,1
43033,2
43034,6
43035,1
43036,5
43037,3
43038,2
43039,5
43040,4
43041,3
43042,0
43043,4
43044,0
43045,3
43046,1
43047,0
43048,6
43049,1
43050,2
43051,1
43052,3
43053,3
43054,3
43055,1
43056,3
43057,1
43058,3
43059,2
43060,3
43061,3
43062,2
43063,1
43064,1
43065,7
43066,1
43067,0
43068,4
43069,1
43070,1
43071,3
43072,2
43073,5
43074,3
43075,4
43076,3
43077,4
43078,2
43079,6
43080,2
43081,2
43082,3
43083,2
43084,4
43085,0
43086,3
43087,2
43088,0
43089,0
43090,2
43091,1
43092,0
43093,5
43094,3
43095,7
43096,4
43097,0
43098,2
43099,3
43100,6
43101,2
43102,5
43103,4
43104,4
43105,3
43106,1
43107,4
43108,2
43109,2
43110,1
43111,3
43112,3
43113,5
43114,2
43115,3
43116,4
43117,2
43118,6
43119,5
43120,1
43121,5
43122,2
43123,1
43124,1
43125,5
43126,2
43127,4
43128,2
43129,1
43130,0
43131,2
43132,2
43133,3
43134,1
43135,3
43136,0
43137,1
43138,2
43139,2
43140,3
43141,9
43142,0
43143,5
43144,3
43145,3
43146,2
43147,0
43148,0
43149,1
43150,1
43151,0
43152,1
43153,1
43154,1
43155,4
43156,1
43157,1
43158,2
43159,2
43160,1
43161,2
43162,2
43163,0
43164,2
43165,1
43166,4
43167,1
43168,0
43169,2
43170,5
43171,3
43172,6
43173,3
43174,2
43175,5
43176,3
43177,2
43178,3
43179,1
43180,3
43181,1
43182,3
43183,7
43184,2
43185,4
43186,0
43187,3
43188,2
43189,2
43190,1
43191,0
43192,0
43193,2
43194,0
43195,2
43196,5
43197,5
43198,2
43199,0
43200,2
43201,4
43202,3
43203,1
43204,1
43205,2
43206,4
43207,1
43208,3
43209,1
43210,5
43211,8
43212,1
43213,4
43214,4
43215,2
43216,4
43217,3
43218,0
43219,0
43220,4
43221,0
43222,2
43223,2
43224,5
43225,2
43226,1
43227,2
43228,2
43229,4
43230,2
43231,3
43232,6
43233,7
43234,7
43235,5
43236,6
43237,2
43238,4
43239,3
43240,2
43241,2
43242,3
43243,1
43244,6
43245,2
43246,4
43247,2
43248,0
43249,2
43250,2
43251,2
43252,1
43253,6
43254,2
43255,1
43256,1
43257,0
43258,5
43259,5
43260,2
43261,2
43262,3
43263,0
43264,0
43265,6
43266,1
43267,0
43268,1
43269,5
43270,0
43271,3
43272,2
43273,3
43274,3
43275,5
43276,1
43277,1
43278,3
43279,2
43280,4
43281,3
43282,1
43283,3
43284,4
43285,5
43286,3
43287,1
43288,1
43289,3
43290,2
43291,5
43292,1
43293,4
43294,2
43295,0
43296,2
43297,3
43298,4
43299,4
43300,2
43301,4
43302,1
43303,3
43304,3
43305,2
43306,5
43307,2
43308,2
43309,2
43310,0
43311,0
43312,5
43313,1
43314,4
43315,1
43316,0
43317,8
43318,3
43319,1
43320,2
43321,1
43322,5
43323,1
43324,0
43325,3
43326,3
43327,1
43328,4
43329,2
43330,4
43331,5
43332,2
43333,3
43334,6
43335,1
43336,0
43337,5
43338,2
43339,4
43340,1
43341,5
43342,4
43343,1
43344,2
43345,4
43346,4
43347,4
43348,2
43349,6
43350,6
43351,5
43352,0
43353,2
43354,2
43355,2
43356,6
43357,3
43358,1
43359,5
43360,3
43361,6
43362,3
43363,3
43364,2
43365,3
43366,3
43367,3
43368,1
43369,4
43370,3
43371,6
43372,6
43373,2
43374,0
43375,0
43376,0
43377,4
43378,3
43379,3
43380,1
43381,1
43382,2
43383,2
43384,3
43385,3
43386,1
43387,5
43388,5
43389,1
43390,4
43391,3
43392,2
43393,4
43394,2
43395,2
43396,6
43397,0
43398,3
43399,1
43400,5
43401,2
43402,3
43403,2
43404,2
43405,1
43406,6
43407,4
43408,3
43409,1
43410,1
43411,3
43412,3
43413,2
43414,2
43415,6
43416,6
43417,4
43418,3
43419,4
43420,1
43421,2
43422,4
43423,4
43424,3
43425,2
43426,4
43427,4
43428,6
43429,5
43430,3
43431,1
43432,1
43433,4
43434,0
43435,8
43436,3
43437,2
43438,2
43439,0
43440,5
43441,6
43442,7
43443,3
43444,2
43445,3
43446,4
43447,3
43448,3
43449,5
43450,0
43451,3
43452,4
43453,4
43454,3
43455,3
43456,4
43457,6
43458,2
43459,2
43460,2
43461,6
43462,0
43463,3
43464,2
43465,2
43466,3
43467,1
43468,2
43469,1
43470,0
43471,1
43472,3
43473,1
43474,2
43475,0
43476,2
43477,0
43478,2
43479,4
43480,2
43481,0
43482,3
43483,2
43484,2
43485,2
43486,3
43487,3
43488,2
43489,0
43490,1
43491,2
43492,4
43493,1
43494,6
43495,0
43496,3
43497,6
43498,6
43499,4
43500,0
43501,3
43502,2
43503,3
43504,2
43505,1
43506,3
43507,4
43508,2
43509,4
43510,4
43511,2
43512,2
43513,3
43514,3
43515,4
43516,2
43517,4
43518,5
43519,3
43520,1
43521,2
43522,3
43523,5
43524,3
43525,7
43526,2
43527,1
43528,5
43529,3
43530,2
43531,3
43532,3
43533,2
43534,5
43535,3
43536,1
43537,3
43538,2
43539,3
43540,5
43541,0
43542,0
43543,7
43544,4
43545,1
43546,2
43547,2
43548,0
43549,2
43550,2
43551,2
43552,1
43553,2
43554,2
43555,1
43556,1
43557,3
43558,4
43559,2
43560,2
43561,2
43562,4
43563,5
43564,2
43565,4
43566,5
43567,4
43568,2
43569,4
43570,3
43571,5
43572,4
43573,3
43574,1
43575,3
43576,2
43577,4
43578,2
43579,3
43580,1
43581,1
43582,1
43583,2
43584,3
43585,3
43586,0
43587,4
43588,2
43589,2
43590,0
43591,2
43592,2
43593,3
43594,1
43595,3
43596,2
43597,1
43598,5
43599,5
43600,1
43601,4
43602,2
43603,2
43604,4
43605,3
43606,0
43607,3
43608,4
43609,1
43610,5
43611,1
43612,2
43613,1
43614,3
43615,0
43616,2
43617,4
43618,2
43619,3
43620,2
43621,1
43622,4
43623,2
43624,0
43625,0
43626,1
43627,1
43628,0
43629,5
43630,0
43631,3
43632,7
43633,0
43634,1
43635,2
43636,1
43637,1
43638,3
43639,5
43640,1
43641,2
43642,4
43643,1
43644,0
43645,0
43646,1
43647,3
43648,2
43649,2
43650,3
43651,2
43652,3
43653,3
43654,0
43655,5
43656,1
43657,3
43658,0
43659,2
43660,0
43661,6
43662,3
43663,2
43664,1
43665,3
43666,0
43667,5
43668,1
43669,3
43670,2
43671,1
43672,0
43673,0
43674,0
43675,2
43676,1
43677,5
43678,0
43679,1
43680,4
43681,1
43682,2
43683,0
43684,6
43685,2
43686,5
43687,3
43688,6
43689,2
43690,0
43691,3
43692,4
43693,1
43694,1
43695,2
43696,5
43697,0
43698,1
43699,4
43700,3
43701,1
43702,1
43703,1
43704,1
43705,2
43706,0
43707,0
43708,0
43709,2
43710,1
43711,4
43712,7
43713,2
43714,4
43715,3
43716,3
43717,3
43718,1
43719,1
43720,0
43721,2
43722,1
43723,0
43724,1
43725,0
43726,3
43727,1
43728,3
43729,0
43730,3
43731,2
43732,3
43733,1
43734,2
43735,2
43736,7
43737,1
43738,2
43739,5
43740,4
43741,7
43742,1
43743,4
43744,4
43745,3
43746,0
43747,2
43748,4
43749,3
43750,2
43751,2
43752,1
43753,6
43754,6
43755,0
43756,2
43757,0
43758,1
43759,3
43760,2
43761,5
43762,3
43763,4
43764,2
43765,4
43766,5
43767,2
43768,0
43769,1
43770,1
43771,0
43772,2
43773,2
43774,6
43775,3
43776,5
43777,3
43778,5
43779,0
43780,2
43781,0
43782,1
43783,7
43784,0
43785,6
43786,3
43787,0
43788,5
43789,0
43790,1
43791,0
43792,2
43793,2
43794,0
43795,0
43796,6
43797,4
43798,4
43799,4
43800,5
43801,2
43802,3
43803,5
43804,3
43805,2
43806,2
43807,7
43808,4
43809,3
43810,1
43811,6
43812,1
43813,3
43814,3
43815,5
43816,3
43817,7
43818,3
43819,5
43820,4
43821,3
43822,2
43823,0
43824,2
43825,0
43826,3
43827,1
43828,3
43829,6
43830,2
43831,2
43832,5
43833,2
43834,2
43835,2
43836,4
43837,3
43838,1
43839,6
43840,6
43841,5
43842,2
43843,3
43844,1
43845,6
43846,0
43847,3
43848,0
43849,3
43850,5
43851,5
43852,4
43853,1
43854,0
43855,3
43856,1
43857,3
43858,3
43859,3
43860,3
43861,0
43862,3
43863,1
43864,6
43865,3
43866,3
43867,2
43868,1
43869,4
43870,6
43871,0
43872,0
43873,4
43874,2
43875,2
43876,2
43877,0
43878,6
43879,2
43880,3
43881,6
43882,5
43883,2
43884,0
43885,2
43886,4
43887,2
43888,5
43889,1
43890,5
43891,4
43892,4
43893,3
43894,5
43895,0
43896,1
43897,2
43898,6
43899,2
43900,1
43901,4
43902,4
43903,4
43904,2
43905,1
43906,0
43907,2
43908,3
43909,0
43910,4
43911,0
43912,4
43913,0
43914,1
43915,1
43916,6
43917,2
43918,1
43919,3
43920,3
43921,2
43922,1
43923,0
43924,0
43925,1
43926,3
43927,4
43928,3
43929,3
43930,0
43931,6
43932,2
43933,2
43934,2
43935,2
43936,1
43937,4
43938,5
43939,1
43940,3
43941,1
43942,4
43943,2
43944,2
43945,2
43946,4
43947,1
43948,1
43949,4
43950,4
43951,4
43952,1
43953,0
43954,1
43955,1
43956,4
43957,1
43958,0
43959,4
43960,2
43961,4
43962,2
43963,0
43964,0
43965,3
43966,5
43967,4
43968,5
43969,1
43970,2
43971,4
43972,2
43973,3
43974,2
43975,6
43976,3
43977,3
43978,1
43979,5
43980,4
43981,1
43982,0
43983,3
43984,0
43985,2
43986,2
43987,1
43988,5
43989,1
43990,2
43991,4
43992,2
43993,2
43994,3
43995,2
43996,1
43997,3
43998,2
43999,4
44000,0
44001,1
44002,2
44003,1
44004,0
44005,1
44006,2
44007,6
44008,2
44009,5
44010,3
44011,2
44012,1
44013,5
44014,3
44015,2
44016,2
44017,2
44018,1
44019,2
44020,3
44021,3
44022,4
44023,5
44024,5
44025,0
44026,3
44027,1
44028,4
44029,2
44030,2
44031,4
44032,3
44033,2
44034,3
44035,2
44036,5
44037,1
44038,4
44039,5
44040,0
44041,1
44042,4
44043,2
44044,3
44045,3
44046,3
44047,0
44048,0
44049,1
44050,4
44051,4
44052,3
44053,3
44054,1
44055,1
44056,3
44057,3
44058,1
44059,3
44060,0
44061,5
44062,1
44063,2
44064,1
44065,3
44066,2
44067,3
44068,1
44069,2
44070,5
44071,0
44072,1
44073,2
44074,2
44075,5
44076,4
44077,0
44078,0
44079,4
44080,2
44081,4
44082,1
44083,6
44084,2
44085,4
44086,3
44087,2
44088,5
44089,2
44090,3
44091,3
44092,1
44093,4
44094,5
44095,2
44096,3
44097,2
44098,5
44099,1
44100,3
44101,3
44102,0
44103,3
44104,1
44105,3
44106,0
44107,0
44108,5
44109,3
44110,3
44111,3
44112,3
44113,3
44114,1
44115,5
44116,0
44117,0
44118,3
44119,2
44120,0
44121,4
44122,0
44123,0
44124,3
44125,2
44126,5
44127,5
44128,4
44129,5
44130,2
44131,4
44132,1
44133,1
44134,3
44135,0
44136,1
44137,2
44138,0
44139,2
44140,2
44141,3
44142,3
44143,3
44144,2
44145,2
44146,1
44147,7
44148,3
44149,3
44150,3
44151,6
44152,5
44153,2
44154,0
44155,4
44156,5
44157,4
44158,1
44159,1
44160,2
44161,0
44162,4
44163,5
44164,2
44165,3
44166,2
44167,4
44168,2
44169,1
44170,0
44171,3
44172,1
44173,3
44174,1
44175,3
44176,1
44177,3
44178,5
44179,5
44180,2
44181,5
44182,1
44183,3
44184,3
44185,4
44186,1
44187,2
44188,1
44189,1
44190,2
44191,0
44192,0
44193,1
44194,3
44195,2
44196,5
44197,0
44198,5
44199,3
44200,2
44201,2
44202,5
44203,0
44204,2
44205,0
44206,4
44207,4
44208,1
44209,2
44210,7
44211,4
44212,0
44213,2
44214,5
44215,3
44216,1
44217,4
44218,2
44219,6
44220,2
44221,3
44222,0
44223,4
44224,0
44225,5
44226,3
44227,2
44228,4
44229,2
44230,7
44231,0
44232,3
44233,0
44234,5
44235,3
44236,5
44237,2
44238,0
44239,3
44240,1
44241,2
44242,1
44243,4
44244,3
44245,1
44246,2
44247,6
44248,0
44249,7
44250,0
44251,2
44252,3
44253,2
44254,3
44255,2
44256,1
44257,5
44258,3
44259,0
44260,6
44261,5
44262,4
44263,4
44264,0
44265,2
44266,1
44267,2
44268,2
44269,1
44270,2
44271,0
44272,0
44273,1
44274,4
44275,4
44276,2
44277,2
44278,1
44279,1
44280,7
44281,4
44282,2
44283,1
44284,4
44285,7
44286,4
44287,4
44288,1
44289,4
44290,1
44291,2
44292,2
44293,4
44294,2
44295,1
44296,4
44297,6
44298,3
44299,3
44300,0
44301,6
44302,4
44303,1
44304,3
44305,0
44306,2
44307,2
44308,1
44309,1
44310,2
44311,0
44312,3
44313,6
44314,4
44315,5
44316,1
44317,2
44318,5
44319,3
44320,2
44321,1
44322,5
44323,3
44324,0
44325,3
44326,4
44327,1
44328,3
44329,3
44330,1
44331,2
44332,4
44333,0
44334,2
44335,1
44336,6
44337,3
44338,1
44339,1
44340,2
44341,7
44342,0
44343,5
44344,1
44345,4
44346,4
44347,2
44348,2
44349,4
44350,1
44351,0
44352,1
44353,5
44354,7
44355,3
44356,1
44357,0
44358,0
44359,5
44360,0
44361,5
44362,6
44363,1
44364,1
44365,2
44366,0
44367,5
44368,2
44369,1
44370,4
44371,0
44372,2
44373,4
44374,0
44375,1
44376,3
44377,4
44378,2
44379,3
44380,1
44381,1
44382,3
44383,1
44384,4
44385,4
44386,3
44387,5
44388,4
44389,1
44390,5
44391,2
44392,5
44393,3
44394,5
44395,2
44396,3
44397,2
44398,3
44399,3
44400,3
44401,2
44402,4
44403,4
44404,2
44405,4
44406,2
44407,2
44408,1
44409,2
44410,2
44411,1
44412,2
44413,3
44414,4
44415,1
44416,3
44417,5
44418,0
44419,2
44420,7
44421,2
44422,1
44423,2
44424,2
44425,3
44426,1
44427,2
44428,4
44429,7
44430,2
44431,0
44432,1
44433,3
44434,0
44435,3
44436,1
44437,0
44438,3
44439,2
44440,0
44441,4
44442,4
44443,4
44444,6
44445,1
44446,1
44447,5
44448,3
44449,2
44450,3
44451,4
44452,1
44453,2
44454,2
44455,0
44456,1
44457,1
44458,3
44459,5
44460,2
44461,1
44462,7
44463,2
44464,2
44465,4
44466,0
44467,4
44468,3
44469,2
44470,1
44471,5
44472,1
44473,1
44474,4
44475,3
44476,5
44477,2
44478,4
44479,3
44480,2
44481,2
44482,1
44483,0
44484,1
44485,1
44486,1
44487,5
44488,3
44489,3
44490,0
44491,3
44492,3
44493,3
44494,0
44495,2
44496,5
44497,1
44498,3
44499,4
44500,1
44501,6
44502,6
44503,3
44504,2
44505,2
44506,8
44507,1
44508,2
44509,2
44510,3
44511,3
44512,4
44513,3
44514,0
44515,1
44516,1
44517,2
44518,1
44519,3
44520,1
44521,2
44522,1
44523,6
44524,2
44525,3
44526,5
44527,2
44528,2
44529,3
44530,1
44531,1
44532,1
44533,5
44534,2
44535,2
44536,1
44537,1
44538,1
44539,2
44540,5
44541,2
44542,4
44543,2
44544,4
44545,0
44546,2
44547,0
44548,2
44549,3
44550,1
44551,0
44552,1
44553,0
44554,4
44555,2
44556,0
44557,3
44558,6
44559,3
44560,3
44561,5
44562,3
44563,4
44564,0
44565,0
44566,2
44567,2
44568,0
44569,3
44570,5
44571,1
44572,2
44573,3
44574,1
44575,1
44576,1
44577,4
44578,2
44579,1
44580,5
44581,4
44582,5
44583,4
44584,2
44585,0
44586,2
44587,2
44588,4
44589,2
44590,1
44591,0
44592,2
44593,2
44594,2
44595,3
44596,2
44597,5
44598,3
44599,3
44600,6
44601,5
44602,1
44603,4
44604,0
44605,2
44606,3
44607,4
44608,7
44609,1
44610,3
44611,4
44612,3
44613,2
44614,2
44615,2
44616,4
44617,3
44618,3
44619,5
44620,0
44621,3
44622,5
44623,2
44624,6
44625,6
44626,4
44627,4
44628,4
44629,1
44630,2
44631,3
44632,1
44633,5
44634,0
44635,2
44636,5
44637,4
44638,5
44639,1
44640,1
44641,0
44642,6
44643,1
44644,6
44645,2
44646,1
44647,2
44648,1
44649,1
44650,1
44651,1
44652,2
44653,0
44654,4
44655,5
44656,1
44657,3
44658,0
44659,7
44660,1
44661,3
44662,1
44663,3
44664,3
44665,0
44666,6
44667,1
44668,2
44669,6
44670,2
44671,3
44672,1
44673,8
44674,4
44675,5
44676,5
44677,4
44678,4
44679,4
44680,1
44681,2
44682,4
44683,3
44684,2
44685,6
44686,5
44687,3
44688,3
44689,4
44690,1
44691,2
44692,1
44693,3
44694,2
44695,3
44696,3
44697,2
44698,2
44699,1
44700,1
44701,3
44702,4
44703,1
44704,4
44705,2
44706,5
44707,1
44708,3
44709,6
44710,3
44711,0
44712,5
44713,0
44714,1
44715,2
44716,5
44717,2
44718,2
44719,5
44720,3
44721,6
44722,3
44723,0
44724,3
44725,0
44726,6
44727,2
44728,6
44729,2
44730,2
44731,0
44732,3
44733,4
44734,0
44735,8
44736,2
44737,1
44738,3
44739,5
44740,3
44741,2
44742,1
44743,4
44744,1
44745,3
44746,2
44747,5
44748,6
44749,2
44750,3
44751,2
44752,5
44753,1
44754,1
44755,3
44756,4
44757,0
44758,1
44759,0
44760,3
44761,0
44762,6
44763,3
44764,3
44765,4
44766,4
44767,5
44768,4
44769,0
44770,3
44771,1
44772,2
44773,1
44774,5
44775,3
44776,1
44777,1
44778,1
44779,5
44780,3
44781,3
44782,3
44783,2
44784,1
44785,1
44786,2
44787,0
44788,5
44789,2
44790,2
44791,5
44792,3
44793,1
44794,3
44795,5
44796,4
44797,2
44798,2
44799,0
44800,4
44801,3
44802,5
44803,0
44804,1
44805,6
44806,2
44807,4
44808,3
44809,2
44810,6
44811,1
44812,3
44813,5
44814,1
44815,3
44816,0
44817,3
44818,5
44819,1
44820,1
44821,2
44822,4
44823,3
44824,4
44825,2
44826,2
44827,5
44828,4
44829,5
44830,2
44831,3
44832,2
44833,5
44834,3
44835,8
44836,0
44837,0
44838,2
44839,2
44840,2
44841,2
44842,0
44843,2
44844,2
44845,5
44846,0
44847,6
44848,5
44849,7
44850,4
44851,7
44852,5
44853,4
44854,1
44855,4
44856,3
44857,2
44858,2
44859,1
44860,2
44861,6
44862,0
44863,1
44864,2
44865,3
44866,1
44867,1
44868,3
44869,1
44870,2
44871,2
44872,3
44873,5
44874,1
44875,5
44876,5
44877,1
44878,3
44879,7
44880,6
44881,1
44882,0
44883,6
44884,0
44885,1
44886,6
44887,1
44888,2
44889,0
44890,6
44891,3
44892,5
44893,2
44894,4
44895,2
44896,5
44897,4
44898,0
44899,1
44900,6
44901,0
44902,3
44903,1
44904,1
44905,6
44906,1
44907,5
44908,3
44909,3
44910,4
44911,2
44912,6
44913,1
44914,3
44915,1
44916,1
44917,0
44918,1
44919,2
44920,4
44921,5
44922,4
44923,4
44924,5
44925,1
44926,4
44927,1
44928,2
44929,2
44930,3
44931,2
44932,6
44933,6
44934,0
44935,5
44936,3
44937,2
44938,1
44939,2
44940,6
44941,3
44942,3
44943,0
44944,2
44945,7
44946,3
44947,4
44948,2
44949,2
44950,2
44951,3
44952,3
44953,1
44954,2
44955,3
44956,2
44957,4
44958,2
44959,7
44960,3
44961,2
44962,4
44963,2
44964,3
44965,3
44966,1
44967,4
44968,5
44969,1
44970,3
44971,1
44972,1
44973,7
44974,5
44975,8
44976,4
44977,2
44978,0
44979,4
44980,3
44981,2
44982,5
44983,2
44984,1
44985,3
44986,1
44987,2
44988,2
44989,3
44990,3
44991,3
44992,2
44993,2
44994,1
44995,0
44996,2
44997,3
44998,4
44999,3
45000,3
45001,3
45002,4
45003,1
45004,1
45005,3
45006,0
45007,6
45008,6
45009,3
45010,4
45011,0
45012,2
45013,5
45014,2
45015,0
45016,5
45017,7
45018,6
45019,5
45020,2
45021,3
45022,2
45023,4
45024,4
45025,5
45026,2
45027,0
45028,2
45029,0
45030,2
45031,3
45032,1
45033,3
45034,4
45035,3
45036,5
45037,4
45038,0
45039,1
45040,5
45041,4
45042,1
45043,0
45044,1
45045,5
45046,0
45047,2
45048,2
45049,3
45050,1
45051,1
45052,2
45053,1
45054,4
45055,0
45056,6
45057,1
45058,1
45059,1
45060,2
45061,0
45062,2
45063,3
45064,5
45065,4
45066,0
45067,1
45068,1
45069,5
45070,3
45071,3
45072,3
45073,7
45074,7
45075,3
45076,4
45077,2
45078,2
45079,6
45080,1
45081,0
45082,0
45083,1
45084,3
45085,1
45086,4
45087,1
45088,3
45089,6
45090,7
45091,2
45092,5
45093,5
45094,0
45095,2
45096,0
45097,2
45098,2
45099,2
45100,5
45101,1
45102,5
45103,2
45104,3
45105,1
45106,3
45107,2
45108,5
45109,0
45110,3
45111,2
45112,3
45113,3
45114,5
45115,3
45116,3
45117,2
45118,2
45119,4
45120,2
45121,3
45122,3
45123,3
45124,6
45125,4
45126,2
45127,3
45128,1
45129,6
45130,2
45131,2
45132,5
45133,6
45134,6
45135,4
45136,3
45137,2
45138,1
45139,3
45140,3
45141,1
45142,3
45143,2
45144,1
45145,0
45146,5
45147,2
45148,4
45149,4
45150,0
45151,5
45152,1
45153,3
45154,4
45155,1
45156,2
45157,5
45158,2
45159,3
45160,3
45161,1
45162,5
45163,3
45164,3
45165,2
45166,5
45167,1
45168,3
45169,4
45170,6
45171,4
45172,1
45173,1
45174,8
45175,2
45176,3
45177,4
45178,3
45179,3
45180,5
45181,1
45182,5
45183,3
45184,2
45185,5
45186,3
45187,0
45188,4
45189,1
45190,3
45191,0
45192,1
45193,3
45194,2
45195,2
45196,4
45197,2
45198,2
45199,3
45200,2
45201,0
45202,4
45203,1
45204,0
45205,4
45206,2
45207,2
45208,4
45209,0
45210,3
45211,2
45212,1
45213,3
45214,4
45215,4
45216,0
45217,2
45218,2
45219,3
45220,2
45221,3
45222,2
45223,0
45224,0
45225,4
45226,1
45227,2
45228,4
45229,1
45230,2
45231,2
45232,1
45233,0
45234,4
45235,3
45236,8
45237,4
45238,1
45239,2
45240,1
45241,1
45242,3
45243,6
45244,1
45245,1
45246,5
45247,2
45248,3
45249,2
45250,3
45251,0
45252,2
45253,2
45254,1
45255,0
45256,2
45257,0
45258,2
45259,1
45260,2
45261,3
45262,2
45263,2
45264,2
45265,1
45266,5
45267,4
45268,4
45269,2
45270,3
45271,4
45272,2
45273,2
45274,5
45275,4
45276,1
45277,0
45278,2
45279,2
45280,0
45281,6
45282,1
45283,2
45284,2
45285,2
45286,2
45287,5
45288,3
45289,4
45290,1
45291,1
45292,3
45293,2
45294,3
45295,4
45296,5
45297,1
45298,2
45299,2
45300,4
45301,2
45302,0
45303,3
45304,4
45305,3
45306,4
45307,3
45308,4
45309,2
45310,2
45311,2
45312,4
45313,4
45314,0
45315,1
45316,1
45317,2
45318,2
45319,4
45320,6
45321,3
45322,2
45323,5
45324,5
45325,2
45326,0
45327,4
45328,2
45329,8
45330,3
45331,2
45332,0
45333,1
45334,2
45335,1
45336,2
45337,1
45338,4
45339,2
45340,1
45341,2
45342,4
45343,2
45344,5
45345,1
45346,3
45347,1
45348,4
45349,3
45350,3
45351,3
45352,1
45353,0
45354,3
45355,2
45356,5
45357,2
45358,3
45359,1
45360,2
45361,3
45362,5
45363,7
45364,4
45365,5
45366,1
45367,4
45368,3
45369,4
45370,5
45371,6
45372,3
45373,3
45374,1
45375,3
45376,1
45377,6
45378,2
45379,4
45380,4
45381,3
45382,2
45383,6
45384,5
45385,0
45386,5
45387,2
45388,6
45389,5
45390,5
45391,1
45392,1
45393,3
45394,1
45395,3
45396,4
45397,0
45398,7
45399,0
45400,2
45401,1
45402,4
45403,3
45404,4
45405,4
45406,0
45407,6
45408,5
45409,4
45410,3
45411,0
45412,2
45413,3
45414,7
45415,2
45416,2
45417,6
45418,4
45419,4
45420,1
45421,1
45422,0
45423,1
45424,2
45425,1
45426,4
45427,4
45428,2
45429,4
45430,4
45431,2
45432,1
45433,3
45434,6
45435,5
45436,3
45437,0
45438,2
45439,2
45440,3
45441,3
45442,3
45443,3
45444,5
45445,2
45446,0
45447,7
45448,4
45449,2
45450,0
45451,0
45452,3
45453,1
45454,3
45455,3
45456,2
45457,1
45458,1
45459,2
45460,4
45461,1
45462,3
45463,2
45464,2
45465,4
45466,1
45467,3
45468,4
45469,1
45470,2
45471,0
45472,2
45473,5
45474,0
45475,3
45476,1
45477,2
45478,0
45479,3
45480,5
45481,0
45482,6
45483,0
45484,3
45485,4
45486,7
45487,2
45488,3
45489,4
45490,5
45491,5
45492,5
45493,1
45494,3
45495,4
45496,7
45497,1
45498,0
45499,2
45500,1
45501,4
45502,2
45503,6
45504,1
45505,4
45506,3
45507,0
45508,4
45509,4
45510,0
45511,2
45512,2
45513,2
45514,1
45515,1
45516,7
45517,2
45518,2
45519,4
45520,0
45521,0
45522,3
45523,4
45524,4
45525,4
45526,0
45527,7
45528,3
45529,4
45530,4
45531,7
45532,1
45533,3
45534,3
45536,2
45537,3
45538,3
45539,3
45540,1
45541,3
45542,4
45543,1
45544,3
45545,3
45546,1
45547,4
45548,6
45549,5
45550,3
45551,2
45552,3
45553,6
45554,1
45555,5
45556,3
45557,1
45558,0
45559,2
45560,3
45561,5
45562,2
45563,3
45564,0
45565,2
45566,0
45567,3
45568,4
45569,7
45570,6
45571,4
45572,2
45573,2
45574,5
45575,5
45576,4
45577,0
45578,3
45579,3
45580,5
45581,2
45582,6
45583,2
45584,2
45585,0
45586,1
45587,2
45588,1
45589,3
45590,3
45591,4
45592,3
45593,1
45594,2
45595,2
45596,4
45597,6
45598,2
45599,7
45600,5
45601,2
45602,1
45603,0
45604,1
45605,0
45606,6
45607,1
45608,4
45609,0
45610,3
45611,2
45612,2
45613,1
45614,4
45615,2
45616,1
45617,1
45618,5
45619,4
45620,4
45621,1
45622,2
45623,2
45624,2
45625,2
45626,1
45627,2
45628,5
45629,1
45630,5
45631,1
45632,3
45633,2
45634,3
45635,1
45636,5
45637,4
45638,5
45639,0
45640,2
45641,1
45642,2
45643,2
45644,6
45645,5
45646,7
45647,4
45648,4
45649,3
45650,2
45651,1
45652,5
45653,3
45654,2
45655,2
45656,3
45657,2
45658,3
45659,3
45660,2
45661,3
45662,4
45663,3
45664,5
45665,3
45666,1
45667,4
45668,2
45669,6
45670,4
45671,5
45672,3
45673,6
45674,4
45675,6
45676,3
45677,2
45678,3
45679,6
45680,1
45681,2
45682,3
45683,1
45684,1
45685,2
45686,5
45687,2
45688,2
45689,2
45690,2
45691,2
45692,3
45693,4
45694,7
45695,0
45696,1
45697,2
45698,2
45699,3
45700,7
45701,3
45702,3
45703,0
45704,5
45705,2
45706,1
45707,4
45708,2
45709,6
45710,4
45711,1
45712,1
45713,0
45714,3
45715,1
45716,5
45717,2
45718,0
45719,5
45720,3
45721,5
45722,3
45723,6
45724,6
45725,6
45726,5
45727,4
45728,4
45729,2
45730,3
45731,4
45732,3
45733,5
45734,5
45735,2
45736,3
45737,3
45738,1
45739,1
45740,0
45741,5
45742,0
45743,3
45744,2
45745,1
45746,2
45747,4
45748,3
45749,4
45750,5
45751,0
45752,2
45753,0
45754,2
45755,4
45756,3
45757,2
45758,1
45759,0
45760,7
45761,2
45762,1
45763,0
45764,2
45765,5
45766,4
45767,2
45768,4
45769,6
45770,2
45771,4
45772,3
45773,5
45774,1
45775,4
45776,4
45777,1
45778,4
45779,4
45780,5
45781,2
45782,3
45783,5
45784,2
45785,3
45786,3
45787,2
45788,1
45789,1
45790,0
45791,3
45792,6
45793,4
45794,5
45795,2
45796,1
45797,3
45798,1
45799,4
45800,2
45801,1
45802,3
45803,2
45804,3
45805,3
45806,4
45807,7
45808,1
45809,3
45810,2
45811,4
45812,7
45813,1
45814,1
45815,2
45816,5
45817,2
45818,2
45819,6
45820,1
45821,5
45822,5
45823,4
45824,3
45825,1
45826,1
45827,7
45828,2
45829,1
45830,3
45831,0
45832,3
45833,1
45834,0
45835,1
45836,3
45837,4
45838,5
45839,3
45840,2
45841,2
45842,0
45843,2
45844,0
45845,3
45846,3
45847,4
45848,4
45849,1
45850,5
45851,5
45852,2
45853,4
45854,0
45855,0
45856,6
45857,1
45858,3
45859,5
45860,3
45861,3
45862,4
45863,0
45864,1
45865,1
45866,5
45867,0
45868,0
45869,1
45870,5
45871,1
45872,4
45873,0
45874,2
45875,2
45876,0
45877,2
45878,1
45879,3
45880,2
45881,3
45882,1
45883,1
45884,3
45885,4
45886,1
45887,3
45888,3
45889,7
45890,2
45891,0
45892,1
45893,4
45894,5
45895,4
45896,1
45897,2
45898,1
45899,0
45900,3
45901,5
45902,4
45903,5
45904,3
45905,3
45906,3
45907,2
45908,3
45909,1
45910,3
45911,2
45912,1
45913,2
45914,3
45915,4
45916,5
45917,3
45918,4
45919,4
45920,5
45921,6
45922,1
45923,2
45924,2
45925,4
45926,0
45927,0
45928,3
45929,1
45930,3
45931,3
45932,3
45933,0
45934,2
45935,4
45936,3
45937,1
45938,2
45939,6
45940,1
45941,2
45942,2
45943,5
45944,0
45945,2
45946,5
45947,4
45948,2
45949,4
45950,0
45951,6
45952,1
45953,2
45954,1
45955,2
45956,5
45957,6
45958,1
45959,1
45960,3
45961,1
45962,6
45963,2
45964,1
45965,2
45966,6
45967,2
45968,5
45969,6
45970,3
45971,0
45972,1
45973,0
45974,0
45975,2
45976,1
45977,0
45978,1
45979,2
45980,4
45981,2
45982,4
45983,3
45984,2
45985,1
45986,3
45987,3
45988,1
45989,0
45990,1
45991,2
45992,3
45993,2
45994,3
45995,3
45996,6
45997,2
45998,7
45999,2
46000,4
46001,3
46002,3
46003,1
46004,1
46005,2
46006,6
46007,1
46008,2
46009,0
46010,0
46011,1
46012,2
46013,1
46014,2
46015,2
46016,2
46017,5
46018,0
46019,4
46020,2
46021,1
46022,3
46023,4
46024,4
46025,4
46026,6
46027,4
46028,6
46029,4
46030,3
46031,3
46032,0
46033,4
46034,4
46035,2
46036,2
46037,3
46038,3
46039,6
46040,2
46041,1
46042,4
46043,1
46044,0
46045,3
46046,1
46047,6
46048,4
46049,1
46050,2
46051,1
46052,1
46053,1
46054,9
46055,1
46056,3
46057,1
46058,4
46059,2
46060,1
46061,2
46062,4
46063,5
46064,0
46065,3
46066,0
46067,4
46068,3
46069,0
46070,2
46071,2
46072,4
46073,4
46074,4
46075,3
46076,2
46077,3
46078,3
46079,2
46080,4
46081,2
46082,0
46083,0
46084,5
46085,5
46086,2
46087,5
46088,3
46089,4
46090,4
46091,3
46092,1
46093,3
46094,3
46095,2
46096,3
46097,6
46098,2
46099,5
46100,0
46101,3
46102,4
46103,4
46104,1
46105,1
46106,5
46107,3
46108,2
46109,4
46110,4
46111,7
46112,4
46113,3
46114,1
46115,0
46116,3
46117,2
46118,0
46119,7
46120,0
46121,0
46122,1
46123,6
46124,4
46125,4
46126,0
46127,0
46128,1
46129,5
46130,0
46131,2
46132,2
46133,4
46134,3
46135,5
46136,4
46137,4
46138,4
46139,2
46140,1
46141,1
46142,3
46143,3
46144,0
46145,1
46146,3
46147,1
46148,3
46149,4
46150,1
46151,2
46152,5
46153,6
46154,3
46155,3
46156,7
46157,1
46158,5
46159,3
46160,2
46161,5
46162,1
46163,3
46164,1
46165,0
46166,2
46167,4
46168,2
46169,0
46170,2
46171,4
46172,5
46173,5
46174,3
46175,4
46176,7
46177,3
46178,2
46179,2
46180,2
46181,1
46182,2
46183,5
46184,2
46185,2
46186,3
46187,4
46188,4
46189,5
46190,2
46191,1
46192,2
46193,3
46194,0
46195,1
46196,2
46197,3
46198,3
46199,4
46200,5
46201,0
46202,7
46203,2
46204,1
46205,0
46206,4
46207,1
46208,3
46209,2
46210,1
46211,2
46212,4
46213,4
46214,2
46215,2
46216,0
46217,0
46218,6
46219,0
46220,1
46221,1
46222,2
46223,6
46224,1
46225,5
46226,1
46227,5
46228,2
46229,2
46230,2
46231,2
46232,5
46233,1
46234,0
46235,3
46236,1
46237,2
46238,2
46239,4
46240,4
46241,1
46242,3
46243,4
46244,0
46245,2
46246,2
46247,0
46248,3
46249,2
46250,4
46251,3
46252,0
46253,4
46254,0
46255,0
46256,3
46257,1
46258,3
46259,2
46260,3
46261,4
46262,2
46263,1
46264,2
46265,4
46266,2
46267,3
46268,5
46269,1
46270,1
46271,1
46272,3
46273,2
46274,1
46275,1
46276,1
46277,4
46278,3
46279,4
46280,1
46281,2
46282,0
46283,2
46284,1
46285,2
46286,1
46287,1
46288,1
46289,2
46290,3
46291,5
46292,3
46293,2
46294,2
46295,2
46296,1
46297,1
46298,4
46299,3
46300,1
46301,2
46302,2
46303,5
46304,4
46305,2
46306,2
46307,3
46308,3
46309,5
46310,2
46311,1
46312,3
46313,0
46314,2
46315,4
46316,2
46317,3
46318,1
46319,1
46320,0
46321,2
46322,1
46323,4
46324,3
46325,0
46326,2
46327,3
46328,1
46329,1
46330,3
46331,2
46332,2
46333,6
46334,1
46335,0
46336,5
46337,4
46338,2
46339,5
46340,3
46341,2
46342,3
46343,2
46344,3
46345,4
46346,1
46347,5
46348,2
46349,3
46350,0
46351,3
46352,6
46353,3
46354,1
46355,7
46356,2
46357,6
46358,1
46359,3
46360,2
46361,1
46362,4
46363,0
46364,2
46365,4
46366,4
46367,2
46368,1
46369,2
46370,0
46371,4
46372,2
46373,3
46374,0
46375,1
46376,5
46377,4
46378,2
46379,5
46380,2
46381,2
46382,5
46383,4
46384,2
46385,4
46386,2
46387,0
46388,4
46389,6
46390,3
46391,2
46392,5
46393,5
46394,1
46395,1
46396,1
46397,1
46398,0
46399,1
46400,2
46401,3
46402,1
46403,4
46404,3
46405,0
46406,2
46407,4
46408,0
46409,3
46410,1
46411,1
46412,1
46413,3
46414,4
46415,0
46416,7
46417,0
46418,4
46419,3
46420,4
46421,3
46422,2
46423,5
46424,0
46425,1
46426,3
46427,2
46428,1
46429,4
46430,4
46431,1
46432,2
46433,3
46434,0
46435,6
46436,2
46437,5
46438,1
46439,1
46440,2
46441,1
46442,1
46443,5
46444,1
46445,5
46446,2
46447,5
46448,4
46449,1
46450,3
46451,5
46452,3
46453,5
46454,6
46455,4
46456,2
46457,3
46458,7
46459,2
46460,0
46461,5
46462,5
46463,4
46464,3
46465,0
46466,3
46467,3
46468,2
46469,0
46470,2
46471,2
46472,2
46473,5
46474,2
46475,1
46476,0
46477,3
46478,3
46479,4
46480,0
46481,2
46482,2
46483,1
46484,2
46485,1
46486,4
46487,3
46488,2
46489,6
46490,4
46491,5
46492,3
46493,3
46494,4
46495,2
46496,2
46497,0
46498,1
46499,5
46500,0
46501,4
46502,1
46503,4
46504,2
46505,6
46506,3
46507,2
46508,2
46509,0
46510,2
46511,6
46512,5
46513,3
46514,1
46515,1
46516,1
46517,3
46518,4
46519,6
46520,3
46521,5
46522,3
46523,0
46524,2
46525,2
46526,2
46527,1
46528,3
46529,6
46530,2
46531,2
46532,2
46533,2
46534,3
46535,3
46536,1
46537,3
46538,2
46539,2
46540,1
46541,1
46542,2
46543,2
46544,1
46545,4
46546,5
46547,5
46548,6
46549,1
46550,3
46551,4
46552,6
46553,0
46554,1
46555,1
46556,5
46557,1
46558,2
46559,5
46560,2
46561,2
46562,4
46563,3
46564,1
46565,1
46566,2
46567,3
46568,5
46569,2
46570,0
46571,4
46572,4
46573,1
46574,4
46575,2
46576,1
46577,3
46578,5
46579,4
46580,2
46581,4
46582,4
46583,2
46584,4
46585,3
46586,3
46587,1
46588,3
46589,4
46590,1
46591,6
46592,6
46593,6
46594,1
46595,5
46596,5
46597,2
46598,0
46599,2
46600,3
46601,2
46602,0
46603,3
46604,1
46605,3
46606,4
46607,5
46608,2
46609,1
46610,2
46611,6
46612,1
46613,0
46614,2
46615,3
46616,6
46617,1
46618,3
46619,4
46620,1
46621,4
46622,1
46623,5
46624,3
46625,0
46626,2
46627,2
46628,6
46629,3
46630,0
46631,1
46632,1
46633,2
46634,4
46635,3
46636,5
46637,2
46638,3
46639,2
46640,2
46641,1
46642,4
46643,1
46644,1
46645,0
46646,3
46647,1
46648,3
46649,4
46650,3
46651,5
46652,1
46653,0
46654,2
46655,3
46656,5
46657,1
46658,3
46659,6
46660,1
46661,2
46662,1
46663,1
46664,2
46665,4
46666,4
46667,5
46668,2
46669,0
46670,0
46671,3
46672,3
46673,2
46674,2
46675,0
46676,5
46677,2
46678,2
46679,1
46680,4
46681,4
46682,0
46683,5
46684,2
46685,2
46686,4
46687,4
46688,3
46689,3
46690,2
46691,3
46692,4
46693,0
46694,0
46695,3
46696,3
46697,2
46698,3
46699,1
46700,2
46701,4
46702,3
46703,7
46704,3
46705,1
46706,5
46707,0
46708,1
46709,2
46710,0
46711,6
46712,6
46713,1
46714,2
46715,1
46716,1
46717,5
46718,3
46719,4
46720,4
46721,1
46722,2
46723,4
46724,1
46725,1
46726,4
46727,1
46728,0
46729,5
46730,0
46731,3
46732,2
46733,4
46734,1
46735,2
46736,3
46737,2
46738,3
46739,6
46740,2
46741,1
46742,4
46743,6
46744,3
46745,4
46746,4
46747,3
46748,0
46749,4
46750,1
46751,2
46752,1
46753,2
46754,5
46755,4
46756,1
46757,2
46758,2
46759,3
46760,0
46761,3
46762,4
46763,6
46764,0
46765,2
46766,4
46767,2
46768,7
46769,3
46770,3
46771,1
46772,2
46773,0
46774,7
46775,4
46776,4
46777,7
46778,2
46779,2
46780,4
46781,2
46782,1
46783,7
46784,1
46785,6
46786,6
46787,5
46788,4
46789,2
46790,7
46791,1
46792,3
46793,3
46794,2
46795,0
46796,4
46797,4
46798,4
46799,5
46800,2
46801,0
46802,4
46803,3
46804,5
46805,2
46806,0
46807,3
46808,2
46809,2
46810,5
46811,4
46812,4
46813,0
46814,2
46815,5
46816,0
46817,3
46818,2
46819,1
46820,4
46821,3
46822,1
46823,3
46824,3
46825,2
46826,2
46827,2
46828,2
46829,5
46830,5
46831,5
46832,5
46833,4
46834,0
46835,3
46836,1
46837,5
46838,2
46839,0
46840,1
46841,2
46842,4
46843,1
46844,1
46845,2
46846,1
46847,2
46848,2
46849,2
46850,4
46851,2
46852,1
46853,1
46854,3
46855,4
46856,1
46857,4
46858,4
46859,3
46860,6
46861,5
46862,2
46863,0
46864,0
46865,2
46866,2
46867,3
46868,5
46869,5
46870,4
46871,0
46872,3
46873,1
46874,2
46875,3
46876,4
46877,1
46878,0
46879,4
46880,2
46881,4
46882,2
46883,0
46884,4
46885,3
46886,0
46887,2
46888,2
46889,4
46890,1
46891,1
46892,4
46893,2
46894,3
46895,2
46896,1
46897,0
46898,5
46899,1
46900,2
46901,4
46902,0
46903,1
46904,4
46905,1
46906,6
46907,4
46908,4
46909,1
46910,5
46911,5
46912,2
46913,4
46914,7
46915,0
46916,2
46917,1
46918,5
46919,5
46920,1
46921,5
46922,4
46923,2
46924,3
46925,4
46926,5
46927,4
46928,2
46929,2
46930,2
46931,6
46932,1
46933,0
46934,3
46935,1
46936,1
46937,3
46938,3
46939,1
46940,1
46941,1
46942,4
46943,1
46944,1
46945,5
46946,2
46947,2
46948,4
46949,2
46950,0
46951,2
46952,2
46953,0
46954,2
46955,2
46956,3
46957,2
46958,2
46959,1
46960,0
46961,0
46962,2
46963,2
46964,1
46965,2
46966,1
46967,0
46968,4
46969,4
46970,2
46971,1
46972,4
46973,3
46974,3
46975,1
46976,3
46977,3
46978,1
46979,0
46980,0
46981,4
46982,4
46983,3
46984,3
46985,6
46986,3
46987,2
46988,1
46989,0
46990,3
46991,6
46992,3
46993,2
46994,4
46995,1
46996,1
46997,3
46998,1
46999,0
47000,1
47001,6
47002,0
47003,2
47004,3
47005,4
47006,3
47007,4
47008,3
47009,0
47010,0
47011,2
47012,0
47013,2
47014,1
47015,2
47016,4
47017,4
47018,1
47019,1
47020,1
47021,6
47022,4
47023,0
47024,3
47025,3
47026,2
47027,0
47028,4
47029,3
47030,2
47031,3
47032,4
47033,1
47034,3
47035,2
47036,1
47037,2
47038,3
47039,0
47040,6
47041,6
47042,4
47043,5
47044,5
47045,1
47046,2
47047,2
47048,1
47049,5
47050,2
47051,3
47052,3
47053,2
47054,4
47055,1
47056,2
47057,1
47058,6
47059,5
47060,0
47061,5
47062,3
47063,2
47064,3
47065,5
47066,4
47067,5
47068,2
47069,2
47070,2
47071,5
47072,2
47073,0
47074,3
47075,2
47076,0
47077,2
47078,6
47079,4
47080,0
47081,1
47082,3
47083,2
47084,4
47085,2
47086,5
47087,2
47088,3
47089,2
47090,3
47091,5
47092,2
47093,7
47094,5
47095,7
47096,4
47097,2
47098,2
47099,3
47100,1
47101,2
47102,4
47103,4
47104,2
47105,2
47106,5
47107,4
47108,1
47109,0
47110,6
47111,2
47112,2
47113,2
47114,2
47115,1
47116,2
47117,2
47118,3
47119,2
47120,2
47121,7
47122,1
47123,6
47124,3
47125,1
47126,3
47127,5
47128,4
47129,0
47130,2
47131,0
47132,0
47133,2
47134,3
47135,0
47136,0
47137,3
47138,2
47139,3
47140,3
47141,6
47142,1
47143,3
47144,4
47145,0
47146,1
47147,4
47148,1
47149,2
47150,5
47151,1
47152,1
47153,1
47154,2
47155,2
47156,1
47157,1
47158,0
47159,0
47160,0
47161,5
47162,2
47163,4
47164,5
47165,3
47166,2
47167,4
47168,6
47169,0
47170,2
47171,4
47172,3
47173,5
47174,2
47175,4
47176,1
47177,1
47178,3
47179,3
47180,6
47181,1
47182,4
47183,3
47184,2
47185,3
47186,2
47187,3
47188,7
47189,1
47190,3
47191,6
47192,2
47193,2
47194,5
47195,4
47196,5
47197,0
47198,3
47199,0
47200,0
47201,2
47202,2
47203,2
47204,2
47205,3
47206,4
47207,3
47208,4
47209,0
47210,4
47211,2
47212,2
47213,0
47214,5
47215,2
47216,0
47217,1
47218,2
47219,5
47220,5
47221,2
47222,6
47223,2
47224,5
47225,3
47226,1
47227,5
47228,1
47229,2
47230,4
47231,2
47232,3
47233,2
47234,3
47235,3
47236,3
47237,4
47238,3
47239,2
47240,3
47241,6
47242,2
47243,2
47244,4
47245,0
47246,2
47247,3
47248,4
47249,1
47250,1
47251,4
47252,2
47253,4
47254,3
47255,1
47256,0
47257,2
47258,3
47259,2
47260,4
47261,2
47262,3
47263,4
47264,3
47265,3
47266,4
47267,4
47268,2
47269,1
47270,2
47271,3
47272,3
47273,3
47274,0
47275,1
47276,1
47277,3
47278,3
47279,0
47280,3
47281,2
47282,1
47283,2
47284,4
47285,2
47286,4
47287,5
47288,0
47289,2
47290,1
47291,3
47292,5
47293,3
47294,3
47295,1
47296,5
47297,1
47298,7
47299,4
47300,4
47301,1
47302,0
47303,2
47304,3
47305,1
47306,4
47307,1
47308,4
47309,2
47310,2
47311,2
47312,3
47313,2
47314,2
47315,7
47316,5
47317,0
47318,2
47319,3
47320,1
47321,4
47322,1
47323,1
47324,6
47325,3
47326,4
47327,3
47328,1
47329,3
47330,3
47331,3
47332,5
47333,2
47334,5
47335,4
47336,7
47337,1
47338,3
47339,1
47340,1
47341,2
47342,1
47343,1
47344,2
47345,4
47346,1
47347,1
47348,2
47349,2
47350,3
47351,2
47352,1
47353,6
47354,7
47355,0
47356,0
47357,4
47358,4
47359,4
47360,2
47361,1
47362,2
47363,5
47364,3
47365,2
47366,1
47367,3
47368,1
47369,1
47370,3
47371,5
47372,4
47373,5
47374,3
47375,2
47376,4
47377,1
47378,5
47379,1
47380,8
47381,3
47382,5
47383,4
47384,1
47385,2
47386,0
47387,3
47388,5
47389,5
47390,5
47391,1
47392,5
47393,5
47394,2
47395,4
47396,0
47397,4
47398,2
47399,5
47400,4
47401,3
47402,1
47403,3
47404,7
47405,0
47406,6
47407,5
47408,1
47409,1
47410,2
47411,5
47412,0
47413,1
47414,2
47415,0
47416,2
47417,2
47418,6
47419,3
47420,5
47421,5
47422,6
47423,3
47424,4
47425,1
47426,4
47427,2
47428,3
47429,4
47430,2
47431,5
47432,2
47433,2
47434,2
47435,2
47436,1
47437,3
47438,6
47439,3
47440,0
47441,5
47442,2
47443,4
47444,2
47445,2
47446,4
47447,7
47448,4
47449,6
47450,2
47451,2
47452,6
47453,2
47454,3
47455,5
47456,6
47457,3
47458,2
47459,3
47460,5
47461,3
47462,2
47463,5
47464,5
47465,4
47466,0
47467,2
47468,0
47469,2
47470,0
47471,3
47472,2
47473,2
47474,1
47475,4
47476,2
47477,2
47478,0
47479,4
47480,2
47481,2
47482,1
47483,2
47484,2
47485,1
47486,2
47487,0
47488,4
47489,4
47490,3
47491,1
47492,4
47493,4
47494,5
47495,2
47496,5
47497,2
47498,2
47499,6
47500,2
47501,6
47502,3
47503,3
47504,3
47505,3
47506,1
47507,4
47508,2
47509,3
47510,1
47511,3
47512,3
47513,3
47514,1
47515,3
47516,1
47517,2
47518,3
47519,1
47520,2
47521,2
47522,5
47523,0
47524,2
47525,2
47526,2
47527,3
47528,2
47529,3
47530,3
47531,2
47532,6
47533,4
47534,2
47535,5
47536,3
47537,0
47538,1
47539,1
47540,2
47541,4
47542,2
47543,2
47544,1
47545,4
47546,2
47547,4
47548,2
47549,2
47550,6
47551,0
47552,1
47553,4
47554,2
47555,1
47556,3
47557,3
47558,1
47559,3
47560,3
47561,2
47562,5
47563,4
47564,2
47565,2
47566,0
47567,3
47568,2
47569,5
47570,1
47571,2
47572,7
47573,6
47574,3
47575,2
47576,2
47577,2
47578,4
47579,4
47580,2
47581,3
47582,4
47583,2
47584,0
47585,1
47586,3
47587,4
47588,3
47589,5
47590,4
47591,1
47592,4
47593,1
47594,0
47595,1
47596,0
47597,2
47598,2
47599,2
47600,0
47601,2
47602,0
47603,3
47604,1
47605,0
47606,1
47607,3
47608,0
47609,1
47610,2
47611,2
47612,1
47613,2
47614,7
47615,1
47616,2
47617,0
47618,1
47619,1
47620,5
47621,1
47622,4
47623,4
47624,0
47625,3
47626,8
47627,3
47628,1
47629,7
47630,1
47631,1
47632,3
47633,2
47634,1
47635,4
47636,3
47637,3
47638,0
47639,3
47640,0
47641,2
47642,4
47643,2
47644,7
47645,1
47646,2
47647,5
47648,3
47649,3
47650,2
47651,2
47652,2
47653,4
47654,4
47655,0
47656,0
47657,6
47658,2
47659,1
47660,1
47661,2
47662,3
47663,1
47664,5
47665,3
47666,6
47667,4
47668,5
47669,2
47670,6
47671,5
47672,3
47673,3
47674,4
47675,7
47676,5
47677,2
47678,3
47679,2
47680,3
47681,1
47682,6
47683,1
47684,3
47685,3
47686,0
47687,2
47688,7
47689,3
47690,2
47691,5
47692,6
47693,2
47694,3
47695,0
47696,4
47697,0
47698,4
47699,3
47700,3
47701,4
47702,3
47703,1
47704,3
47705,1
47706,2
47707,3
47708,3
47709,3
47710,1
47711,0
47712,1
47713,4
47714,4
47715,6
47716,1
47717,4
47718,2
47719,1
47720,5
47721,5
47722,1
47723,2
47724,3
47725,3
47726,0
47727,6
47728,1
47729,2
47730,1
47731,5
47732,1
47733,1
47734,3
47735,3
47736,2
47737,2
47738,3
47739,1
47740,2
47741,3
47742,4
47743,0
47744,0
47745,2
47746,0
47747,2
47748,2
47749,1
47750,5
47751,1
47752,4
47753,4
47754,1
47755,5
47756,0
47757,2
47758,2
47759,4
47760,2
47761,0
47762,5
47763,4
47764,3
47765,3
47766,4
47767,1
47768,1
47769,3
47770,0
47771,3
47772,3
47773,0
47774,6
47775,2
47776,3
47777,0
47778,0
47779,4
47780,3
47781,3
47782,4
47783,0
47784,0
47785,6
47786,3
47787,5
47788,2
47789,2
47790,1
47791,2
47792,2
47793,0
47794,4
47795,5
47796,2
47797,3
47798,5
47799,1
47800,1
47801,0
47802,4
47803,0
47804,5
47805,2
47806,1
47807,4
47808,4
47809,5
47810,2
47811,5
47812,4
47813,2
47814,2
47815,1
47816,0
47817,4
47818,1
47819,1
47820,1
47821,4
47822,2
47823,6
47824,4
47825,2
47826,4
47827,2
47828,0
47829,4
47830,5
47831,5
47832,3
47833,5
47834,1
47835,3
47836,2
47837,3
47838,6
47839,6
47840,4
47841,3
47842,2
47843,5
47844,1
47845,5
47846,3
47847,4
47848,0
47849,2
47850,3
47851,0
47852,2
47853,2
47854,6
47855,7
47856,2
47857,4
47858,1
47859,2
47860,0
47861,1
47862,3
47863,0
47864,1
47865,6
47866,0
47867,2
47868,2
47869,4
47870,4
47871,0
47872,3
47873,1
47874,2
47875,2
47876,7
47877,3
47878,3
47879,2
47880,6
47881,2
47882,3
47883,3
47884,3
47885,3
47886,1
47887,2
47888,1
47889,2
47890,5
47891,3
47892,5
47893,4
47894,2
47895,1
47896,1
47897,5
47898,2
47899,4
47900,1
47901,6
47902,7
47903,0
47904,1
47905,1
47906,0
47907,3
47908,4
47909,3
47910,1
47911,1
47912,0
47913,2
47914,3
47915,0
47916,2
47917,5
47918,3
47919,3
47920,2
47921,3
47922,3
47923,3
47924,3
47925,1
47926,2
47927,1
47928,1
47929,3
47930,7
47931,2
47932,0
47933,4
47934,3
47935,2
47936,3
47937,4
47938,2
47939,2
47940,4
47941,3
47942,2
47943,3
47944,0
47945,3
47946,5
47947,1
47948,0
47949,5
47950,7
47951,1
47952,3
47953,1
47954,1
47955,1
47956,5
47957,2
47958,2
47959,3
47960,2
47961,4
47962,2
47963,1
47964,2
47965,4
47966,0
47967,4
47968,1
47969,2
47970,1
47971,5
47972,1
47973,5
47974,5
47975,2
47976,2
47977,4
47978,2
47979,3
47980,6
47981,3
47982,3
47983,2
47984,2
47985,2
47986,2
47987,1
47988,2
47989,0
47990,3
47991,2
47992,3
47993,4
47994,5
47995,6
47996,5
47997,1
47998,3
47999,2
48000,6
48001,3
48002,2
48003,3
48004,2
48005,2
48006,3
48007,0
48008,6
48009,5
48010,1
48011,4
48012,6
48013,0
48014,2
48015,7
48016,6
48017,1
48018,3
48019,2
48020,4
48021,1
48022,5
48023,4
48024,4
48025,5
48026,3
48027,3
48028,7
48029,2
48030,4
48031,7
48032,4
48033,2
48034,2
48035,4
48036,1
48037,3
48038,2
48039,6
48040,1
48041,2
48042,0
48043,5
48044,1
48045,8
48046,3
48047,5
48048,1
48049,3
48050,3
48051,4
48052,2
48053,0
48054,1
48055,4
48056,6
48057,3
48058,4
48059,4
48060,4
48061,1
48062,3
48063,0
48064,1
48065,0
48066,2
48067,4
48068,0
48069,5
48070,1
48071,4
48072,1
48073,2
48074,0
48075,3
48076,5
48077,2
48078,2
48079,2
48080,1
48081,7
48082,1
48083,6
48084,0
48085,2
48086,4
48087,3
48088,0
48089,3
48090,2
48091,3
48092,2
48093,1
48094,3
48095,0
48096,2
48097,5
48098,0
48099,1
48100,0
48101,1
48102,1
48103,4
48104,1
48105,1
48106,5
48107,0
48108,2
48109,1
48110,3
48111,1
48112,0
48113,4
48114,4
48115,3
48116,0
48117,3
48118,0
48119,2
48120,5
48121,4
48122,1
48123,0
48124,2
48125,5
48126,3
48127,0
48128,3
48129,1
48130,1
48131,3
48132,1
48133,3
48134,1
48135,1
48136,4
48137,2
48138,6
48139,6
48140,2
48141,3
48142,3
48143,0
48144,5
48145,2
48146,2
48147,2
48148,1
48149,2
48150,3
48151,0
48152,2
48153,1
48154,5
48155,2
48156,2
48157,1
48158,4
48159,2
48160,1
48161,2
48162,0
48163,0
48164,5
48165,3
48166,5
48167,1
48168,1
48169,1
48170,1
48171,3
48172,0
48173,0
48174,2
48175,1
48176,2
48177,4
48178,1
48179,0
48180,1
48181,7
48182,2
48183,2
48184,3
48185,2
48186,2
48187,2
48188,5
48189,1
48190,0
48191,3
48192,3
48193,5
48194,4
48195,2
48196,4
48197,0
48198,2
48199,5
48200,2
48201,2
48202,3
48203,2
48204,3
48205,4
48206,1
48207,3
48208,6
48209,4
48210,0
48211,0
48212,1
48213,5
48214,3
48215,0
48216,0
48217,2
48218,3
48219,5
48220,6
48221,1
48222,3
48223,2
48224,2
48225,3
48226,1
48227,2
48228,3
48229,2
48230,7
48231,2
48232,5
48233,3
48234,3
48235,2
48236,6
48237,3
48238,5
48239,2
48240,3
48241,4
48242,4
48243,2
48244,4
48245,2
48246,1
48247,2
48248,5
48249,5
48250,4
48251,4
48252,1
48253,6
48254,6
48255,6
48256,3
48257,0
48258,5
48259,4
48260,1
48261,8
48262,3
48263,3
48264,0
48265,4
48266,0
48267,6
48268,2
48269,1
48270,0
48271,3
48272,1
48273,2
48274,2
48275,1
48276,4
48277,2
48278,5
48279,1
48280,3
48281,3
48282,2
48283,3
48284,3
48285,0
48286,2
48287,1
48288,3
48289,4
48290,0
48291,2
48292,0
48293,5
48294,0
48295,1
48296,5
48297,3
48298,6
48299,3
48300,3
48301,4
48302,0
48303,3
48304,1
48305,1
48306,2
48307,1
48308,2
48309,6
48310,1
48311,1
48312,3
48313,1
48314,2
48315,3
48316,2
48317,3
48318,2
48319,1
48320,2
48321,1
48322,4
48323,2
48324,3
48325,0
48326,4
48327,3
48328,3
48329,4
48330,4
48331,6
48332,0
48333,4
48334,3
48335,3
48336,1
48337,3
48338,5
48339,3
48340,2
48341,3
48342,3
48343,3
48344,0
48345,5
48346,2
48347,5
48348,1
48349,0
48350,6
48351,3
48352,0
48353,5
48354,2
48355,3
48356,6
48357,3
48358,0
48359,2
48360,3
48361,0
48362,6
48363,2
48364,1
48365,2
48366,5
48367,5
48368,2
48369,0
48370,0
48371,2
48372,4
48373,6
48374,0
48375,0
48376,4
48377,1
48378,2
48379,2
48380,1
48381,1
48382,4
48383,3
48384,6
48385,1
48386,3
48387,0
48388,1
48389,3
48390,4
48391,7
48392,8
48393,1
48394,3
48395,2
48396,2
48397,3
48398,0
48399,4
48400,1
48401,3
48402,1
48403,1
48404,4
48405,4
48406,3
48407,2
48408,3
48409,3
48410,2
48411,2
48412,2
48413,1
48414,0
48415,3
48416,0
48417,5
48418,4
48419,2
48420,0
48421,4
48422,3
48423,4
48424,3
48425,2
48426,2
48427,2
48428,6
48429,3
48430,4
48431,3
48432,3
48433,2
48434,5
48435,0
48436,3
48437,4
48438,4
48439,3
48440,1
48441,2
48442,5
48443,4
48444,3
48445,2
48446,5
48447,0
48448,4
48449,3
48450,1
48451,2
48452,2
48453,1
48454,4
48455,2
48456,2
48457,0
48458,2
48459,2
48460,2
48461,1
48462,1
48463,7
48464,4
48465,2
48466,1
48467,1
48468,2
48469,0
48470,4
48471,3
48472,2
48473,0
48474,1
48475,2
48476,3
48477,5
48478,2
48479,4
48480,2
48481,5
48482,1
48483,1
48484,1
48485,2
48486,2
48487,4
48488,3
48489,1
48490,4
48491,0
48492,0
48493,2
48494,4
48495,0
48496,0
48497,0
48498,4
48499,6
48500,3
48501,1
48502,3
48503,1
48504,0
48505,5
48506,1
48507,1
48508,0
48509,4
48510,3
48511,3
48512,2
48513,3
48514,1
48515,3
48516,3
48517,1
48518,5
48519,2
48520,5
48521,2
48522,6
48523,3
48524,4
48525,4
48526,2
48527,3
48528,5
48529,5
48530,6
48531,6
48532,5
48533,2
48534,3
48535,6
48536,5
48537,0
48538,6
48539,5
48540,1
48541,4
48542,2
48543,5
48544,4
48545,6
48546,7
48547,4
48548,0
48549,5
48550,3
48551,5
48552,3
48553,2
48554,1
48555,1
48556,3
48557,3
48558,1
48559,6
48560,2
48561,1
48562,1
48563,4
48564,3
48565,5
48566,2
48567,7
48568,2
48569,3
48570,1
48571,2
48572,5
48573,6
48574,4
48575,7
48576,5
48577,5
48578,1
48579,2
48580,1
48581,1
48582,3
48583,3
48584,2
48585,2
48586,3
48587,5
48588,2
48589,1
48590,5
48591,0
48592,2
48593,0
48594,2
48595,0
48596,4
48597,0
48598,3
48599,1
48600,3
48601,0
48602,7
48603,6
48604,2
48605,3
48606,6
48607,1
48608,1
48609,3
48610,3
48611,2
48612,3
48613,5
48614,0
48615,2
48616,2
48617,0
48618,4
48619,2
48620,2
48621,1
48622,3
48623,4
48624,5
48625,5
48626,2
48627,1
48628,4
48629,5
48630,3
48631,5
48632,0
48633,5
48634,7
48635,2
48636,1
48637,3
48638,4
48639,0
48640,4
48641,5
48642,4
48643,1
48644,3
48645,5
48646,4
48647,2
48648,3
48649,2
48650,0
48651,6
48652,4
48653,1
48654,4
48655,0
48656,6
48657,0
48658,2
48659,2
48660,2
48661,3
48662,4
48663,4
48664,0
48665,3
48666,4
48667,1
48668,4
48669,1
48670,2
48671,1
48672,5
48673,3
48674,3
48675,7
48676,0
48677,2
48678,2
48679,2
48680,3
48681,4
48682,2
48683,1
48684,3
48685,1
48686,2
48687,2
48688,2
48689,0
48690,0
48691,2
48692,6
48693,2
48694,3
48695,2
48696,2
48697,2
48698,5
48699,1
48700,2
48701,0
48702,2
48703,0
48704,2
48705,0
48706,2
48707,2
48708,4
48709,0
48710,0
48711,1
48712,5
48713,3
48714,1
48715,3
48716,6
48717,2
48718,5
48719,2
48720,4
48721,5
48722,3
48723,4
48724,3
48725,1
48726,3
48727,5
48728,2
48729,6
48730,2
48731,5
48732,1
48733,3
48734,5
48735,2
48736,4
48737,1
48738,4
48739,6
48740,2
48741,3
48742,6
48743,6
48744,3
48745,1
48746,3
48747,1
48748,5
48749,3
48750,3
48751,1
48752,0
48753,3
48754,2
48755,0
48756,2
48757,2
48758,5
48759,2
48760,0
48761,5
48762,2
48763,1
48764,1
48765,1
48766,1
48767,4
48768,5
48769,4
48770,0
48771,2
48772,5
48773,2
48774,6
48775,4
48776,4
48777,0
48778,6
48779,1
48780,4
48781,2
48782,5
48783,1
48784,2
48785,1
48786,7
48787,3
48788,0
48789,1
48790,3
48791,1
48792,1
48793,1
48794,3
48795,1
48796,2
48797,5
48798,1
48799,3
48800,0
48801,6
48802,2
48803,6
48804,1
48805,6
48806,3
48807,0
48808,3
48809,5
48810,2
48811,1
48812,5
48813,2
48814,0
48815,4
48816,3
48817,1
48818,3
48819,1
48820,2
48821,4
48822,2
48823,6
48824,0
48825,0
48826,5
48827,1
48828,5
48829,3
48830,2
48831,0
48832,0
48833,3
48834,1
48835,0
48836,6
48837,1
48838,3
48839,2
48840,5
48841,2
48842,3
48843,0
48844,4
48845,2
48846,2
48847,4
48848,3
48849,3
48850,0
48851,7
48852,3
48853,4
48854,5
48855,3
48856,2
48857,3
48858,6
48859,4
48860,2
48861,5
48862,4
48863,5
48864,2
48865,3
48866,3
48867,1
48868,6
48869,2
48870,5
48871,2
48872,1
48873,3
48874,4
48875,1
48876,5
48877,2
48878,0
48879,3
48880,5
48881,7
48882,5
48883,1
48884,2
48885,0
48886,1
48887,7
48888,2
48889,3
48890,0
48891,5
48892,3
48893,3
48894,4
48895,3
48896,2
48897,4
48898,0
48899,1
48900,2
48901,2
48902,1
48903,1
48904,1
48905,3
48906,3
48907,2
48908,4
48909,3
48910,3
48911,3
48912,2
48913,4
48914,1
48915,2
48916,3
48917,2
48918,1
48919,1
48920,2
48921,0
48922,3
48923,4
48924,2
48925,3
48926,1
48927,3
48928,2
48929,3
48930,2
48931,2
48932,4
48933,2
48934,1
48935,2
48936,2
48937,2
48938,4
48939,3
48940,5
48941,6
48942,3
48943,4
48944,4
48945,5
48946,4
48947,3
48948,4
48949,2
48950,3
48951,2
48952,4
48953,2
48954,4
48955,7
48956,3
48957,2
48958,1
48959,2
48960,6
48961,2
48962,0
48963,3
48964,5
48965,7
48966,0
48967,6
48968,6
48969,3
48970,2
48971,3
48972,2
48973,7
48974,3
48975,3
48976,4
48977,4
48978,0
48979,6
48980,2
48981,4
48982,5
48983,1
48984,1
48985,5
48986,4
48987,4
48988,2
48989,4
48990,4
48991,2
48992,1
48993,5
48994,0
48995,5
48996,4
48997,3
48998,7
48999,4
49000,5
49001,4
49002,1
49003,2
49004,3
49005,0
49006,8
49007,1
49008,0
49009,4
49010,2
49011,2
49012,0
49013,2
49014,0
49015,4
49016,2
49017,5
49018,4
49019,5
49020,4
49021,3
49022,0
49023,2
49024,4
49025,1
49026,0
49027,2
49028,2
49029,4
49030,0
49031,5
49032,2
49033,5
49034,2
49035,3
49036,2
49037,1
49038,2
49039,3
49040,2
49041,1
49042,1
49043,2
49044,4
49045,2
49046,2
49047,1
49048,2
49049,4
49050,3
49051,1
49052,2
49053,4
49054,7
49055,1
49056,1
49057,3
49058,5
49059,2
49060,2
49061,1
49062,2
49063,1
49064,7
49065,1
49066,2
49067,6
49068,4
49069,5
49070,1
49071,2
49072,1
49073,2
49074,2
49075,4
49076,4
49077,5
49078,2
49079,4
49080,2
49081,2
49082,2
49083,5
49084,4
49085,6
49086,2
49087,2
49088,3
49089,3
49090,0
49091,1
49092,3
49093,1
49094,0
49095,1
49096,5
49097,0
49098,1
49099,1
49100,3
49101,1
49102,1
49103,2
49104,0
49105,3
49106,1
49107,3
49108,4
49109,4
49110,4
49111,0
49112,3
49113,0
49114,4
49115,4
49116,6
49117,2
49118,7
49119,3
49120,0
49121,1
49122,2
49123,0
49124,1
49125,3
49126,3
49127,2
49128,2
49129,1
49130,4
49131,1
49132,4
49133,3
49134,3
49135,1
49136,4
49137,3
49138,3
49139,5
49140,1
49141,4
49142,2
49143,5
49144,1
49145,1
49146,3
49147,0
49148,2
49149,3
49150,5
49151,2
49152,4
49153,0
49154,2
49155,3
49156,1
49157,4
49158,0
49159,3
49160,1
49161,2
49162,6
49163,7
49164,1
49165,5
49166,0
49167,5
49168,2
49169,3
49170,2
49171,6
49172,3
49173,2
49174,2
49175,2
49176,2
49177,2
49178,1
49179,4
49180,2
49181,6
49182,1
49183,3
49184,3
49185,1
49186,2
49187,5
49188,0
49189,1
49190,5
49191,2
49192,2
49193,4
49194,2
49195,2
49196,0
49197,0
49198,5
49199,6
49200,3
49201,3
49202,4
49203,1
49204,3
49205,5
49206,3
49207,3
49208,2
49209,2
49210,4
49211,1
49212,5
49213,1
49214,5
49215,3
49216,2
49217,3
49218,3
49219,1
49220,0
49221,2
49222,2
49223,3
49224,2
49225,1
49226,1
49227,3
49228,3
49229,6
49230,2
49231,4
49232,2
49233,2
49234,1
49235,4
49236,2
49237,2
49238,6
49239,3
49240,3
49241,4
49242,1
49243,1
49244,5
49245,2
49246,1
49247,5
49248,0
49249,2
49250,2
49251,4
49252,3
49253,2
49254,5
49255,4
49256,6
49257,2
49258,1
49259,1
49260,2
49261,7
49262,2
49263,0
49264,3
49265,1
49266,6
49267,6
49268,4
49269,2
49270,2
49271,3
49272,0
49273,2
49274,0
49275,3
49276,1
49277,6
49278,5
49279,1
49280,0
49281,5
49282,2
49283,2
49284,1
49285,2
49286,6
49287,4
49288,3
49289,1
49290,2
49291,4
49292,2
49293,5
49294,2
49295,0
49296,3
49297,5
49298,2
49299,4
49300,4
49301,4
49302,1
49303,5
49304,3
49305,4
49306,5
49307,2
49308,3
49309,2
49310,2
49311,4
49312,3
49313,0
49314,4
49315,0
49316,2
49317,3
49318,4
49319,4
49320,0
49321,2
49322,2
49323,5
49324,3
49325,2
49326,4
49327,1
49328,2
49329,4
49330,2
49331,2
49332,3
49333,4
49334,3
49335,3
49336,3
49337,3
49338,2
49339,4
49340,6
49341,0
49342,6
49343,1
49344,6
49345,6
49346,2
49347,2
49348,7
49349,1
49350,1
49351,1
49352,3
49353,3
49354,2
49355,1
49356,5
49357,1
49358,3
49359,5
49360,2
49361,2
49362,1
49363,5
49364,6
49365,2
49366,2
49367,2
49368,3
49369,4
49370,2
49371,3
49372,3
49373,3
49374,3
49375,2
49376,3
49377,7
49378,4
49379,2
49380,1
49381,4
49382,4
49383,1
49384,1
49385,3
49386,4
49387,1
49388,8
49389,5
49390,1
49391,3
49392,2
49393,3
49394,1
49395,2
49396,4
49397,4
49398,2
49399,5
49400,4
49401,4
49402,4
49403,2
49404,6
49405,2
49406,0
49407,3
49408,4
49409,3
49410,6
49411,0
49412,6
49413,5
49414,1
49415,1
49416,1
49417,3
49418,1
49419,4
49420,6
49421,2
49422,0
49423,2
49424,5
49425,2
49426,2
49427,2
49428,0
49429,2
49430,4
49431,0
49432,2
49433,2
49434,6
49435,1
49436,0
49437,3
49438,4
49439,3
49440,1
49441,3
49442,0
49443,5
49444,5
49445,5
49446,3
49447,3
49448,2
49449,3
49450,2
49451,3
49452,2
49453,4
49454,4
49455,4
49456,5
49457,0
49458,3
49459,2
49460,1
49461,3
49462,7
49463,2
49464,0
49465,2
49466,0
49467,2
49468,0
49469,1
49470,7
49471,4
49472,4
49473,2
49474,3
49475,4
49476,3
49477,1
49478,4
49479,5
49480,3
49481,5
49482,1
49483,6
49484,2
49485,3
49486,1
49487,2
49488,1
49489,3
49490,0
49491,4
49492,3
49493,1
49494,4
49495,3
49496,1
49497,0
49498,2
49499,5
49500,4
49501,5
49502,3
49503,1
49504,2
49505,5
49506,4
49507,4
49508,3
49509,0
49510,6
49511,1
49512,3
49513,6
49514,1
49515,2
49516,2
49517,3
49518,5
49519,1
49520,2
49521,0
49522,5
49523,2
49524,2
49525,0
49526,1
49527,4
49528,3
49529,2
49530,4
49531,0
49532,2
49533,1
49534,3
49535,3
49536,6
49537,3
49538,0
49539,5
49540,1
49541,3
49542,1
49543,0
49544,1
49545,2
49546,3
49547,1
49548,3
49549,2
49550,0
49551,5
49552,4
49553,6
49554,1
49555,4
49556,3
49557,3
49558,4
49559,1
49560,4
49561,1
49562,3
49563,4
49564,2
49565,3
49566,3
49567,2
49568,1
49569,4
49570,1
49571,5
49572,1
49573,2
49574,3
49575,3
49576,0
49577,1
49578,0
49579,5
49580,3
49581,5
49582,4
49583,1
49584,4
49585,7
49586,3
49587,5
49588,5
49589,4
49590,2
49591,3
49592,0
49593,0
49594,5
49595,2
49596,7
49597,1
49598,1
49599,6
49600,1
49601,2
49602,0
49603,7
49604,2
49605,5
49606,0
49607,4
49608,0
49609,2
49610,1
49611,3
49612,4
49613,3
49614,0
49615,5
49616,3
49617,6
49618,1
49619,2
49620,3
49621,3
49622,1
49623,3
49624,5
49625,3
49626,2
49627,3
49628,3
49629,4
49630,1
49631,4
49632,2
49633,1
49634,6
49635,7
49636,0
49637,4
49638,1
49639,5
49640,5
49641,3
49642,0
49643,3
49644,2
49645,1
49646,5
49647,1
49648,1
49649,1
49650,1
49651,4
49652,3
49653,0
49654,1
49655,5
49656,3
49657,2
49658,2
49659,4
49660,2
49661,3
49662,3
49663,2
49664,4
49665,4
49666,7
49667,1
49668,1
49669,2
49670,4
49671,6
49672,2
49673,2
49674,0
49675,4
49676,1
49677,4
49678,2
49679,1
49680,2
49681,3
49682,2
49683,1
49684,3
49685,2
49686,4
49687,2
49688,3
49689,5
49690,4
49691,1
49692,4
49693,3
49694,4
49695,3
49696,1
49697,4
49698,3
49699,3
49700,0
49701,4
49702,0
49703,3
49704,2
49705,3
49706,2
49707,3
49708,2
49709,1
49710,2
49711,2
49712,4
49713,2
49714,4
49715,3
49716,0
49717,1
49718,6
49719,2
49720,3
49721,2
49722,0
49723,2
49724,3
49725,1
49726,1
49727,4
49728,3
49729,2
49730,2
49731,0
49732,4
49733,2
49734,0
49735,2
49736,4
49737,1
49738,1
49739,3
49740,6
49741,4
49742,1
49743,3
49744,5
49745,2
49746,2
49747,0
49748,1
49749,2
49750,3
49751,0
49752,5
49753,3
49754,1
49755,0
49756,3
49757,6
49758,3
49759,2
49760,0
49761,2
49762,5
49763,1
49764,2
49765,4
49766,0
49767,3
49768,3
49769,2
49770,2
49771,2
49772,3
49773,1
49774,0
49775,5
49776,2
49777,0
49778,4
49779,6
49780,4
49781,3
49782,1
49783,2
49784,1
49785,5
49786,1
49787,6
49788,3
49789,5
49790,2
49791,1
49792,5
49793,5
49794,1
49795,0
49796,2
49797,0
49798,1
49799,3
49800,5
49801,0
49802,5
49803,2
49804,3
49805,5
49806,7
49807,7
49808,2
49809,4
49810,1
49811,1
49812,6
49813,3
49814,4
49815,0
49816,4
49817,5
49818,2
49819,1
49820,5
49821,2
49822,1
49823,3
49824,6
49825,4
49826,0
49827,0
49828,5
49829,4
49830,0
49831,5
49832,3
49833,4
49834,2
49835,2
49836,3
49837,4
49838,0
49839,1
49840,1
49841,5
49842,7
49843,0
49844,1
49845,2
49846,1
49847,1
49848,1
49849,0
49850,1
49851,3
49852,4
49853,5
49854,1
49855,6
49856,0
49857,3
49858,0
49859,4
49860,6
49861,2
49862,1
49863,2
49864,5
49865,3
49866,1
49867,5
49868,2
49869,2
49870,1
49871,6
49872,3
49873,3
49874,5
49875,3
49876,5
49877,5
49878,2
49879,2
49880,0
49881,2
49882,3
49883,2
49884,2
49885,2
49886,5
49887,2
49888,1
49889,4
49890,4
49891,1
49892,0
49893,5
49894,4
49895,6
49896,1
49897,7
49898,2
49899,4
49900,2
49901,2
49902,4
49903,3
49904,1
49905,1
49906,4
49907,3
49908,3
49909,2
49910,2
49911,0
49912,6
49913,1
49914,0
49915,5
49916,1
49917,6
49918,2
49919,5
49920,4
49921,1
49922,5
49923,2
49924,0
49925,2
49926,4
49927,1
49928,0
49929,5
49930,1
49931,4
49932,1
49933,3
49934,0
49935,3
49936,1
49937,3
49938,6
49939,2
49940,3
49941,3
49942,5
49943,2
49944,4
49945,0
49946,4
49947,4
49948,3
49949,0
49950,5
49951,4
49952,3
49953,2
49954,3
49955,5
49956,3
49957,2
49958,4
49959,0
49960,2
49961,1
49962,3
49963,0
49964,4
49965,1
49966,1
49967,1
49968,4
49969,1
49970,2
49971,5
49972,1
49973,2
49974,3
49975,1
49976,2
49977,3
49978,3
49979,2
49980,4
49981,2
49982,2
49983,4
49984,2
49985,1
49986,4
49987,6
49988,2
49989,0
49990,1
49991,0
49992,1
49993,1
49994,4
49995,4
49996,2
49997,3
49998,4
49999,3
50000,2
