Recipe ID,Ingredients Found in Instructions,len(ingredients)
1,4,5
2,2,2
3,7,7
4,6,7
5,3,3
6,1,2
7,3,3
8,4,4
9,6,6
10,5,7
11,4,4
12,3,4
13,4,4
14,0,5
15,3,3
16,5,6
17,4,7
18,4,6
19,3,3
20,3,5
21,5,5
22,4,4
23,5,5
24,0,3
25,2,4
26,2,6
27,6,6
28,2,4
29,2,5
30,3,3
31,5,5
32,2,2
33,5,5
34,3,4
35,6,6
36,2,5
37,4,5
38,3,5
39,7,9
40,2,3
41,5,5
42,2,3
43,5,5
44,2,3
45,7,7
46,3,6
47,2,2
48,5,5
49,3,6
50,2,3
51,6,7
52,2,3
53,5,9
54,4,4
55,4,6
56,1,8
57,4,4
58,4,6
59,3,5
60,3,6
61,7,7
62,2,4
63,2,2
64,2,5
65,7,7
66,2,3
67,3,3
68,3,3
69,3,3
70,6,6
71,7,7
72,2,4
73,4,4
74,3,3
75,2,5
76,6,7
77,3,4
78,4,4
79,6,7
80,0,2
81,6,8
82,1,7
83,3,7
84,3,4
85,3,3
86,5,7
87,4,4
88,2,3
89,2,5
90,4,6
91,4,4
92,3,6
93,7,7
94,4,5
95,6,8
96,2,8
97,2,5
98,4,4
99,4,4
100,1,3
101,3,3
102,2,2
103,4,4
104,1,2
105,5,6
106,0,2
107,4,6
108,1,3
109,4,5
110,4,5
111,3,8
112,4,6
113,5,5
114,1,7
115,6,7
116,3,4
117,2,3
118,5,7
119,2,2
120,0,2
121,2,2
122,4,8
123,6,6
124,3,6
125,5,5
126,3,4
127,2,2
128,1,6
129,3,7
130,3,4
131,3,8
132,4,5
133,3,4
134,2,4
135,7,8
136,0,2
137,6,6
138,3,4
139,5,7
140,1,2
141,3,3
142,6,7
143,2,2
144,1,3
145,2,2
146,0,4
147,1,1
148,2,5
149,3,8
150,4,5
151,3,3
152,3,5
153,4,8
154,4,7
155,8,8
156,3,5
157,2,2
158,2,4
159,7,7
160,3,3
161,2,7
162,3,6
163,2,6
164,3,6
165,3,3
166,2,5
167,4,8
168,2,2
169,4,4
170,4,7
171,6,6
172,2,8
173,3,3
174,4,4
175,3,5
176,2,2
177,3,4
178,4,5
179,2,2
180,6,7
181,1,1
182,3,4
183,2,6
184,1,5
185,3,3
186,3,5
187,5,5
188,3,4
189,2,2
190,0,6
191,7,7
192,4,7
193,3,3
194,0,4
195,5,5
196,3,6
197,6,9
198,0,6
199,3,3
200,3,6
201,4,4
202,4,7
203,4,5
204,2,5
205,6,6
206,3,8
207,7,7
208,4,4
209,4,4
210,1,1
211,4,8
212,5,5
213,2,2
214,3,5
215,6,7
216,5,6
217,2,2
218,1,2
219,2,3
220,3,6
221,6,7
222,4,7
223,3,3
224,1,4
225,7,7
226,4,7
227,3,6
228,0,6
229,3,3
230,5,8
231,2,2
232,4,4
233,2,6
234,1,7
235,3,3
236,0,3
237,7,7
238,5,7
239,5,5
240,0,9
241,3,4
242,2,3
243,5,5
244,6,6
245,4,4
246,4,5
247,5,5
248,3,4
249,2,2
250,1,5
251,3,3
252,0,4
253,6,9
254,1,1
255,6,6
256,1,5
257,8,8
258,4,5
259,6,7
260,5,7
261,2,3
262,2,7
263,6,6
264,4,8
265,5,6
266,1,4
267,3,3
268,2,6
269,2,3
270,3,4
271,2,3
272,5,7
273,2,6
274,1,4
275,5,8
276,6,6
277,4,4
278,5,5
279,2,2
280,5,7
281,6,6
282,2,3
283,4,4
284,2,4
285,5,7
286,6,7
287,8,8
288,4,4
289,4,6
290,5,7
291,3,6
292,4,6
293,3,3
294,5,7
295,6,6
296,4,4
297,5,5
298,5,8
299,5,5
300,4,5
301,3,3
302,3,4
303,4,4
304,1,4
305,2,6
306,0,5
307,3,3
308,4,4
309,2,2
310,6,7
311,5,6
312,1,1
313,3,4
314,3,3
315,4,4
316,4,5
317,4,6
318,0,3
319,4,4
320,4,5
321,5,8
322,4,7
323,3,6
324,0,4
325,5,6
326,4,5
327,6,7
328,4,4
329,3,3
330,2,5
331,4,4
332,5,6
333,6,8
334,2,4
335,3,3
336,6,7
337,5,6
338,2,2
339,3,3
340,2,3
341,2,2
342,4,5
343,3,3
344,6,7
345,6,6
346,2,2
347,2,2
348,3,4
349,2,2
350,2,2
351,3,3
352,3,7
353,3,3
354,4,5
355,6,6
356,0,7
357,2,2
358,5,8
359,2,2
360,3,5
361,3,3
362,3,3
363,6,6
364,1,5
365,5,5
366,4,5
367,4,5
368,3,4
369,4,4
370,7,9
371,2,5
372,4,7
373,2,2
374,5,5
375,2,5
376,3,3
377,3,3
378,6,7
379,6,6
380,5,6
381,3,3
382,1,6
383,4,6
384,0,5
385,1,1
386,5,5
387,6,7
388,3,8
389,7,8
390,2,2
391,3,6
392,0,5
393,2,2
394,0,4
395,2,3
396,3,4
397,6,6
398,4,6
399,6,6
400,5,7
401,7,7
402,1,3
403,2,2
404,5,6
405,3,4
406,5,6
407,6,7
408,2,5
409,2,6
410,2,6
411,6,6
412,1,7
413,2,2
414,5,6
415,7,7
416,2,5
417,2,2
418,5,7
419,4,4
420,3,4
421,3,3
422,6,6
423,6,6
424,3,6
425,3,5
426,4,6
427,7,8
428,3,4
429,6,7
430,4,4
431,4,6
432,3,3
433,2,2
434,4,5
435,2,2
436,3,4
437,3,3
438,0,6
439,5,5
440,3,6
441,2,3
442,6,7
443,7,7
444,0,5
445,4,4
446,4,5
447,3,3
448,3,3
449,2,2
450,4,5
451,2,3
452,2,2
453,4,4
454,1,7
455,3,3
456,4,4
457,2,3
458,2,3
459,5,6
460,3,4
461,3,3
462,1,4
463,1,1
464,2,3
465,4,4
466,3,5
467,3,3
468,3,5
469,3,3
470,0,5
471,4,4
472,1,2
473,4,6
474,1,3
475,2,2
476,0,3
477,4,4
478,0,4
479,2,4
480,1,1
481,8,8
482,1,5
483,8,8
484,2,2
485,4,4
486,0,7
487,4,4
488,2,6
489,4,4
490,4,4
491,6,7
492,5,7
493,2,2
494,3,5
495,6,6
496,0,6
497,5,7
498,5,6
499,6,6
500,3,3
501,5,6
502,2,2
503,3,5
504,2,6
505,6,6
506,2,3
507,3,3
508,7,8
509,3,4
510,3,7
511,4,4
512,5,6
513,6,6
514,1,2
515,4,4
516,4,4
517,8,8
518,5,6
519,7,7
520,4,5
521,7,7
522,1,4
523,3,3
524,1,6
525,3,4
526,1,5
527,9,9
528,6,8
529,5,5
530,2,7
531,2,4
532,4,6
533,3,3
534,0,5
535,6,6
536,1,6
537,7,7
538,5,8
539,3,4
540,0,6
541,3,5
542,3,4
543,5,5
544,1,2
545,1,1
546,3,3
547,3,7
548,5,5
549,4,6
550,3,4
551,4,4
552,1,4
553,5,5
554,3,4
555,2,3
556,1,4
557,4,5
558,1,2
559,6,6
560,6,6
561,2,2
562,1,4
563,3,3
564,1,2
565,7,7
566,5,7
567,2,3
568,0,2
569,5,6
570,2,2
571,7,8
572,4,4
573,5,5
574,5,7
575,4,5
576,0,2
577,7,8
578,3,6
579,7,7
580,4,6
581,4,4
582,2,4
583,3,3
584,4,5
585,2,4
586,2,3
587,5,6
588,3,5
589,3,3
590,3,3
591,3,3
592,6,8
593,6,6
594,2,7
595,2,2
596,5,8
597,4,4
598,2,3
599,2,2
600,3,5
601,2,2
602,1,7
603,7,7
604,1,5
605,2,2
606,2,3
607,6,6
608,2,3
609,2,2
610,7,8
611,4,4
612,4,7
613,2,2
614,2,3
615,3,3
616,1,3
617,7,7
618,1,7
619,3,3
620,4,6
621,7,7
622,1,6
623,4,4
624,2,6
625,7,7
626,1,2
627,3,6
628,4,4
629,2,5
630,2,2
631,3,8
632,2,2
633,4,8
634,1,7
635,5,5
636,2,7
637,2,2
638,1,2
639,5,7
640,2,3
641,5,8
642,3,7
643,4,5
644,0,7
645,4,4
646,0,2
647,7,7
648,4,6
649,3,4
650,4,5
651,4,7
652,1,6
653,3,3
654,4,6
655,7,8
656,6,6
657,2,2
658,4,4
659,4,4
660,3,6
661,5,7
662,1,5
663,4,4
664,4,5
665,2,7
666,2,2
667,7,8
668,4,5
669,3,3
670,1,7
671,4,4
672,5,8
673,3,3
674,4,5
675,4,6
676,4,6
677,3,4
678,2,4
679,3,8
680,5,7
681,3,3
682,1,2
683,3,3
684,2,2
685,5,7
686,4,8
687,4,7
688,4,6
689,4,5
690,3,4
691,5,6
692,4,6
693,6,6
694,3,5
695,3,3
696,2,3
697,6,8
698,3,7
699,2,2
700,5,7
701,4,7
702,3,3
703,4,5
704,5,7
705,5,5
706,2,2
707,5,5
708,2,4
709,5,7
710,5,5
711,3,3
712,5,5
713,7,7
714,4,6
715,4,5
716,0,8
717,2,2
718,5,8
719,3,5
720,2,5
721,3,6
722,4,6
723,5,5
724,2,2
725,6,8
726,3,3
727,3,3
728,3,3
729,3,3
730,3,7
731,4,4
732,2,5
733,7,7
734,4,5
735,2,7
736,4,4
737,4,5
738,6,7
739,3,3
740,1,2
741,5,5
742,1,2
743,3,3
744,7,9
745,3,3
746,5,5
747,7,7
748,2,3
749,4,7
750,6,8
751,2,2
752,3,3
753,5,7
754,4,5
755,2,3
756,0,4
757,5,6
758,5,5
759,6,7
760,5,8
761,6,8
762,1,3
763,2,2
764,7,8
765,3,6
766,3,3
767,6,6
768,0,2
769,3,3
770,1,2
771,2,3
772,1,2
773,2,2
774,5,8
775,2,2
776,0,5
777,3,3
778,5,5
779,7,7
780,2,2
781,4,4
782,2,3
783,2,2
784,1,3
785,5,5
786,2,3
787,6,6
788,4,7
789,6,6
790,4,5
791,4,6
792,4,5
793,5,5
794,1,2
795,2,2
796,1,4
797,2,3
798,0,6
799,3,7
800,0,8
801,2,5
802,4,4
803,4,4
804,2,4
805,4,9
806,5,8
807,5,5
808,2,6
809,8,8
810,2,3
811,2,2
812,0,2
813,8,8
814,0,7
815,4,7
816,4,7
817,3,3
818,5,5
819,7,7
820,0,2
821,2,2
822,2,3
823,6,6
824,1,1
825,4,4
826,1,5
827,3,3
828,3,4
829,4,8
830,4,4
831,2,8
832,1,6
833,2,3
834,6,8
835,5,5
836,0,2
837,2,2
838,1,6
839,4,5
840,2,8
841,5,8
842,5,5
843,6,8
844,4,7
845,2,6
846,3,7
847,3,3
848,0,5
849,8,8
850,6,6
851,4,5
852,2,2
853,2,2
854,1,3
855,7,7
856,4,4
857,3,6
858,5,5
859,4,6
860,0,2
861,3,5
862,0,5
863,6,6
864,4,7
865,2,2
866,3,5
867,7,7
868,1,6
869,5,5
870,5,5
871,3,3
872,1,3
873,5,5
874,3,3
875,5,5
876,2,8
877,3,7
878,4,7
879,2,5
880,4,5
881,2,8
882,4,8
883,3,3
884,4,4
885,5,6
886,1,3
887,3,6
888,5,6
889,3,3
890,4,4
891,5,5
892,1,1
893,6,6
894,0,8
895,6,6
896,3,3
897,3,6
898,1,3
899,5,5
900,2,3
901,6,7
902,2,2
903,7,7
904,6,7
905,4,4
906,2,2
907,6,6
908,1,5
909,1,1
910,1,6
911,3,6
912,2,4
913,8,8
914,4,7
915,4,4
916,4,6
917,2,2
918,2,2
919,6,7
920,4,5
921,3,3
922,3,4
923,2,6
924,1,2
925,3,5
926,2,4
927,5,7
928,6,6
929,4,5
930,3,8
931,2,2
932,4,5
933,2,2
934,1,6
935,4,4
936,0,4
937,3,3
938,2,2
939,5,7
940,1,6
941,4,6
942,2,3
943,2,7
944,2,3
945,2,2
946,6,7
947,6,7
948,4,4
949,4,4
950,2,3
951,5,5
952,1,5
953,4,4
954,6,6
955,5,5
956,2,4
957,3,3
958,3,3
959,4,4
960,2,4
961,5,5
962,4,6
963,4,5
964,1,1
965,5,5
966,0,2
967,3,5
968,0,4
969,2,2
970,0,4
971,6,10
972,5,7
973,2,2
974,1,1
975,2,5
976,2,2
977,5,6
978,5,7
979,3,3
980,1,1
981,2,3
982,1,6
983,2,2
984,4,7
985,7,10
986,0,3
987,2,2
988,1,4
989,8,8
990,1,2
991,7,8
992,2,2
993,8,8
994,5,5
995,2,2
996,0,6
997,4,4
998,1,2
999,3,3
1000,4,4
1001,4,4
1002,6,7
1003,4,4
1004,2,2
1005,4,4
1006,3,5
1007,3,3
1008,0,3
1009,3,3
1010,4,7
1011,3,3
1012,3,6
1013,3,3
1014,4,6
1015,7,8
1016,2,2
1017,2,2
1018,2,2
1019,3,3
1020,2,4
1021,8,8
1022,0,2
1023,3,6
1024,4,6
1025,5,7
1026,0,2
1027,4,6
1028,1,2
1029,2,2
1030,2,3
1031,6,6
1032,4,4
1033,3,4
1034,4,5
1035,3,3
1036,5,6
1037,5,5
1038,4,4
1039,2,2
1040,5,7
1041,2,2
1042,3,5
1043,4,4
1044,0,1
1045,2,7
1046,2,7
1047,2,2
1048,2,8
1049,5,6
1050,2,2
1051,3,3
1052,5,8
1053,3,3
1054,3,6
1055,5,5
1056,3,6
1057,2,3
1058,2,3
1059,6,7
1060,0,3
1061,2,6
1062,2,8
1063,2,2
1064,2,4
1065,2,3
1066,1,5
1067,2,2
1068,3,7
1069,5,5
1070,2,6
1071,2,7
1072,1,6
1073,6,7
1074,4,7
1075,2,2
1076,1,7
1077,6,6
1078,3,4
1079,5,7
1080,2,3
1081,2,2
1082,6,7
1083,3,3
1084,5,5
1085,3,4
1086,2,2
1087,4,5
1088,0,5
1089,6,6
1090,3,3
1091,4,4
1092,3,4
1093,2,2
1094,3,4
1095,4,4
1096,3,7
1097,3,4
1098,4,8
1099,7,7
1100,3,6
1101,5,5
1102,3,3
1103,2,8
1104,3,4
1105,3,3
1106,3,4
1107,3,3
1108,3,4
1109,3,3
1110,1,3
1111,6,7
1112,5,6
1113,2,2
1114,0,5
1115,4,5
1116,4,8
1117,3,3
1118,5,7
1119,4,4
1120,2,5
1121,8,8
1122,2,2
1123,2,2
1124,2,7
1125,2,2
1126,0,4
1127,4,4
1128,3,3
1129,2,3
1130,2,8
1131,6,7
1132,5,8
1133,4,4
1134,5,5
1135,4,4
1136,4,8
1137,6,6
1138,3,7
1139,7,7
1140,2,5
1141,4,6
1142,0,8
1143,3,3
1144,0,2
1145,6,7
1146,5,6
1147,3,3
1148,4,6
1149,4,4
1150,3,3
1151,4,4
1152,2,2
1153,7,9
1154,2,6
1155,6,6
1156,6,7
1157,5,5
1158,2,4
1159,7,7
1160,1,5
1161,4,4
1162,0,5
1163,4,6
1164,4,5
1165,5,5
1166,2,5
1167,3,3
1168,1,2
1169,4,4
1170,3,9
1171,4,4
1172,2,6
1173,3,3
1174,2,3
1175,4,4
1176,0,2
1177,7,7
1178,2,2
1179,6,6
1180,0,2
1181,6,6
1182,0,3
1183,7,7
1184,6,9
1185,4,5
1186,5,7
1187,4,4
1188,3,3
1189,2,5
1190,2,3
1191,3,4
1192,2,7
1193,4,4
1194,2,3
1195,7,7
1196,3,6
1197,2,5
1198,0,6
1199,3,6
1200,2,8
1201,5,9
1202,3,3
1203,4,5
1204,4,8
1205,6,6
1206,1,2
1207,6,6
1208,2,7
1209,4,4
1210,2,2
1211,8,8
1212,5,7
1213,6,7
1214,1,2
1215,5,5
1216,2,7
1217,2,3
1218,5,6
1219,5,5
1220,3,4
1221,6,6
1222,1,4
1223,2,2
1224,2,3
1225,4,6
1226,6,6
1227,2,7
1228,1,2
1229,3,3
1230,3,3
1231,2,8
1232,0,8
1233,7,7
1234,6,8
1235,2,7
1236,2,2
1237,6,8
1238,4,6
1239,4,5
1240,3,5
1241,6,6
1242,0,2
1243,2,2
1244,4,7
1245,5,5
1246,0,1
1247,6,6
1248,3,5
1249,5,5
1250,5,5
1251,6,6
1252,1,2
1253,6,8
1254,1,3
1255,2,2
1256,6,6
1257,2,2
1258,3,5
1259,2,3
1260,4,5
1261,4,7
1262,4,6
1263,7,7
1264,3,7
1265,3,3
1266,0,8
1267,4,4
1268,2,3
1269,2,2
1270,2,2
1271,6,6
1272,7,7
1273,4,4
1274,2,5
1275,6,9
1276,4,7
1277,2,2
1278,6,7
1279,3,3
1280,6,6
1281,5,6
1282,2,2
1283,3,3
1284,4,5
1285,4,5
1286,4,5
1287,3,3
1288,0,8
1289,2,2
1290,3,3
1291,6,6
1292,3,7
1293,3,4
1294,2,7
1295,4,4
1296,2,2
1297,3,3
1298,3,3
1299,3,3
1300,6,7
1301,7,8
1302,5,8
1303,2,2
1304,3,4
1305,5,5
1306,1,7
1307,6,6
1308,4,5
1309,4,4
1310,5,6
1311,2,5
1312,2,3
1313,2,5
1314,5,7
1315,1,1
1316,2,2
1317,2,2
1318,2,4
1319,3,4
1320,2,5
1321,2,2
1322,0,2
1323,6,6
1324,2,2
1325,1,1
1326,4,5
1327,3,3
1328,5,7
1329,6,6
1330,5,6
1331,2,2
1332,2,3
1333,2,2
1334,0,2
1335,4,4
1336,0,2
1337,3,3
1338,0,4
1339,6,7
1340,2,3
1341,5,5
1342,3,3
1343,5,5
1344,0,3
1345,6,6
1346,0,3
1347,5,5
1348,6,8
1349,6,8
1350,4,5
1351,6,6
1352,5,8
1353,2,2
1354,2,8
1355,3,3
1356,1,2
1357,4,4
1358,3,4
1359,4,6
1360,1,7
1361,3,6
1362,6,6
1363,4,7
1364,2,4
1365,3,3
1366,3,4
1367,2,7
1368,1,2
1369,4,4
1370,0,3
1371,3,3
1372,4,8
1373,5,5
1374,0,7
1375,4,4
1376,4,5
1377,3,3
1378,2,2
1379,4,4
1380,5,5
1381,2,3
1382,2,4
1383,4,4
1384,4,5
1385,2,2
1386,2,8
1387,4,4
1388,4,8
1389,3,6
1390,0,2
1391,3,3
1392,3,4
1393,2,4
1394,3,4
1395,4,5
1396,0,5
1397,1,1
1398,3,4
1399,1,1
1400,2,3
1401,5,5
1402,3,3
1403,7,7
1404,3,4
1405,2,2
1406,0,2
1407,4,4
1408,2,4
1409,2,2
1410,5,6
1411,2,2
1412,6,7
1413,4,8
1414,0,7
1415,2,4
1416,5,8
1417,3,3
1418,4,5
1419,4,4
1420,3,5
1421,3,4
1422,2,3
1423,6,8
1424,2,7
1425,3,4
1426,1,3
1427,3,3
1428,1,2
1429,4,4
1430,1,3
1431,3,3
1432,4,4
1433,5,7
1434,6,6
1435,3,3
1436,2,2
1437,4,4
1438,2,3
1439,2,2
1440,6,7
1441,8,8
1442,2,4
1443,3,3
1444,5,6
1445,5,6
1446,5,7
1447,2,2
1448,1,2
1449,4,4
1450,2,5
1451,2,2
1452,2,3
1453,4,4
1454,3,5
1455,4,5
1456,1,4
1457,3,3
1458,4,8
1459,3,3
1460,0,5
1461,2,5
1462,6,6
1463,4,4
1464,4,7
1465,5,5
1466,1,7
1467,5,5
1468,2,7
1469,7,7
1470,4,7
1471,7,8
1472,1,1
1473,2,6
1474,3,3
1475,3,3
1476,5,5
1477,3,4
1478,4,6
1479,4,4
1480,4,5
1481,4,6
1482,2,4
1483,3,8
1484,2,2
1485,6,6
1486,2,2
1487,4,5
1488,3,6
1489,3,3
1490,1,8
1491,3,5
1492,4,5
1493,3,7
1494,5,5
1495,2,2
1496,1,3
1497,3,6
1498,3,8
1499,3,3
1500,2,4
1501,5,8
1502,4,5
1503,2,4
1504,0,2
1505,2,2
1506,2,4
1507,5,5
1508,5,7
1509,4,4
1510,5,5
1511,4,5
1512,6,8
1513,4,5
1514,0,2
1515,6,6
1516,4,6
1517,2,2
1518,3,6
1519,3,5
1520,1,4
1521,2,7
1522,1,3
1523,7,7
1524,3,6
1525,6,6
1526,2,4
1527,6,8
1528,4,6
1529,4,4
1530,1,2
1531,5,5
1532,4,7
1533,4,4
1534,1,3
1535,5,5
1536,3,6
1537,5,6
1538,3,4
1539,1,1
1540,3,5
1541,2,2
1542,1,2
1543,6,6
1544,2,4
1545,4,4
1546,2,5
1547,1,1
1548,5,5
1549,3,3
1550,5,7
1551,3,3
1552,2,3
1553,2,2
1554,3,6
1555,3,3
1556,0,3
1557,4,4
1558,2,3
1559,7,7
1560,2,2
1561,5,9
1562,6,7
1563,3,5
1564,5,7
1565,5,7
1566,3,3
1567,2,4
1568,6,8
1569,3,9
1570,2,7
1571,4,7
1572,1,5
1573,2,3
1574,0,4
1575,6,8
1576,6,7
1577,3,3
1578,4,5
1579,5,5
1580,3,3
1581,8,8
1582,2,2
1583,3,3
1584,1,7
1585,5,5
1586,2,2
1587,2,4
1588,5,7
1589,3,3
1590,4,6
1591,2,2
1592,2,2
1593,3,6
1594,0,3
1595,2,2
1596,1,2
1597,4,4
1598,5,6
1599,6,6
1600,3,6
1601,4,4
1602,0,2
1603,2,2
1604,1,2
1605,3,3
1606,1,5
1607,3,3
1608,2,7
1609,3,3
1610,1,5
1611,4,8
1612,2,6
1613,2,5
1614,1,3
1615,3,3
1616,5,5
1617,5,5
1618,2,2
1619,4,5
1620,5,7
1621,5,6
1622,3,6
1623,6,7
1624,3,5
1625,7,7
1626,3,4
1627,1,1
1628,3,5
1629,3,4
1630,5,7
1631,5,5
1632,2,4
1633,2,2
1634,6,8
1635,8,8
1636,2,3
1637,2,5
1638,5,7
1639,3,5
1640,1,2
1641,2,2
1642,1,2
1643,3,3
1644,2,5
1645,2,2
1646,3,5
1647,4,5
1648,7,7
1649,6,6
1650,0,2
1651,2,4
1652,5,6
1653,5,9
1654,4,5
1655,4,4
1656,6,7
1657,2,2
1658,2,6
1659,6,7
1660,5,5
1661,3,3
1662,1,7
1663,2,2
1664,3,5
1665,6,6
1666,6,8
1667,4,5
1668,2,5
1669,3,4
1670,2,2
1671,2,2
1672,1,2
1673,7,7
1674,4,4
1675,4,4
1676,2,4
1677,6,6
1678,8,8
1679,2,2
1680,0,3
1681,2,2
1682,0,4
1683,3,3
1684,4,6
1685,3,3
1686,2,2
1687,2,4
1688,1,4
1689,2,2
1690,4,8
1691,3,3
1692,2,2
1693,7,7
1694,1,2
1695,6,7
1696,5,5
1697,8,8
1698,4,6
1699,4,6
1700,1,6
1701,3,6
1702,5,7
1703,2,2
1704,0,5
1705,4,4
1706,3,5
1707,3,4
1708,2,2
1709,2,10
1710,0,5
1711,3,3
1712,0,4
1713,6,8
1714,1,5
1715,2,2
1716,0,8
1717,4,4
1718,1,2
1719,4,5
1720,0,3
1721,4,4
1722,4,4
1723,2,2
1724,0,4
1725,2,3
1726,3,5
1727,3,5
1728,1,1
1729,4,4
1730,3,3
1731,5,6
1732,2,2
1733,3,7
1734,1,3
1735,3,3
1736,5,6
1737,4,4
1738,2,5
1739,2,5
1740,3,4
1741,6,7
1742,1,4
1743,5,5
1744,5,6
1745,5,5
1746,3,3
1747,4,4
1748,7,8
1749,7,7
1750,3,4
1751,6,7
1752,5,6
1753,2,5
1754,4,5
1755,2,2
1756,3,7
1757,3,3
1758,2,3
1759,2,2
1760,2,2
1761,7,9
1762,1,3
1763,4,4
1764,0,5
1765,3,3
1766,0,6
1767,4,6
1768,0,3
1769,4,4
1770,3,4
1771,6,7
1772,4,6
1773,5,7
1774,1,2
1775,3,3
1776,5,6
1777,2,4
1778,4,5
1779,3,3
1780,2,3
1781,5,5
1782,2,5
1783,2,2
1784,3,3
1785,4,4
1786,4,4
1787,2,5
1788,1,4
1789,6,6
1790,3,3
1791,5,5
1792,2,3
1793,3,3
1794,1,2
1795,5,5
1796,2,5
1797,3,7
1798,2,2
1799,3,8
1800,5,7
1801,2,6
1802,4,4
1803,2,2
1804,4,6
1805,3,3
1806,2,6
1807,4,4
1808,1,1
1809,2,2
1810,0,2
1811,5,5
1812,3,3
1813,8,8
1814,1,2
1815,3,8
1816,5,8
1817,2,3
1818,7,8
1819,2,2
1820,2,2
1821,6,6
1822,2,3
1823,5,5
1824,6,6
1825,5,5
1826,1,2
1827,4,4
1828,6,7
1829,2,2
1830,3,3
1831,8,8
1832,6,6
1833,2,2
1834,4,4
1835,4,4
1836,0,7
1837,3,3
1838,3,4
1839,5,5
1840,5,5
1841,8,8
1842,4,6
1843,5,5
1844,2,3
1845,3,3
1846,1,3
1847,4,4
1848,5,6
1849,3,3
1850,4,7
1851,3,3
1852,6,7
1853,2,8
1854,0,7
1855,7,7
1856,4,6
1857,7,8
1858,1,4
1859,4,5
1860,2,5
1861,4,5
1862,1,4
1863,4,6
1864,3,3
1865,2,2
1866,2,4
1867,3,3
1868,6,7
1869,2,2
1870,1,3
1871,4,5
1872,3,3
1873,2,2
1874,1,7
1875,7,8
1876,3,5
1877,5,5
1878,4,6
1879,3,3
1880,0,6
1881,3,3
1882,3,4
1883,3,3
1884,2,2
1885,5,5
1886,2,5
1887,2,7
1888,5,6
1889,2,5
1890,1,7
1891,7,8
1892,3,5
1893,5,9
1894,4,4
1895,4,4
1896,2,3
1897,2,2
1898,3,3
1899,6,8
1900,2,8
1901,2,2
1902,2,4
1903,5,7
1904,5,7
1905,8,8
1906,1,4
1907,3,3
1908,3,7
1909,5,5
1910,5,6
1911,2,2
1912,5,7
1913,7,7
1914,4,4
1915,5,5
1916,0,3
1917,2,2
1918,4,4
1919,6,6
1920,1,6
1921,7,7
1922,2,2
1923,3,4
1924,3,4
1925,6,7
1926,3,5
1927,6,6
1928,3,4
1929,2,2
1930,4,4
1931,3,4
1932,4,4
1933,5,6
1934,6,6
1935,2,4
1936,3,6
1937,2,6
1938,2,5
1939,3,6
1940,2,3
1941,3,3
1942,4,5
1943,6,6
1944,3,7
1945,3,3
1946,2,3
1947,4,4
1948,2,4
1949,6,6
1950,4,6
1951,4,4
1952,2,2
1953,3,3
1954,5,5
1955,5,5
1956,3,3
1957,3,3
1958,2,2
1959,2,2
1960,2,9
1961,5,5
1962,4,4
1963,9,9
1964,6,7
1965,5,7
1966,4,7
1967,2,2
1968,0,7
1969,2,2
1970,3,5
1971,7,7
1972,2,2
1973,2,3
1974,3,5
1975,2,2
1976,3,3
1977,2,2
1978,2,2
1979,4,4
1980,3,7
1981,3,3
1982,2,3
1983,5,5
1984,2,3
1985,3,5
1986,1,8
1987,2,2
1988,7,7
1989,5,5
1990,6,8
1991,6,7
1992,0,4
1993,2,2
1994,4,6
1995,6,6
1996,4,4
1997,2,2
1998,8,8
1999,2,2
2000,3,8
2001,3,3
2002,2,3
2003,6,6
2004,2,7
2005,3,3
2006,0,4
2007,8,8
2008,6,9
2009,7,7
2010,2,3
2011,6,6
2012,4,4
2013,3,5
2014,5,7
2015,3,3
2016,2,2
2017,4,4
2018,6,7
2019,7,7
2020,2,2
2021,4,4
2022,1,6
2023,7,8
2024,5,6
2025,3,3
2026,0,1
2027,4,4
2028,2,3
2029,8,8
2030,1,7
2031,6,6
2032,3,4
2033,2,7
2034,4,7
2035,4,6
2036,0,3
2037,5,5
2038,3,3
2039,5,5
2040,3,8
2041,2,5
2042,2,5
2043,3,6
2044,5,5
2045,4,7
2046,3,3
2047,5,5
2048,3,9
2049,2,2
2050,4,4
2051,6,6
2052,4,6
2053,5,6
2054,1,6
2055,5,6
2056,0,5
2057,2,3
2058,2,2
2059,5,5
2060,3,3
2061,2,7
2062,3,7
2063,4,4
2064,4,6
2065,4,4
2066,4,5
2067,5,6
2068,0,3
2069,6,7
2070,2,3
2071,3,3
2072,3,4
2073,8,8
2074,2,3
2075,5,5
2076,1,4
2077,2,2
2078,0,4
2079,2,2
2080,4,4
2081,3,3
2082,3,4
2083,5,5
2084,0,3
2085,2,2
2086,0,4
2087,3,4
2088,3,3
2089,2,4
2090,2,2
2091,6,6
2092,2,2
2093,7,7
2094,3,7
2095,3,7
2096,2,2
2097,4,4
2098,3,3
2099,3,5
2100,2,4
2101,2,5
2102,3,7
2103,3,5
2104,3,5
2105,5,6
2106,8,8
2107,2,2
2108,4,7
2109,7,7
2110,1,4
2111,4,4
2112,4,4
2113,2,2
2114,4,8
2115,6,6
2116,5,9
2117,6,6
2118,1,6
2119,3,5
2120,3,4
2121,5,5
2122,3,6
2123,3,4
2124,3,4
2125,6,6
2126,5,5
2127,4,5
2128,1,2
2129,2,2
2130,5,8
2131,3,3
2132,3,5
2133,4,4
2134,5,8
2135,2,6
2136,3,8
2137,7,7
2138,4,5
2139,2,4
2140,5,7
2141,7,7
2142,2,7
2143,3,8
2144,5,5
2145,2,4
2146,3,4
2147,2,2
2148,0,4
2149,5,6
2150,3,5
2151,2,2
2152,0,2
2153,6,6
2154,2,4
2155,8,8
2156,3,6
2157,3,3
2158,4,6
2159,7,7
2160,3,7
2161,4,4
2162,5,9
2163,4,7
2164,2,3
2165,2,6
2166,1,5
2167,3,6
2168,1,2
2169,7,8
2170,6,7
2171,2,2
2172,3,3
2173,4,5
2174,7,8
2175,3,3
2176,5,7
2177,4,4
2178,6,8
2179,1,1
2180,2,3
2181,1,1
2182,2,2
2183,2,2
2184,2,2
2185,3,5
2186,6,9
2187,3,5
2188,5,7
2189,3,3
2190,2,3
2191,4,5
2192,4,7
2193,4,5
2194,2,4
2195,5,5
2196,1,1
2197,2,2
2198,0,2
2199,7,8
2200,1,2
2201,4,5
2202,2,2
2203,3,3
2204,1,5
2205,6,6
2206,2,5
2207,2,2
2208,2,7
2209,3,7
2210,1,6
2211,3,3
2212,3,4
2213,4,5
2214,5,8
2215,4,4
2216,0,3
2217,4,4
2218,1,4
2219,3,3
2220,2,4
2221,4,4
2222,1,4
2223,2,2
2224,6,7
2225,7,7
2226,1,3
2227,3,7
2228,4,7
2229,3,3
2230,0,2
2231,4,4
2232,5,6
2233,4,5
2234,0,6
2235,3,3
2236,2,6
2237,7,7
2238,0,2
2239,3,7
2240,2,4
2241,2,5
2242,5,6
2243,7,7
2244,4,8
2245,7,7
2246,5,6
2247,6,6
2248,2,7
2249,4,4
2250,4,6
2251,4,4
2252,2,2
2253,7,7
2254,4,5
2255,3,7
2256,5,7
2257,3,3
2258,2,5
2259,5,7
2260,2,2
2261,4,4
2262,3,4
2263,5,5
2264,6,7
2265,6,6
2266,1,3
2267,3,3
2268,5,6
2269,3,3
2270,4,4
2271,4,7
2272,2,3
2273,5,5
2274,6,7
2275,5,5
2276,6,8
2277,5,5
2278,4,4
2279,6,7
2280,2,3
2281,5,8
2282,3,3
2283,2,2
2284,5,5
2285,6,6
2286,0,5
2287,2,2
2288,3,5
2289,6,6
2290,0,2
2291,5,7
2292,6,8
2293,4,6
2294,0,3
2295,6,7
2296,3,6
2297,3,4
2298,3,3
2299,5,6
2300,2,3
2301,8,8
2302,2,2
2303,4,4
2304,2,2
2305,4,4
2306,0,4
2307,5,7
2308,3,5
2309,2,8
2310,1,2
2311,3,7
2312,4,7
2313,2,2
2314,6,7
2315,3,3
2316,1,3
2317,3,5
2318,5,6
2319,6,6
2320,3,5
2321,5,5
2322,8,9
2323,3,3
2324,3,6
2325,3,3
2326,3,3
2327,6,8
2328,5,7
2329,4,4
2330,4,5
2331,4,6
2332,3,3
2333,6,6
2334,2,4
2335,4,4
2336,6,6
2337,7,8
2338,3,6
2339,4,5
2340,1,2
2341,7,8
2342,2,5
2343,4,4
2344,2,3
2345,7,7
2346,0,4
2347,5,8
2348,2,5
2349,4,4
2350,1,3
2351,5,9
2352,2,8
2353,5,5
2354,1,7
2355,4,4
2356,6,8
2357,2,2
2358,2,2
2359,2,2
2360,2,2
2361,3,4
2362,3,4
2363,6,7
2364,8,8
2365,4,4
2366,0,2
2367,5,5
2368,7,7
2369,2,2
2370,4,6
2371,8,8
2372,2,6
2373,2,4
2374,5,6
2375,3,8
2376,6,8
2377,5,5
2378,3,6
2379,3,5
2380,3,4
2381,6,6
2382,4,4
2383,2,2
2384,6,7
2385,4,4
2386,3,6
2387,2,2
2388,2,3
2389,5,5
2390,2,2
2391,2,2
2392,2,3
2393,3,3
2394,5,7
2395,3,3
2396,2,3
2397,3,3
2398,0,7
2399,3,5
2400,3,5
2401,6,6
2402,6,7
2403,6,6
2404,2,8
2405,4,4
2406,1,4
2407,7,7
2408,2,2
2409,3,3
2410,2,5
2411,3,3
2412,3,5
2413,3,6
2414,0,3
2415,7,7
2416,0,5
2417,1,1
2418,1,4
2419,3,4
2420,4,4
2421,4,4
2422,5,7
2423,4,4
2424,2,2
2425,5,5
2426,1,6
2427,4,4
2428,4,6
2429,3,3
2430,2,3
2431,2,2
2432,1,2
2433,5,5
2434,0,6
2435,3,3
2436,1,4
2437,6,6
2438,2,3
2439,3,3
2440,3,4
2441,5,6
2442,1,5
2443,3,5
2444,7,8
2445,3,6
2446,1,2
2447,4,4
2448,1,6
2449,3,3
2450,2,5
2451,7,7
2452,4,6
2453,6,7
2454,2,4
2455,2,2
2456,1,5
2457,2,2
2458,2,2
2459,7,8
2460,3,3
2461,7,8
2462,3,7
2463,5,6
2464,6,7
2465,4,4
2466,3,4
2467,6,6
2468,0,5
2469,6,6
2470,4,6
2471,3,3
2472,1,4
2473,2,2
2474,1,3
2475,3,3
2476,0,3
2477,6,8
2478,5,7
2479,5,5
2480,0,6
2481,6,6
2482,1,2
2483,3,6
2484,5,5
2485,4,4
2486,0,6
2487,4,7
2488,4,5
2489,4,6
2490,3,4
2491,3,3
2492,0,2
2493,3,6
2494,1,4
2495,5,5
2496,4,4
2497,6,6
2498,5,7
2499,6,8
2500,0,2
2501,4,5
2502,2,5
2503,2,2
2504,4,6
2505,4,4
2506,2,2
2507,2,5
2508,5,5
2509,5,5
2510,0,2
2511,3,4
2512,0,5
2513,4,4
2514,1,2
2515,5,5
2516,2,8
2517,6,6
2518,5,6
2519,3,6
2520,7,8
2521,2,5
2522,2,7
2523,5,8
2524,1,5
2525,2,2
2526,4,4
2527,4,4
2528,2,7
2529,4,7
2530,6,7
2531,5,8
2532,0,2
2533,3,9
2534,2,3
2535,4,4
2536,1,6
2537,5,5
2538,4,7
2539,5,5
2540,2,3
2541,4,7
2542,1,4
2543,7,7
2544,3,3
2545,3,4
2546,3,7
2547,5,5
2548,2,2
2549,2,2
2550,1,4
2551,6,8
2552,4,6
2553,2,2
2554,4,7
2555,2,2
2556,0,2
2557,3,6
2558,4,6
2559,3,6
2560,4,5
2561,3,4
2562,4,8
2563,6,9
2564,2,6
2565,3,3
2566,2,6
2567,6,6
2568,1,3
2569,5,7
2570,4,7
2571,5,5
2572,3,3
2573,3,3
2574,2,3
2575,2,2
2576,0,7
2577,2,4
2578,3,3
2579,4,7
2580,1,2
2581,4,7
2582,1,2
2583,2,2
2584,3,7
2585,4,5
2586,6,8
2587,2,2
2588,3,8
2589,5,6
2590,1,4
2591,4,5
2592,5,5
2593,3,3
2594,1,6
2595,4,8
2596,4,5
2597,6,6
2598,3,4
2599,6,7
2600,0,5
2601,4,4
2602,4,4
2603,6,6
2604,5,8
2605,6,6
2606,3,4
2607,4,4
2608,3,3
2609,3,5
2610,2,2
2611,7,7
2612,0,8
2613,3,5
2614,5,6
2615,7,7
2616,3,5
2617,5,5
2618,2,6
2619,3,3
2620,0,6
2621,6,7
2622,2,4
2623,2,2
2624,3,4
2625,2,2
2626,4,5
2627,5,5
2628,4,6
2629,4,6
2630,4,4
2631,2,2
2632,7,9
2633,7,8
2634,2,5
2635,5,5
2636,2,7
2637,4,4
2638,2,6
2639,3,3
2640,2,4
2641,2,2
2642,2,8
2643,7,7
2644,1,3
2645,5,5
2646,7,7
2647,2,4
2648,3,3
2649,2,2
2650,4,8
2651,2,5
2652,2,2
2653,3,4
2654,3,7
2655,5,5
2656,3,4
2657,5,6
2658,4,4
2659,8,8
2660,2,3
2661,2,2
2662,0,2
2663,4,4
2664,4,6
2665,3,3
2666,3,3
2667,2,2
2668,2,3
2669,2,2
2670,3,6
2671,5,5
2672,2,2
2673,2,2
2674,4,4
2675,5,5
2676,3,3
2677,4,4
2678,3,3
2679,5,5
2680,3,3
2681,2,2
2682,7,8
2683,2,2
2684,0,8
2685,2,2
2686,3,7
2687,7,7
2688,1,8
2689,7,7
2690,5,5
2691,3,8
2692,4,6
2693,4,7
2694,4,6
2695,5,5
2696,2,5
2697,5,5
2698,4,5
2699,5,5
2700,0,2
2701,7,7
2702,6,8
2703,2,2
2704,3,4
2705,2,6
2706,2,6
2707,3,3
2708,3,6
2709,3,3
2710,0,3
2711,3,4
2712,4,7
2713,3,4
2714,3,3
2715,4,4
2716,6,8
2717,4,4
2718,2,2
2719,4,4
2720,2,4
2721,2,2
2722,3,3
2723,6,6
2724,5,6
2725,5,5
2726,3,3
2727,3,3
2728,2,2
2729,2,2
2730,2,3
2731,4,4
2732,2,4
2733,4,5
2734,2,7
2735,5,6
2736,2,2
2737,3,3
2738,3,5
2739,7,7
2740,2,3
2741,3,3
2742,2,2
2743,3,3
2744,7,7
2745,5,9
2746,2,4
2747,5,5
2748,4,4
2749,6,6
2750,7,7
2751,4,4
2752,2,7
2753,7,7
2754,3,6
2755,4,4
2756,1,4
2757,4,4
2758,2,2
2759,2,4
2760,5,5
2761,5,5
2762,4,5
2763,7,8
2764,2,5
2765,4,7
2766,1,7
2767,3,3
2768,1,7
2769,3,4
2770,4,6
2771,3,3
2772,3,4
2773,6,6
2774,1,1
2775,5,5
2776,3,6
2777,4,4
2778,3,6
2779,3,8
2780,1,2
2781,5,7
2782,3,6
2783,6,6
2784,3,5
2785,3,3
2786,3,5
2787,2,2
2788,6,6
2789,4,4
2790,1,2
2791,5,5
2792,3,4
2793,8,8
2794,2,2
2795,6,8
2796,1,4
2797,2,2
2798,2,2
2799,5,5
2800,1,2
2801,3,3
2802,4,6
2803,3,3
2804,1,2
2805,4,4
2806,5,7
2807,4,5
2808,5,8
2809,2,2
2810,2,3
2811,5,7
2812,5,7
2813,5,5
2814,4,8
2815,3,3
2816,2,4
2817,2,5
2818,0,3
2819,6,6
2820,2,7
2821,4,4
2822,4,5
2823,4,4
2824,1,3
2825,2,2
2826,1,4
2827,5,7
2828,3,8
2829,2,2
2830,1,4
2831,5,5
2832,2,3
2833,6,6
2834,4,7
2835,4,5
2836,6,8
2837,3,4
2838,0,3
2839,3,3
2840,2,4
2841,7,8
2842,1,4
2843,6,6
2844,2,6
2845,5,6
2846,1,3
2847,2,2
2848,2,2
2849,3,3
2850,1,4
2851,4,4
2852,1,2
2853,5,5
2854,5,7
2855,2,2
2856,2,2
2857,5,5
2858,0,4
2859,3,6
2860,3,5
2861,4,7
2862,3,3
2863,5,5
2864,3,3
2865,2,3
2866,1,8
2867,2,6
2868,2,4
2869,5,6
2870,3,4
2871,3,3
2872,5,5
2873,2,2
2874,4,5
2875,3,3
2876,4,5
2877,6,6
2878,3,6
2879,2,2
2880,0,9
2881,4,5
2882,0,7
2883,5,5
2884,3,5
2885,4,6
2886,1,2
2887,4,4
2888,1,2
2889,2,2
2890,0,7
2891,3,5
2892,1,2
2893,3,3
2894,0,5
2895,4,4
2896,1,4
2897,9,9
2898,6,8
2899,2,2
2900,5,5
2901,2,3
2902,1,2
2903,8,8
2904,4,7
2905,5,6
2906,3,7
2907,5,5
2908,1,2
2909,3,3
2910,3,6
2911,2,2
2912,5,6
2913,6,7
2914,2,6
2915,7,8
2916,2,5
2917,3,8
2918,5,5
2919,2,2
2920,5,7
2921,4,4
2922,3,6
2923,5,5
2924,1,5
2925,2,3
2926,4,4
2927,4,6
2928,0,2
2929,2,2
2930,1,5
2931,2,7
2932,2,2
2933,7,7
2934,4,7
2935,5,5
2936,3,3
2937,5,6
2938,5,7
2939,3,4
2940,0,5
2941,6,6
2942,5,6
2943,4,4
2944,0,2
2945,4,4
2946,3,3
2947,4,4
2948,3,4
2949,4,4
2950,4,7
2951,7,7
2952,3,4
2953,2,5
2954,4,7
2955,6,7
2956,5,5
2957,6,7
2958,2,7
2959,3,3
2960,1,4
2961,3,5
2962,2,6
2963,6,7
2964,0,4
2965,2,2
2966,3,7
2967,3,7
2968,4,4
2969,5,7
2970,1,7
2971,7,8
2972,2,3
2973,2,4
2974,3,4
2975,2,2
2976,1,7
2977,7,7
2978,1,3
2979,6,8
2980,3,4
2981,5,5
2982,0,1
2983,2,4
2984,5,7
2985,2,7
2986,6,7
2987,5,5
2988,3,5
2989,5,5
2990,5,7
2991,3,3
2992,1,2
2993,6,6
2994,0,2
2995,7,7
2996,3,6
2997,1,1
2998,2,2
2999,2,2
3000,4,5
3001,6,6
3002,0,4
3003,5,5
3004,3,7
3005,5,5
3006,0,4
3007,6,7
3008,4,7
3009,3,7
3010,2,6
3011,3,3
3012,3,3
3013,5,5
3014,2,3
3015,3,8
3016,6,6
3017,4,7
3018,0,2
3019,4,4
3020,2,4
3021,5,5
3022,4,5
3023,5,5
3024,5,6
3025,4,4
3026,3,4
3027,5,5
3028,6,8
3029,5,7
3030,2,4
3031,4,4
3032,5,6
3033,5,8
3034,2,5
3035,5,5
3036,2,2
3037,4,6
3038,3,4
3039,7,7
3040,4,7
3041,1,1
3042,3,6
3043,2,2
3044,2,3
3045,2,3
3046,3,4
3047,4,4
3048,6,6
3049,2,2
3050,5,6
3051,3,7
3052,0,6
3053,4,5
3054,2,2
3055,3,3
3056,3,6
3057,3,3
3058,5,7
3059,2,3
3060,3,4
3061,3,3
3062,8,8
3063,3,3
3064,3,8
3065,7,7
3066,2,6
3067,2,2
3068,4,6
3069,2,2
3070,3,4
3071,2,2
3072,3,6
3073,2,2
3074,2,8
3075,5,5
3076,0,5
3077,3,3
3078,1,4
3079,4,5
3080,3,4
3081,2,5
3082,0,3
3083,3,3
3084,1,4
3085,2,2
3086,7,7
3087,4,4
3088,4,5
3089,2,2
3090,5,8
3091,2,2
3092,3,4
3093,5,5
3094,1,7
3095,4,7
3096,2,6
3097,3,8
3098,4,4
3099,4,4
3100,3,4
3101,4,4
3102,4,6
3103,5,5
3104,0,4
3105,4,4
3106,5,7
3107,5,6
3108,2,8
3109,3,3
3110,5,7
3111,2,2
3112,2,3
3113,3,6
3114,1,2
3115,4,4
3116,1,2
3117,6,6
3118,3,8
3119,5,5
3120,1,2
3121,2,2
3122,2,2
3123,2,3
3124,2,4
3125,3,4
3126,4,7
3127,6,8
3128,1,3
3129,6,6
3130,1,2
3131,3,3
3132,4,6
3133,5,6
3134,2,3
3135,2,4
3136,1,4
3137,4,5
3138,1,2
3139,3,3
3140,1,7
3141,3,3
3142,0,6
3143,5,5
3144,2,4
3145,3,3
3146,1,3
3147,6,8
3148,2,2
3149,6,8
3150,1,4
3151,4,4
3152,2,8
3153,4,4
3154,2,3
3155,5,5
3156,1,3
3157,2,2
3158,0,2
3159,5,8
3160,3,4
3161,3,3
3162,2,2
3163,2,3
3164,1,2
3165,5,5
3166,2,8
3167,4,4
3168,1,5
3169,3,3
3170,3,5
3171,2,2
3172,3,8
3173,3,8
3174,3,3
3175,4,4
3176,0,3
3177,4,4
3178,5,8
3179,7,7
3180,0,4
3181,3,3
3182,2,8
3183,7,7
3184,0,7
3185,7,7
3186,3,4
3187,5,5
3188,3,5
3189,2,2
3190,3,5
3191,7,7
3192,1,7
3193,3,3
3194,5,7
3195,3,4
3196,5,6
3197,4,4
3198,1,2
3199,3,7
3200,3,4
3201,2,2
3202,0,5
3203,4,4
3204,3,6
3205,3,8
3206,3,6
3207,3,9
3208,4,4
3209,6,6
3210,1,3
3211,4,4
3212,1,2
3213,5,5
3214,0,4
3215,2,6
3216,2,8
3217,5,5
3218,2,2
3219,5,5
3220,0,8
3221,3,3
3222,4,5
3223,3,3
3224,4,7
3225,3,5
3226,2,5
3227,3,5
3228,0,5
3229,2,2
3230,0,3
3231,4,4
3232,3,5
3233,5,5
3234,0,3
3235,2,3
3236,1,3
3237,2,4
3238,3,3
3239,7,7
3240,4,5
3241,7,7
3242,0,3
3243,5,8
3244,4,4
3245,7,7
3246,2,5
3247,7,7
3248,6,9
3249,3,3
3250,4,5
3251,3,3
3252,0,3
3253,4,4
3254,3,3
3255,7,7
3256,0,7
3257,5,7
3258,2,2
3259,3,3
3260,2,3
3261,2,6
3262,2,3
3263,7,7
3264,4,4
3265,4,5
3266,4,7
3267,4,4
3268,4,4
3269,3,3
3270,3,4
3271,2,5
3272,1,2
3273,4,4
3274,3,3
3275,2,8
3276,1,2
3277,3,4
3278,1,3
3279,6,7
3280,1,7
3281,2,3
3282,0,4
3283,3,3
3284,2,3
3285,2,2
3286,2,6
3287,5,5
3288,3,4
3289,3,4
3290,3,4
3291,5,5
3292,3,3
3293,4,4
3294,3,5
3295,6,7
3296,6,7
3297,2,8
3298,3,7
3299,6,6
3300,0,4
3301,5,6
3302,2,4
3303,6,7
3304,1,2
3305,2,2
3306,1,6
3307,7,8
3308,3,6
3309,3,3
3310,2,3
3311,3,3
3312,0,2
3313,7,7
3314,1,2
3315,4,4
3316,6,7
3317,6,6
3318,0,8
3319,4,4
3320,3,3
3321,7,7
3322,2,3
3323,2,2
3324,3,5
3325,7,7
3326,4,6
3327,4,4
3328,0,4
3329,4,6
3330,4,4
3331,4,4
3332,1,2
3333,6,6
3334,0,4
3335,4,6
3336,1,8
3337,5,5
3338,3,3
3339,4,4
3340,5,7
3341,2,4
3342,2,2
3343,2,6
3344,1,4
3345,4,8
3346,2,2
3347,6,6
3348,0,4
3349,3,3
3350,3,3
3351,3,6
3352,2,4
3353,6,7
3354,2,7
3355,5,5
3356,6,9
3357,6,6
3358,2,4
3359,7,7
3360,2,4
3361,5,5
3362,1,7
3363,6,8
3364,1,7
3365,4,6
3366,2,2
3367,5,8
3368,5,6
3369,2,2
3370,2,2
3371,2,2
3372,1,2
3373,5,5
3374,1,2
3375,3,3
3376,1,3
3377,6,6
3378,4,5
3379,3,3
3380,1,2
3381,2,6
3382,5,7
3383,3,3
3384,7,7
3385,5,5
3386,3,6
3387,4,4
3388,3,5
3389,7,7
3390,3,4
3391,5,5
3392,3,8
3393,3,8
3394,2,8
3395,4,7
3396,1,2
3397,6,6
3398,2,4
3399,6,6
3400,1,4
3401,6,8
3402,1,5
3403,5,7
3404,4,5
3405,3,3
3406,0,2
3407,3,4
3408,2,2
3409,4,4
3410,5,6
3411,2,2
3412,5,6
3413,7,7
3414,0,8
3415,4,4
3416,6,7
3417,7,7
3418,3,6
3419,5,5
3420,0,7
3421,3,3
3422,3,4
3423,6,6
3424,5,6
3425,4,4
3426,4,4
3427,4,8
3428,4,7
3429,3,3
3430,3,4
3431,3,4
3432,5,6
3433,4,4
3434,0,6
3435,4,4
3436,2,5
3437,3,3
3438,0,2
3439,5,8
3440,4,5
3441,2,2
3442,5,7
3443,5,6
3444,4,4
3445,2,2
3446,3,5
3447,3,5
3448,5,6
3449,1,1
3450,2,6
3451,4,4
3452,4,5
3453,1,1
3454,4,5
3455,7,8
3456,2,3
3457,3,3
3458,3,4
3459,4,7
3460,0,3
3461,3,7
3462,2,8
3463,7,7
3464,1,6
3465,6,9
3466,3,3
3467,6,7
3468,4,5
3469,2,2
3470,2,8
3471,3,3
3472,2,3
3473,8,8
3474,0,2
3475,2,2
3476,3,5
3477,4,6
3478,5,5
3479,4,6
3480,3,3
3481,4,6
3482,2,5
3483,3,3
3484,2,2
3485,3,3
3486,4,7
3487,5,6
3488,5,6
3489,5,8
3490,1,3
3491,3,3
3492,1,2
3493,4,4
3494,0,2
3495,5,6
3496,3,5
3497,6,7
3498,6,6
3499,5,5
3500,2,3
3501,6,6
3502,1,6
3503,5,6
3504,3,3
3505,4,4
3506,2,2
3507,5,5
3508,3,4
3509,3,3
3510,4,8
3511,4,6
3512,1,3
3513,7,7
3514,2,2
3515,3,3
3516,3,7
3517,3,3
3518,5,6
3519,3,3
3520,7,8
3521,4,6
3522,5,8
3523,3,3
3524,5,6
3525,5,5
3526,4,4
3527,2,2
3528,2,4
3529,4,4
3530,1,2
3531,8,8
3532,0,2
3533,6,6
3534,2,3
3535,6,7
3536,2,4
3537,7,7
3538,1,7
3539,2,2
3540,1,3
3541,2,2
3542,2,8
3543,4,4
3544,4,6
3545,5,5
3546,0,3
3547,3,3
3548,1,4
3549,3,3
3550,5,6
3551,2,2
3552,5,5
3553,3,7
3554,2,5
3555,8,8
3556,2,3
3557,5,5
3558,2,3
3559,2,5
3560,3,8
3561,2,2
3562,3,4
3563,5,6
3564,3,5
3565,2,2
3566,0,2
3567,2,5
3568,3,6
3569,3,3
3570,1,3
3571,6,6
3572,5,7
3573,3,6
3574,3,7
3575,3,3
3576,2,5
3577,2,3
3578,0,8
3579,5,5
3580,2,3
3581,4,4
3582,4,6
3583,4,4
3584,6,7
3585,5,5
3586,7,7
3587,2,3
3588,2,3
3589,4,4
3590,1,1
3591,2,4
3592,3,3
3593,3,3
3594,2,3
3595,3,8
3596,6,6
3597,7,7
3598,0,6
3599,5,5
3600,4,6
3601,5,5
3602,6,7
3603,2,6
3604,6,6
3605,6,6
3606,3,6
3607,4,4
3608,2,8
3609,4,4
3610,5,5
3611,4,4
3612,4,5
3613,5,8
3614,1,6
3615,2,2
3616,6,6
3617,8,8
3618,4,7
3619,4,4
3620,5,7
3621,2,2
3622,1,8
3623,2,2
3624,2,3
3625,5,5
3626,3,4
3627,6,6
3628,4,6
3629,5,5
3630,4,5
3631,5,5
3632,5,8
3633,3,6
3634,6,6
3635,3,3
3636,5,5
3637,3,3
3638,2,5
3639,2,2
3640,1,5
3641,3,3
3642,5,7
3643,7,7
3644,2,2
3645,4,4
3646,2,2
3647,2,2
3648,1,2
3649,3,3
3650,3,3
3651,6,7
3652,3,6
3653,4,4
3654,2,2
3655,2,2
3656,6,7
3657,3,3
3658,1,2
3659,8,8
3660,2,7
3661,4,7
3662,4,5
3663,4,4
3664,2,2
3665,5,5
3666,1,3
3667,3,3
3668,1,2
3669,3,4
3670,0,6
3671,5,5
3672,4,7
3673,1,1
3674,0,1
3675,6,7
3676,2,2
3677,6,6
3678,4,4
3679,3,7
3680,3,3
3681,4,6
3682,2,2
3683,3,6
3684,3,5
3685,9,9
3686,5,7
3687,5,5
3688,2,7
3689,3,3
3690,7,8
3691,5,5
3692,5,7
3693,3,3
3694,2,7
3695,5,5
3696,5,7
3697,3,3
3698,6,6
3699,3,4
3700,1,4
3701,5,8
3702,0,2
3703,3,4
3704,7,7
3705,2,2
3706,5,7
3707,6,6
3708,7,8
3709,6,7
3710,1,1
3711,4,4
3712,5,7
3713,2,2
3714,1,6
3715,2,6
3716,3,3
3717,7,7
3718,4,5
3719,6,7
3720,2,7
3721,3,3
3722,3,4
3723,2,2
3724,7,8
3725,7,9
3726,1,2
3727,2,2
3728,3,5
3729,5,5
3730,3,3
3731,3,3
3732,3,5
3733,2,2
3734,1,5
3735,3,3
3736,5,8
3737,2,3
3738,2,2
3739,5,5
3740,1,4
3741,3,3
3742,4,4
3743,3,3
3744,5,6
3745,3,6
3746,5,6
3747,6,6
3748,4,8
3749,3,3
3750,3,5
3751,6,6
3752,2,6
3753,2,2
3754,1,7
3755,2,2
3756,0,2
3757,3,3
3758,4,7
3759,4,5
3760,2,3
3761,3,3
3762,4,4
3763,5,5
3764,1,6
3765,8,8
3766,0,2
3767,2,4
3768,0,4
3769,2,2
3770,2,4
3771,3,3
3772,2,6
3773,3,4
3774,3,4
3775,3,6
3776,0,5
3777,3,4
3778,2,4
3779,2,3
3780,5,5
3781,5,5
3782,5,6
3783,2,2
3784,3,6
3785,4,4
3786,0,2
3787,6,6
3788,4,6
3789,2,3
3790,2,4
3791,1,1
3792,1,3
3793,4,4
3794,1,7
3795,3,6
3796,3,7
3797,4,6
3798,1,3
3799,3,3
3800,1,2
3801,2,3
3802,4,4
3803,3,3
3804,6,6
3805,7,8
3806,0,2
3807,3,7
3808,2,6
3809,4,4
3810,6,8
3811,5,5
3812,5,5
3813,7,7
3814,0,3
3815,4,6
3816,2,2
3817,2,2
3818,3,4
3819,5,7
3820,2,3
3821,4,4
3822,1,3
3823,2,5
3824,3,4
3825,5,6
3826,3,4
3827,6,6
3828,4,4
3829,3,8
3830,4,6
3831,2,2
3832,2,5
3833,6,6
3834,4,4
3835,4,7
3836,5,7
3837,2,2
3838,0,6
3839,5,5
3840,5,5
3841,2,2
3842,2,2
3843,2,2
3844,3,3
3845,3,3
3846,4,4
3847,2,2
3848,4,6
3849,5,5
3850,1,7
3851,3,6
3852,3,5
3853,2,2
3854,3,8
3855,2,6
3856,3,4
3857,3,4
3858,1,3
3859,9,9
3860,2,5
3861,2,2
3862,3,6
3863,3,6
3864,4,7
3865,7,7
3866,3,6
3867,3,3
3868,3,4
3869,3,4
3870,5,5
3871,8,8
3872,3,3
3873,4,6
3874,5,8
3875,6,6
3876,6,6
3877,2,6
3878,5,8
3879,2,2
3880,0,2
3881,9,9
3882,3,3
3883,3,4
3884,3,6
3885,2,5
3886,3,5
3887,3,3
3888,4,4
3889,5,5
3890,1,5
3891,8,8
3892,2,2
3893,2,2
3894,2,3
3895,3,3
3896,4,4
3897,2,6
3898,4,5
3899,5,5
3900,4,8
3901,2,2
3902,4,5
3903,7,8
3904,2,3
3905,4,4
3906,2,2
3907,2,2
3908,1,2
3909,6,6
3910,4,4
3911,2,3
3912,2,2
3913,6,8
3914,3,4
3915,2,2
3916,1,2
3917,2,5
3918,3,3
3919,3,6
3920,4,6
3921,5,5
3922,0,3
3923,3,3
3924,2,3
3925,5,5
3926,5,5
3927,2,2
3928,5,7
3929,5,9
3930,2,5
3931,5,5
3932,5,6
3933,3,3
3934,3,5
3935,4,4
3936,3,6
3937,4,4
3938,1,2
3939,3,3
3940,1,3
3941,5,8
3942,3,6
3943,4,4
3944,2,3
3945,2,2
3946,6,7
3947,5,7
3948,2,5
3949,4,4
3950,4,4
3951,2,2
3952,2,6
3953,8,8
3954,2,3
3955,2,2
3956,5,6
3957,3,3
3958,7,8
3959,2,8
3960,4,5
3961,4,4
3962,1,1
3963,2,6
3964,2,3
3965,5,5
3966,5,6
3967,3,6
3968,0,3
3969,2,2
3970,2,2
3971,6,6
3972,2,2
3973,5,7
3974,2,3
3975,4,4
3976,2,3
3977,3,3
3978,1,2
3979,6,8
3980,1,2
3981,3,3
3982,2,3
3983,3,3
3984,1,3
3985,2,2
3986,4,6
3987,6,7
3988,2,5
3989,4,4
3990,1,3
3991,4,8
3992,4,8
3993,3,3
3994,7,7
3995,8,8
3996,4,5
3997,5,5
3998,3,3
3999,6,6
4000,5,6
4001,7,7
4002,4,5
4003,2,2
4004,2,2
4005,4,4
4006,1,8
4007,5,5
4008,2,5
4009,4,4
4010,7,8
4011,3,8
4012,2,2
4013,3,6
4014,2,2
4015,3,7
4016,1,4
4017,5,5
4018,7,7
4019,3,3
4020,0,6
4021,2,8
4022,4,4
4023,2,2
4024,2,4
4025,5,7
4026,3,5
4027,5,5
4028,5,7
4029,2,2
4030,1,6
4031,3,3
4032,5,7
4033,3,3
4034,0,4
4035,3,3
4036,3,3
4037,3,3
4038,1,5
4039,1,1
4040,5,5
4041,5,5
4042,1,3
4043,3,5
4044,3,5
4045,6,7
4046,5,5
4047,5,5
4048,4,7
4049,8,8
4050,5,7
4051,3,3
4052,0,4
4053,2,3
4054,1,6
4055,6,6
4056,1,2
4057,4,4
4058,1,2
4059,4,4
4060,8,8
4061,4,4
4062,6,8
4063,2,2
4064,3,4
4065,4,4
4066,3,4
4067,3,3
4068,2,7
4069,5,6
4070,1,2
4071,3,4
4072,1,3
4073,5,7
4074,1,4
4075,7,8
4076,2,6
4077,2,2
4078,3,5
4079,3,3
4080,2,4
4081,3,3
4082,2,2
4083,4,5
4084,4,7
4085,3,3
4086,2,2
4087,8,8
4088,0,6
4089,4,6
4090,4,4
4091,4,4
4092,2,3
4093,2,2
4094,3,6
4095,2,2
4096,0,3
4097,3,3
4098,1,3
4099,2,2
4100,3,5
4101,3,6
4102,3,3
4103,6,6
4104,2,7
4105,2,4
4106,3,6
4107,4,7
4108,8,8
4109,2,2
4110,2,2
4111,2,2
4112,2,6
4113,6,6
4114,2,7
4115,4,6
4116,1,5
4117,3,6
4118,1,4
4119,3,3
4120,6,8
4121,1,1
4122,2,2
4123,3,3
4124,4,4
4125,4,4
4126,6,6
4127,3,7
4128,0,2
4129,3,6
4130,1,8
4131,2,2
4132,1,2
4133,6,6
4134,0,2
4135,7,9
4136,3,4
4137,4,4
4138,4,4
4139,4,4
4140,0,4
4141,8,8
4142,1,8
4143,2,2
4144,3,4
4145,7,8
4146,4,6
4147,4,4
4148,2,2
4149,2,2
4150,5,6
4151,6,6
4152,3,5
4153,4,4
4154,2,4
4155,3,3
4156,3,4
4157,4,4
4158,2,2
4159,5,6
4160,0,7
4161,2,4
4162,3,5
4163,4,4
4164,1,5
4165,3,5
4166,2,5
4167,2,2
4168,2,5
4169,4,8
4170,3,3
4171,5,5
4172,6,6
4173,5,7
4174,1,7
4175,5,5
4176,1,3
4177,7,7
4178,3,3
4179,2,2
4180,2,4
4181,2,4
4182,3,8
4183,7,7
4184,2,5
4185,3,4
4186,2,6
4187,5,5
4188,2,2
4189,4,4
4190,1,5
4191,4,4
4192,3,4
4193,2,2
4194,2,2
4195,2,3
4196,2,3
4197,5,5
4198,3,7
4199,4,4
4200,3,4
4201,2,2
4202,3,6
4203,3,6
4204,1,2
4205,4,6
4206,1,2
4207,5,5
4208,5,6
4209,2,2
4210,0,2
4211,4,4
4212,2,4
4213,2,3
4214,2,2
4215,3,3
4216,3,7
4217,2,2
4218,2,4
4219,3,3
4220,2,6
4221,4,4
4222,3,4
4223,6,7
4224,1,2
4225,2,2
4226,5,6
4227,4,4
4228,3,8
4229,5,5
4230,6,7
4231,2,8
4232,3,6
4233,4,4
4234,4,8
4235,5,6
4236,3,4
4237,6,6
4238,5,6
4239,3,7
4240,3,4
4241,3,3
4242,3,4
4243,4,7
4244,3,3
4245,2,3
4246,2,2
4247,7,7
4248,4,5
4249,3,5
4250,0,6
4251,3,6
4252,0,6
4253,5,5
4254,3,6
4255,6,6
4256,1,2
4257,3,3
4258,0,3
4259,6,8
4260,0,7
4261,8,8
4262,7,8
4263,4,5
4264,4,6
4265,5,5
4266,5,6
4267,2,2
4268,4,6
4269,4,7
4270,0,6
4271,7,8
4272,3,6
4273,4,4
4274,5,5
4275,4,4
4276,4,4
4277,7,7
4278,2,5
4279,2,6
4280,3,4
4281,6,6
4282,3,7
4283,3,4
4284,6,8
4285,2,2
4286,0,3
4287,2,2
4288,0,4
4289,3,3
4290,1,7
4291,1,1
4292,5,8
4293,3,6
4294,5,5
4295,4,7
4296,4,4
4297,2,5
4298,4,7
4299,2,2
4300,2,4
4301,2,2
4302,5,6
4303,2,2
4304,2,7
4305,2,2
4306,3,7
4307,7,8
4308,2,2
4309,3,3
4310,0,2
4311,3,3
4312,4,5
4313,5,7
4314,5,8
4315,5,5
4316,2,2
4317,3,3
4318,2,3
4319,2,2
4320,1,8
4321,3,3
4322,4,7
4323,7,7
4324,3,6
4325,2,4
4326,7,7
4327,3,3
4328,0,5
4329,7,7
4330,4,7
4331,3,5
4332,5,6
4333,7,8
4334,0,3
4335,4,5
4336,3,5
4337,5,5
4338,3,6
4339,3,3
4340,5,6
4341,6,6
4342,2,3
4343,4,7
4344,5,6
4345,4,4
4346,4,5
4347,3,8
4348,3,3
4349,5,5
4350,2,3
4351,2,2
4352,0,4
4353,5,5
4354,5,5
4355,3,3
4356,2,3
4357,3,5
4358,7,7
4359,6,7
4360,2,4
4361,3,6
4362,4,5
4363,2,3
4364,3,3
4365,2,3
4366,4,6
4367,1,1
4368,1,3
4369,5,8
4370,2,4
4371,7,7
4372,2,3
4373,3,7
4374,4,4
4375,6,6
4376,1,8
4377,7,7
4378,3,3
4379,9,9
4380,1,3
4381,6,6
4382,2,2
4383,2,2
4384,5,6
4385,6,6
4386,4,6
4387,6,8
4388,4,4
4389,2,2
4390,3,5
4391,2,2
4392,1,2
4393,4,6
4394,6,8
4395,2,2
4396,2,8
4397,6,6
4398,5,5
4399,7,7
4400,1,3
4401,5,5
4402,5,5
4403,5,6
4404,0,7
4405,5,5
4406,4,4
4407,2,2
4408,4,6
4409,2,2
4410,3,5
4411,7,7
4412,0,3
4413,4,4
4414,2,5
4415,3,7
4416,6,6
4417,6,6
4418,4,8
4419,4,4
4420,1,5
4421,3,3
4422,5,6
4423,3,4
4424,3,3
4425,7,7
4426,0,4
4427,4,4
4428,5,7
4429,3,5
4430,3,3
4431,2,6
4432,4,5
4433,3,3
4434,3,3
4435,4,5
4436,1,4
4437,7,8
4438,3,5
4439,5,7
4440,1,2
4441,3,7
4442,4,7
4443,2,2
4444,3,8
4445,4,4
4446,3,3
4447,2,4
4448,2,4
4449,5,6
4450,4,6
4451,3,3
4452,1,2
4453,3,6
4454,1,2
4455,2,2
4456,4,7
4457,2,4
4458,1,6
4459,4,4
4460,2,4
4461,5,6
4462,5,8
4463,3,8
4464,2,3
4465,6,6
4466,5,5
4467,6,6
4468,3,5
4469,4,4
4470,2,6
4471,1,1
4472,1,5
4473,4,4
4474,6,8
4475,3,5
4476,3,3
4477,5,5
4478,2,4
4479,6,6
4480,3,6
4481,8,8
4482,3,6
4483,4,5
4484,3,6
4485,3,3
4486,0,1
4487,2,6
4488,1,2
4489,2,5
4490,1,6
4491,7,7
4492,2,3
4493,2,2
4494,2,5
4495,5,5
4496,1,3
4497,2,4
4498,3,7
4499,3,6
4500,3,3
4501,5,5
4502,2,4
4503,3,3
4504,2,3
4505,7,7
4506,0,4
4507,4,4
4508,2,4
4509,2,2
4510,6,7
4511,4,4
4512,0,3
4513,6,6
4514,0,2
4515,5,5
4516,2,5
4517,6,6
4518,0,2
4519,3,4
4520,2,7
4521,2,2
4522,1,2
4523,6,7
4524,0,4
4525,4,7
4526,4,6
4527,1,1
4528,2,4
4529,2,2
4530,1,6
4531,4,4
4532,2,2
4533,6,6
4534,2,4
4535,6,6
4536,6,6
4537,5,5
4538,0,2
4539,4,6
4540,1,2
4541,4,8
4542,2,6
4543,4,4
4544,3,6
4545,2,2
4546,5,6
4547,7,7
4548,3,6
4549,3,4
4550,6,6
4551,5,5
4552,2,2
4553,2,2
4554,1,2
4555,5,7
4556,3,5
4557,2,2
4558,3,3
4559,6,8
4560,4,4
4561,2,2
4562,3,5
4563,3,3
4564,1,7
4565,4,7
4566,1,1
4567,3,3
4568,4,4
4569,8,8
4570,2,5
4571,5,7
4572,3,7
4573,6,7
4574,0,4
4575,5,6
4576,4,8
4577,2,2
4578,4,7
4579,2,2
4580,1,3
4581,2,2
4582,2,2
4583,4,4
4584,3,4
4585,7,7
4586,2,3
4587,7,7
4588,2,6
4589,4,4
4590,0,2
4591,3,3
4592,0,3
4593,4,4
4594,5,6
4595,4,4
4596,0,2
4597,5,5
4598,4,4
4599,4,4
4600,0,2
4601,5,9
4602,4,8
4603,5,5
4604,4,7
4605,1,1
4606,2,2
4607,4,6
4608,4,4
4609,2,4
4610,2,3
4611,6,7
4612,0,2
4613,2,2
4614,5,5
4615,6,6
4616,0,5
4617,4,7
4618,2,2
4619,4,4
4620,1,5
4621,3,3
4622,1,3
4623,6,6
4624,2,4
4625,6,6
4626,3,6
4627,5,5
4628,0,5
4629,3,4
4630,1,4
4631,2,2
4632,2,8
4633,3,3
4634,3,3
4635,2,2
4636,1,1
4637,4,4
4638,2,3
4639,2,4
4640,2,2
4641,6,6
4642,0,2
4643,4,4
4644,4,6
4645,3,4
4646,2,3
4647,4,4
4648,6,9
4649,6,6
4650,2,2
4651,4,8
4652,3,4
4653,7,7
4654,2,3
4655,3,3
4656,2,4
4657,4,6
4658,6,7
4659,2,2
4660,3,8
4661,4,7
4662,2,7
4663,5,5
4664,2,8
4665,4,4
4666,3,5
4667,2,7
4668,3,4
4669,7,7
4670,1,2
4671,5,8
4672,2,5
4673,6,6
4674,2,2
4675,5,5
4676,1,5
4677,7,7
4678,4,5
4679,7,8
4680,0,4
4681,2,2
4682,2,5
4683,6,6
4684,2,5
4685,2,2
4686,2,2
4687,2,2
4688,4,5
4689,3,3
4690,1,6
4691,4,6
4692,3,3
4693,4,4
4694,6,7
4695,4,6
4696,0,3
4697,6,6
4698,1,2
4699,6,8
4700,2,6
4701,2,3
4702,1,3
4703,2,2
4704,4,7
4705,6,7
4706,3,3
4707,6,7
4708,3,3
4709,5,5
4710,2,3
4711,3,5
4712,0,3
4713,6,6
4714,2,2
4715,3,3
4716,3,3
4717,6,6
4718,5,7
4719,2,3
4720,2,2
4721,3,3
4722,2,8
4723,2,2
4724,5,7
4725,2,4
4726,6,6
4727,5,5
4728,6,6
4729,5,6
4730,1,2
4731,2,2
4732,2,4
4733,3,3
4734,3,5
4735,4,4
4736,5,6
4737,2,2
4738,1,6
4739,8,8
4740,2,4
4741,3,4
4742,5,8
4743,2,2
4744,1,4
4745,5,5
4746,2,3
4747,2,2
4748,3,3
4749,4,4
4750,2,3
4751,3,7
4752,1,2
4753,5,7
4754,4,4
4755,5,5
4756,1,3
4757,4,6
4758,4,6
4759,5,5
4760,4,7
4761,3,6
4762,5,6
4763,3,6
4764,1,3
4765,3,6
4766,0,3
4767,2,2
4768,1,4
4769,3,3
4770,3,3
4771,5,5
4772,4,6
4773,4,5
4774,3,5
4775,5,5
4776,1,4
4777,4,4
4778,7,7
4779,2,6
4780,2,3
4781,5,5
4782,3,7
4783,5,5
4784,4,4
4785,8,8
4786,3,3
4787,2,2
4788,1,3
4789,5,5
4790,4,8
4791,8,8
4792,2,3
4793,2,5
4794,3,6
4795,4,4
4796,3,5
4797,6,6
4798,6,6
4799,2,6
4800,2,3
4801,1,1
4802,0,6
4803,4,5
4804,4,5
4805,4,4
4806,2,2
4807,7,8
4808,1,3
4809,3,3
4810,4,7
4811,4,4
4812,1,4
4813,4,5
4814,4,6
4815,3,4
4816,3,6
4817,7,7
4818,3,4
4819,3,3
4820,6,6
4821,2,5
4822,0,2
4823,3,3
4824,2,6
4825,6,6
4826,4,4
4827,3,3
4828,2,2
4829,2,2
4830,2,5
4831,2,2
4832,4,5
4833,7,7
4834,6,8
4835,4,7
4836,1,3
4837,4,4
4838,0,3
4839,3,5
4840,5,6
4841,3,3
4842,2,8
4843,6,6
4844,1,7
4845,2,2
4846,3,4
4847,3,5
4848,3,6
4849,2,2
4850,2,3
4851,4,5
4852,1,5
4853,4,7
4854,1,5
4855,2,3
4856,3,7
4857,4,4
4858,2,4
4859,2,5
4860,3,5
4861,7,7
4862,1,4
4863,4,4
4864,2,5
4865,4,8
4866,5,8
4867,1,1
4868,3,3
4869,3,3
4870,0,5
4871,7,7
4872,2,5
4873,3,8
4874,2,5
4875,2,2
4876,5,6
4877,5,5
4878,1,8
4879,5,6
4880,2,2
4881,3,7
4882,0,2
4883,5,6
4884,2,6
4885,2,2
4886,2,2
4887,4,5
4888,1,3
4889,5,5
4890,0,8
4891,4,5
4892,3,5
4893,2,4
4894,2,2
4895,7,7
4896,2,5
4897,2,2
4898,3,6
4899,5,6
4900,2,7
4901,4,4
4902,4,4
4903,6,6
4904,2,7
4905,4,4
4906,7,7
4907,4,4
4908,3,5
4909,3,5
4910,1,3
4911,5,5
4912,0,2
4913,4,4
4914,0,5
4915,6,7
4916,3,7
4917,6,6
4918,2,4
4919,5,5
4920,2,5
4921,3,3
4922,3,3
4923,3,5
4924,3,3
4925,6,6
4926,1,2
4927,3,6
4928,3,3
4929,8,8
4930,7,7
4931,6,6
4932,2,5
4933,5,6
4934,5,7
4935,2,6
4936,1,5
4937,6,8
4938,0,2
4939,5,5
4940,1,2
4941,3,3
4942,3,6
4943,7,7
4944,3,3
4945,5,7
4946,0,3
4947,3,3
4948,1,3
4949,4,4
4950,3,5
4951,7,7
4952,0,4
4953,7,8
4954,3,4
4955,2,2
4956,3,5
4957,6,7
4958,2,2
4959,3,3
4960,6,7
4961,6,6
4962,0,3
4963,4,6
4964,0,5
4965,3,4
4966,0,7
4967,2,2
4968,2,3
4969,2,2
4970,3,5
4971,3,3
4972,3,7
4973,4,4
4974,2,7
4975,4,4
4976,0,3
4977,2,6
4978,5,7
4979,2,2
4980,0,8
4981,2,2
4982,2,6
4983,2,2
4984,7,8
4985,4,4
4986,2,3
4987,4,6
4988,3,5
4989,5,5
4990,2,4
4991,2,3
4992,1,1
4993,7,7
4994,4,4
4995,6,6
4996,2,3
4997,6,6
4998,2,3
4999,5,5
5000,5,6
5001,3,3
5002,3,4
5003,2,2
5004,2,3
5005,3,3
5006,5,6
5007,2,4
5008,6,8
5009,5,6
5010,3,3
5011,2,5
5012,2,5
5013,3,7
5014,2,3
5015,8,8
5016,2,4
5017,3,3
5018,3,3
5019,3,3
5020,4,5
5021,5,5
5022,1,2
5023,8,8
5024,4,6
5025,3,3
5026,1,2
5027,7,7
5028,4,7
5029,4,4
5030,1,2
5031,2,2
5032,5,6
5033,5,7
5034,3,3
5035,7,7
5036,2,3
5037,4,4
5038,2,2
5039,8,8
5040,3,6
5041,3,4
5042,0,2
5043,6,7
5044,2,4
5045,3,7
5046,2,2
5047,4,4
5048,1,2
5049,1,1
5050,7,8
5051,4,4
5052,2,5
5053,6,7
5054,2,2
5055,2,2
5056,5,5
5057,4,4
5058,0,4
5059,5,6
5060,5,5
5061,7,7
5062,0,5
5063,5,5
5064,4,5
5065,6,7
5066,3,4
5067,5,5
5068,2,5
5069,4,9
5070,6,7
5071,5,5
5072,3,6
5073,4,4
5074,1,3
5075,2,3
5076,6,8
5077,7,7
5078,1,3
5079,5,5
5080,2,3
5081,4,6
5082,3,5
5083,4,4
5084,2,4
5085,5,5
5086,1,2
5087,2,2
5088,1,7
5089,2,2
5090,3,4
5091,4,4
5092,4,5
5093,6,6
5094,6,6
5095,5,8
5096,4,6
5097,6,6
5098,1,6
5099,3,4
5100,4,6
5101,3,3
5102,0,3
5103,2,5
5104,5,5
5105,3,5
5106,6,6
5107,2,2
5108,2,2
5109,2,4
5110,2,6
5111,5,5
5112,1,2
5113,4,4
5114,2,8
5115,6,8
5116,5,6
5117,2,2
5118,3,4
5119,3,3
5120,2,3
5121,4,4
5122,3,5
5123,2,5
5124,4,7
5125,3,4
5126,7,8
5127,6,6
5128,2,3
5129,5,5
5130,2,2
5131,5,5
5132,3,8
5133,8,8
5134,1,5
5135,7,8
5136,1,3
5137,3,3
5138,2,2
5139,2,3
5140,1,2
5141,4,4
5142,4,4
5143,3,5
5144,4,5
5145,6,6
5146,1,4
5147,4,8
5148,4,4
5149,5,5
5150,3,3
5151,3,4
5152,3,4
5153,2,2
5154,1,7
5155,8,8
5156,3,5
5157,4,4
5158,2,4
5159,4,4
5160,2,6
5161,3,5
5162,1,6
5163,7,8
5164,3,7
5165,5,5
5166,4,7
5167,5,6
5168,0,5
5169,7,7
5170,2,3
5171,4,4
5172,5,7
5173,1,1
5174,6,6
5175,2,2
5176,2,4
5177,3,7
5178,2,2
5179,2,2
5180,0,7
5181,2,2
5182,1,7
5183,3,3
5184,5,6
5185,3,3
5186,6,7
5187,3,3
5188,5,8
5189,2,2
5190,3,3
5191,4,7
5192,4,4
5193,2,6
5194,2,5
5195,3,3
5196,3,8
5197,4,4
5198,5,7
5199,4,4
5200,4,6
5201,7,7
5202,1,5
5203,6,6
5204,2,3
5205,2,2
5206,3,6
5207,2,3
5208,2,7
5209,8,8
5210,1,2
5211,7,7
5212,1,2
5213,2,2
5214,3,5
5215,5,5
5216,1,4
5217,2,2
5218,0,2
5219,5,5
5220,3,5
5221,3,3
5222,3,3
5223,4,5
5224,1,1
5225,2,6
5226,1,2
5227,3,4
5228,2,2
5229,4,8
5230,2,3
5231,5,5
5232,5,7
5233,3,6
5234,5,5
5235,2,2
5236,2,2
5237,2,5
5238,6,6
5239,1,1
5240,2,3
5241,5,8
5242,3,4
5243,3,7
5244,5,7
5245,3,3
5246,2,2
5247,4,4
5248,4,5
5249,6,7
5250,4,6
5251,2,8
5252,4,4
5253,5,5
5254,4,5
5255,7,7
5256,3,4
5257,5,5
5258,5,7
5259,2,2
5260,1,5
5261,6,6
5262,2,3
5263,4,6
5264,5,6
5265,6,6
5266,4,5
5267,2,8
5268,0,8
5269,3,4
5270,4,6
5271,5,6
5272,1,3
5273,2,2
5274,1,3
5275,6,6
5276,4,4
5277,4,6
5278,3,6
5279,3,3
5280,6,8
5281,7,7
5282,0,3
5283,4,4
5284,4,6
5285,4,5
5286,5,6
5287,3,3
5288,1,3
5289,5,5
5290,1,3
5291,4,6
5292,6,7
5293,2,7
5294,0,8
5295,2,2
5296,2,2
5297,2,2
5298,2,2
5299,4,7
5300,1,8
5301,4,4
5302,1,2
5303,4,4
5304,4,4
5305,2,3
5306,4,6
5307,5,5
5308,0,4
5309,5,6
5310,1,3
5311,6,6
5312,4,5
5313,5,5
5314,6,6
5315,3,8
5316,1,8
5317,7,7
5318,2,4
5319,5,7
5320,4,7
5321,3,4
5322,2,4
5323,3,3
5324,2,5
5325,6,6
5326,3,4
5327,8,8
5328,1,7
5329,1,1
5330,3,5
5331,7,7
5332,1,9
5333,3,9
5334,2,3
5335,5,7
5336,3,7
5337,2,2
5338,0,4
5339,4,4
5340,0,6
5341,7,7
5342,7,7
5343,4,4
5344,3,3
5345,5,8
5346,3,5
5347,2,2
5348,0,5
5349,3,3
5350,3,4
5351,3,3
5352,1,2
5353,2,2
5354,1,2
5355,3,3
5356,6,7
5357,3,4
5358,3,4
5359,2,2
5360,3,4
5361,6,7
5362,3,6
5363,4,5
5364,1,5
5365,6,6
5366,5,6
5367,4,4
5368,0,4
5369,3,6
5370,2,7
5371,5,5
5372,2,4
5373,6,6
5374,5,7
5375,4,5
5376,0,7
5377,7,7
5378,3,6
5379,3,3
5380,4,6
5381,4,6
5382,2,4
5383,3,3
5384,3,6
5385,4,4
5386,1,6
5387,3,4
5388,4,9
5389,5,5
5390,0,3
5391,7,8
5392,0,3
5393,4,4
5394,3,6
5395,5,5
5396,6,7
5397,2,3
5398,0,5
5399,3,3
5400,5,6
5401,4,4
5402,1,2
5403,3,3
5404,3,3
5405,4,4
5406,4,6
5407,5,5
5408,0,3
5409,3,3
5410,5,7
5411,4,8
5412,4,7
5413,7,7
5414,1,6
5415,3,3
5416,4,5
5417,2,2
5418,4,7
5419,2,6
5420,2,4
5421,3,3
5422,3,6
5423,3,6
5424,3,7
5425,4,7
5426,2,2
5427,2,2
5428,4,4
5429,5,5
5430,5,5
5431,4,4
5432,1,2
5433,3,3
5434,0,4
5435,3,4
5436,4,4
5437,3,7
5438,2,3
5439,3,3
5440,0,6
5441,5,8
5442,1,5
5443,6,6
5444,4,4
5445,2,2
5446,3,3
5447,4,5
5448,1,4
5449,3,3
5450,3,7
5451,2,2
5452,2,3
5453,7,7
5454,1,2
5455,5,7
5456,4,5
5457,3,4
5458,6,6
5459,2,2
5460,4,6
5461,7,8
5462,5,7
5463,8,8
5464,5,8
5465,2,8
5466,1,6
5467,7,7
5468,5,5
5469,2,3
5470,1,2
5471,2,2
5472,5,5
5473,3,7
5474,2,7
5475,2,2
5476,0,8
5477,7,7
5478,4,8
5479,2,8
5480,2,3
5481,5,5
5482,1,3
5483,3,3
5484,6,8
5485,1,1
5486,2,3
5487,5,7
5488,3,5
5489,3,3
5490,3,6
5491,3,5
5492,1,3
5493,7,7
5494,2,2
5495,3,7
5496,2,4
5497,9,9
5498,4,6
5499,5,5
5500,3,6
5501,5,8
5502,4,6
5503,6,6
5504,4,5
5505,3,5
5506,5,5
5507,3,4
5508,2,4
5509,2,3
5510,5,8
5511,2,2
5512,1,2
5513,7,7
5514,2,3
5515,5,5
5516,1,1
5517,5,7
5518,4,5
5519,4,5
5520,3,4
5521,5,7
5522,2,3
5523,3,3
5524,5,6
5525,7,7
5526,0,6
5527,2,7
5528,4,6
5529,3,6
5530,4,4
5531,3,6
5532,5,5
5533,2,3
5534,3,5
5535,7,7
5536,6,7
5537,6,8
5538,2,2
5539,5,5
5540,6,7
5541,2,2
5542,3,7
5543,5,5
5544,1,3
5545,6,7
5546,2,2
5547,4,4
5548,4,6
5549,5,6
5550,3,4
5551,5,6
5552,3,5
5553,7,7
5554,5,8
5555,6,8
5556,5,5
5557,5,5
5558,2,3
5559,7,7
5560,6,8
5561,1,1
5562,3,6
5563,2,2
5564,1,5
5565,5,7
5566,1,5
5567,3,3
5568,1,6
5569,2,3
5570,2,2
5571,2,2
5572,6,7
5573,6,8
5574,2,3
5575,3,6
5576,1,4
5577,3,3
5578,2,2
5579,5,6
5580,3,6
5581,4,4
5582,5,6
5583,4,7
5584,2,4
5585,5,6
5586,3,7
5587,6,6
5588,1,3
5589,3,3
5590,0,3
5591,2,2
5592,2,3
5593,3,5
5594,3,6
5595,3,7
5596,3,3
5597,3,7
5598,3,4
5599,5,5
5600,2,3
5601,6,6
5602,2,3
5603,2,5
5604,2,7
5605,5,5
5606,2,8
5607,3,3
5608,6,8
5609,9,9
5610,5,7
5611,5,5
5612,3,5
5613,3,5
5614,2,4
5615,2,2
5616,3,4
5617,5,5
5618,5,6
5619,4,4
5620,3,5
5621,2,2
5622,2,5
5623,4,4
5624,1,2
5625,2,2
5626,1,7
5627,4,5
5628,3,4
5629,6,7
5630,4,4
5631,2,2
5632,2,7
5633,3,7
5634,3,4
5635,6,8
5636,6,7
5637,6,7
5638,4,6
5639,2,2
5640,2,4
5641,2,2
5642,4,4
5643,2,2
5644,5,5
5645,3,6
5646,4,7
5647,6,7
5648,0,2
5649,3,4
5650,0,2
5651,4,4
5652,6,8
5653,4,5
5654,1,6
5655,7,7
5656,3,3
5657,5,6
5658,1,3
5659,3,6
5660,2,2
5661,3,3
5662,2,8
5663,4,4
5664,3,5
5665,6,6
5666,2,2
5667,6,6
5668,5,8
5669,3,3
5670,1,6
5671,3,7
5672,0,5
5673,5,5
5674,3,4
5675,6,6
5676,4,8
5677,5,5
5678,3,8
5679,2,2
5680,2,2
5681,3,5
5682,2,2
5683,3,7
5684,1,2
5685,3,3
5686,0,6
5687,6,7
5688,0,5
5689,2,3
5690,6,7
5691,4,5
5692,1,8
5693,4,4
5694,4,7
5695,4,8
5696,0,3
5697,4,7
5698,0,5
5699,5,5
5700,3,6
5701,2,3
5702,2,8
5703,4,5
5704,0,3
5705,3,3
5706,5,6
5707,2,2
5708,1,5
5709,7,7
5710,4,6
5711,2,2
5712,5,5
5713,5,5
5714,3,5
5715,4,5
5716,3,5
5717,2,2
5718,2,4
5719,5,5
5720,2,3
5721,3,3
5722,1,3
5723,2,2
5724,4,5
5725,2,8
5726,0,5
5727,4,4
5728,2,3
5729,5,5
5730,3,4
5731,5,5
5732,3,3
5733,3,3
5734,0,6
5735,6,6
5736,3,4
5737,3,3
5738,2,3
5739,5,5
5740,0,2
5741,3,3
5742,1,5
5743,2,2
5744,6,7
5745,3,5
5746,6,7
5747,8,8
5748,3,6
5749,2,2
5750,4,8
5751,3,5
5752,2,2
5753,3,3
5754,5,7
5755,2,2
5756,4,6
5757,2,2
5758,3,6
5759,2,2
5760,4,6
5761,7,7
5762,2,4
5763,5,5
5764,1,7
5765,5,5
5766,6,8
5767,4,4
5768,6,7
5769,4,4
5770,3,5
5771,4,5
5772,4,5
5773,2,2
5774,2,8
5775,4,4
5776,3,3
5777,2,6
5778,1,2
5779,6,6
5780,4,6
5781,2,2
5782,4,6
5783,7,7
5784,2,3
5785,2,2
5786,2,4
5787,6,6
5788,2,5
5789,2,7
5790,2,3
5791,4,4
5792,3,5
5793,2,2
5794,5,7
5795,5,6
5796,2,6
5797,3,3
5798,6,9
5799,4,4
5800,3,5
5801,5,5
5802,3,6
5803,2,2
5804,4,7
5805,4,4
5806,2,3
5807,4,4
5808,2,3
5809,4,4
5810,4,7
5811,4,4
5812,3,4
5813,3,7
5814,2,3
5815,2,2
5816,5,6
5817,6,7
5818,4,5
5819,4,4
5820,3,4
5821,5,5
5822,1,5
5823,7,8
5824,0,1
5825,2,2
5826,6,7
5827,8,9
5828,1,5
5829,3,3
5830,2,3
5831,2,2
5832,2,7
5833,2,2
5834,2,3
5835,2,7
5836,1,4
5837,7,7
5838,0,6
5839,2,3
5840,1,1
5841,7,7
5842,3,6
5843,3,5
5844,3,6
5845,8,8
5846,3,5
5847,6,8
5848,0,4
5849,8,8
5850,6,7
5851,3,3
5852,3,6
5853,3,3
5854,6,7
5855,7,7
5856,3,5
5857,2,2
5858,0,6
5859,6,7
5860,6,6
5861,2,4
5862,0,4
5863,3,4
5864,4,4
5865,3,5
5866,4,6
5867,4,4
5868,2,2
5869,4,7
5870,4,7
5871,6,7
5872,3,4
5873,5,5
5874,3,5
5875,3,3
5876,2,2
5877,7,7
5878,3,6
5879,2,3
5880,1,4
5881,6,6
5882,2,2
5883,7,7
5884,2,4
5885,2,6
5886,2,2
5887,3,3
5888,4,5
5889,4,4
5890,1,5
5891,2,6
5892,2,2
5893,2,6
5894,5,7
5895,2,2
5896,5,7
5897,5,5
5898,7,7
5899,7,7
5900,0,3
5901,6,6
5902,3,3
5903,2,2
5904,3,5
5905,2,7
5906,4,5
5907,5,6
5908,7,7
5909,8,8
5910,4,4
5911,4,4
5912,8,8
5913,2,2
5914,4,5
5915,5,5
5916,4,7
5917,4,6
5918,5,6
5919,5,6
5920,3,3
5921,2,2
5922,0,2
5923,3,6
5924,5,7
5925,3,6
5926,4,4
5927,5,5
5928,0,3
5929,2,4
5930,5,5
5931,3,7
5932,2,5
5933,2,2
5934,3,3
5935,5,5
5936,4,8
5937,3,6
5938,3,3
5939,7,7
5940,2,3
5941,5,5
5942,5,6
5943,7,7
5944,0,4
5945,2,2
5946,3,6
5947,3,3
5948,1,2
5949,5,5
5950,5,6
5951,4,4
5952,3,6
5953,4,6
5954,2,5
5955,8,8
5956,2,5
5957,4,4
5958,0,3
5959,5,8
5960,2,3
5961,6,8
5962,2,5
5963,2,2
5964,6,6
5965,7,7
5966,5,6
5967,6,6
5968,4,4
5969,3,3
5970,1,2
5971,4,4
5972,3,4
5973,6,7
5974,5,8
5975,4,7
5976,3,3
5977,4,4
5978,3,3
5979,6,7
5980,1,3
5981,3,4
5982,3,7
5983,3,7
5984,0,5
5985,3,3
5986,3,5
5987,6,6
5988,0,2
5989,3,4
5990,4,5
5991,5,8
5992,2,2
5993,3,8
5994,1,7
5995,3,6
5996,4,4
5997,5,8
5998,4,5
5999,2,2
6000,3,5
6001,7,7
6002,2,2
6003,2,6
6004,4,7
6005,4,8
6006,5,7
6007,6,6
6008,1,2
6009,2,2
6010,6,7
6011,6,6
6012,3,4
6013,6,6
6014,5,6
6015,4,4
6016,0,7
6017,5,6
6018,3,3
6019,6,6
6020,1,8
6021,5,5
6022,3,3
6023,2,2
6024,4,5
6025,3,3
6026,2,2
6027,4,4
6028,1,8
6029,3,4
6030,3,3
6031,6,6
6032,3,6
6033,4,4
6034,3,3
6035,5,5
6036,5,7
6037,2,2
6038,1,6
6039,2,2
6040,6,9
6041,3,3
6042,3,3
6043,2,6
6044,7,8
6045,2,2
6046,3,3
6047,2,2
6048,1,7
6049,2,2
6050,3,7
6051,3,4
6052,0,5
6053,4,7
6054,4,6
6055,4,4
6056,1,5
6057,4,5
6058,0,3
6059,2,2
6060,4,6
6061,7,7
6062,2,3
6063,2,2
6064,3,5
6065,5,5
6066,3,6
6067,5,6
6068,3,4
6069,5,5
6070,0,3
6071,3,3
6072,5,8
6073,3,7
6074,2,7
6075,4,4
6076,3,7
6077,3,3
6078,5,5
6079,6,7
6080,5,6
6081,4,5
6082,3,8
6083,4,4
6084,2,3
6085,5,6
6086,4,7
6087,2,2
6088,5,6
6089,4,4
6090,5,8
6091,7,7
6092,5,7
6093,5,5
6094,4,5
6095,6,6
6096,3,4
6097,3,5
6098,2,3
6099,2,5
6100,2,2
6101,5,5
6102,5,5
6103,6,6
6104,6,7
6105,3,6
6106,7,8
6107,3,3
6108,2,6
6109,4,6
6110,2,6
6111,2,5
6112,4,4
6113,4,4
6114,6,7
6115,5,5
6116,2,4
6117,5,5
6118,2,3
6119,6,6
6120,2,4
6121,5,5
6122,2,3
6123,4,6
6124,0,3
6125,5,5
6126,1,6
6127,3,3
6128,2,4
6129,2,3
6130,4,6
6131,6,7
6132,2,3
6133,2,3
6134,0,2
6135,7,7
6136,3,3
6137,7,8
6138,0,3
6139,2,7
6140,3,4
6141,5,5
6142,3,4
6143,5,5
6144,1,4
6145,4,6
6146,0,3
6147,8,8
6148,4,5
6149,8,8
6150,2,8
6151,2,5
6152,4,4
6153,2,2
6154,2,5
6155,5,7
6156,0,3
6157,5,5
6158,2,7
6159,2,4
6160,2,3
6161,2,2
6162,3,3
6163,3,3
6164,4,8
6165,2,2
6166,3,5
6167,7,7
6168,5,6
6169,6,6
6170,6,7
6171,3,6
6172,1,3
6173,1,1
6174,6,6
6175,2,2
6176,0,3
6177,5,5
6178,7,7
6179,3,3
6180,3,3
6181,3,3
6182,3,5
6183,3,3
6184,0,7
6185,2,2
6186,0,2
6187,7,7
6188,1,3
6189,5,8
6190,3,3
6191,4,5
6192,6,6
6193,2,2
6194,4,5
6195,4,4
6196,2,2
6197,7,8
6198,2,3
6199,3,3
6200,4,7
6201,2,2
6202,0,2
6203,8,8
6204,4,6
6205,2,2
6206,2,4
6207,4,8
6208,4,7
6209,3,3
6210,2,4
6211,5,6
6212,2,7
6213,3,3
6214,4,6
6215,3,3
6216,5,6
6217,2,5
6218,6,6
6219,1,1
6220,1,8
6221,5,7
6222,7,7
6223,6,6
6224,2,4
6225,5,6
6226,4,5
6227,4,4
6228,0,5
6229,7,8
6230,1,3
6231,5,5
6232,1,5
6233,3,3
6234,3,4
6235,5,5
6236,6,8
6237,3,8
6238,1,4
6239,3,4
6240,0,5
6241,4,4
6242,7,7
6243,2,2
6244,2,2
6245,2,4
6246,2,3
6247,7,8
6248,4,6
6249,4,4
6250,0,3
6251,5,5
6252,6,7
6253,5,8
6254,4,4
6255,3,7
6256,4,5
6257,5,5
6258,3,8
6259,5,6
6260,2,2
6261,6,7
6262,4,6
6263,2,2
6264,3,7
6265,4,4
6266,3,6
6267,2,2
6268,2,3
6269,2,2
6270,4,6
6271,6,6
6272,2,7
6273,5,7
6274,2,7
6275,2,2
6276,2,6
6277,3,7
6278,4,6
6279,2,2
6280,6,8
6281,4,4
6282,1,5
6283,5,6
6284,1,7
6285,3,3
6286,3,3
6287,5,5
6288,3,3
6289,5,5
6290,3,5
6291,2,2
6292,0,8
6293,5,5
6294,3,3
6295,2,2
6296,4,4
6297,5,5
6298,1,4
6299,4,8
6300,5,6
6301,5,5
6302,4,8
6303,2,2
6304,2,4
6305,3,3
6306,2,6
6307,3,3
6308,0,8
6309,4,4
6310,3,4
6311,4,4
6312,1,2
6313,4,4
6314,1,2
6315,6,7
6316,5,6
6317,4,4
6318,0,5
6319,3,3
6320,3,7
6321,6,8
6322,1,4
6323,6,6
6324,2,4
6325,3,3
6326,1,3
6327,3,8
6328,1,6
6329,5,6
6330,1,4
6331,4,4
6332,1,6
6333,3,5
6334,7,7
6335,5,6
6336,2,3
6337,4,4
6338,2,4
6339,5,6
6340,3,4
6341,7,7
6342,3,5
6343,6,6
6344,1,2
6345,2,7
6346,2,7
6347,6,6
6348,7,8
6349,6,9
6350,1,3
6351,4,5
6352,1,2
6353,2,2
6354,5,7
6355,2,2
6356,2,5
6357,4,4
6358,3,7
6359,2,5
6360,0,5
6361,4,5
6362,4,5
6363,2,2
6364,2,5
6365,2,2
6366,3,7
6367,3,3
6368,3,7
6369,3,5
6370,2,2
6371,7,7
6372,2,4
6373,3,8
6374,3,5
6375,3,5
6376,3,6
6377,4,9
6378,3,4
6379,2,8
6380,1,2
6381,2,2
6382,5,8
6383,5,5
6384,2,3
6385,6,6
6386,3,5
6387,4,9
6388,4,8
6389,2,2
6390,4,5
6391,2,2
6392,1,4
6393,5,7
6394,4,4
6395,2,2
6396,5,6
6397,8,8
6398,3,3
6399,2,2
6400,0,4
6401,6,6
6402,3,4
6403,7,7
6404,3,5
6405,2,5
6406,4,6
6407,6,7
6408,3,5
6409,4,6
6410,3,3
6411,3,3
6412,3,4
6413,5,5
6414,2,2
6415,6,7
6416,4,7
6417,1,1
6418,2,5
6419,8,8
6420,5,6
6421,2,2
6422,1,6
6423,4,4
6424,3,3
6425,7,7
6426,3,5
6427,4,4
6428,4,7
6429,5,6
6430,3,4
6431,4,4
6432,4,7
6433,5,6
6434,2,5
6435,2,2
6436,6,7
6437,2,2
6438,5,7
6439,6,8
6440,5,6
6441,1,1
6442,4,4
6443,2,2
6444,4,5
6445,5,5
6446,5,5
6447,5,5
6448,1,4
6449,2,2
6450,1,4
6451,4,4
6452,2,2
6453,3,7
6454,3,5
6455,2,2
6456,2,3
6457,5,6
6458,1,4
6459,6,8
6460,4,7
6461,6,6
6462,2,5
6463,4,4
6464,0,8
6465,7,7
6466,3,5
6467,2,2
6468,2,2
6469,2,2
6470,2,4
6471,2,6
6472,5,7
6473,2,5
6474,1,3
6475,7,7
6476,2,4
6477,4,5
6478,2,4
6479,4,4
6480,2,4
6481,3,4
6482,1,8
6483,6,7
6484,2,2
6485,3,3
6486,5,6
6487,5,5
6488,0,3
6489,6,6
6490,0,2
6491,8,8
6492,1,3
6493,5,7
6494,1,4
6495,2,2
6496,2,3
6497,5,6
6498,2,5
6499,3,3
6500,6,8
6501,2,2
6502,5,7
6503,2,3
6504,0,5
6505,2,2
6506,5,7
6507,4,6
6508,3,6
6509,6,6
6510,3,5
6511,5,8
6512,3,8
6513,7,7
6514,1,7
6515,3,4
6516,0,7
6517,5,5
6518,2,3
6519,5,5
6520,4,7
6521,7,7
6522,0,4
6523,4,4
6524,5,6
6525,3,6
6526,2,2
6527,5,5
6528,0,2
6529,7,7
6530,3,6
6531,4,7
6532,3,4
6533,1,1
6534,7,9
6535,3,8
6536,1,1
6537,5,5
6538,2,2
6539,3,4
6540,4,8
6541,3,3
6542,3,5
6543,2,3
6544,2,2
6545,6,6
6546,6,7
6547,2,2
6548,7,8
6549,5,5
6550,2,2
6551,3,3
6552,2,8
6553,4,4
6554,0,7
6555,5,5
6556,0,3
6557,3,3
6558,3,5
6559,5,5
6560,2,5
6561,2,2
6562,0,6
6563,7,8
6564,2,3
6565,5,6
6566,1,4
6567,5,5
6568,4,5
6569,5,6
6570,2,5
6571,6,7
6572,0,7
6573,2,5
6574,2,8
6575,5,5
6576,6,8
6577,6,6
6578,5,8
6579,7,9
6580,3,4
6581,4,4
6582,3,3
6583,2,6
6584,2,2
6585,6,6
6586,3,4
6587,2,2
6588,3,6
6589,4,4
6590,4,7
6591,7,7
6592,1,4
6593,5,5
6594,4,7
6595,3,4
6596,2,4
6597,6,6
6598,2,3
6599,2,7
6600,4,7
6601,6,6
6602,6,9
6603,6,6
6604,2,2
6605,5,8
6606,4,6
6607,4,6
6608,4,4
6609,3,4
6610,1,7
6611,2,4
6612,3,5
6613,4,5
6614,5,7
6615,7,7
6616,3,6
6617,5,7
6618,1,6
6619,3,3
6620,2,2
6621,4,4
6622,4,6
6623,3,4
6624,6,7
6625,6,6
6626,4,5
6627,2,2
6628,2,7
6629,2,3
6630,1,3
6631,5,5
6632,1,3
6633,6,6
6634,4,6
6635,3,3
6636,2,6
6637,5,5
6638,3,3
6639,2,2
6640,2,2
6641,3,3
6642,2,2
6643,5,6
6644,0,7
6645,2,2
6646,3,3
6647,6,6
6648,5,8
6649,4,7
6650,3,5
6651,5,7
6652,2,7
6653,3,6
6654,1,8
6655,2,2
6656,2,2
6657,3,3
6658,2,2
6659,5,5
6660,3,3
6661,2,6
6662,0,2
6663,2,2
6664,2,6
6665,3,3
6666,0,6
6667,7,7
6668,4,6
6669,4,4
6670,2,2
6671,2,4
6672,4,4
6673,6,6
6674,4,5
6675,5,5
6676,4,6
6677,6,7
6678,5,7
6679,4,4
6680,2,3
6681,4,4
6682,2,7
6683,3,3
6684,3,4
6685,3,3
6686,1,3
6687,4,7
6688,3,3
6689,8,8
6690,2,6
6691,8,8
6692,1,5
6693,3,8
6694,3,6
6695,3,4
6696,3,5
6697,4,4
6698,0,4
6699,5,7
6700,0,7
6701,5,5
6702,2,2
6703,2,2
6704,3,6
6705,6,8
6706,3,3
6707,5,5
6708,5,6
6709,3,4
6710,4,6
6711,2,3
6712,3,6
6713,3,6
6714,5,7
6715,5,7
6716,3,3
6717,4,4
6718,4,4
6719,3,3
6720,4,7
6721,2,2
6722,2,3
6723,5,6
6724,5,6
6725,2,7
6726,2,3
6727,2,2
6728,2,2
6729,5,6
6730,3,3
6731,2,6
6732,0,2
6733,8,8
6734,1,6
6735,2,5
6736,6,6
6737,6,6
6738,1,2
6739,5,8
6740,2,4
6741,3,3
6742,0,2
6743,2,5
6744,3,4
6745,5,5
6746,4,4
6747,6,7
6748,5,6
6749,6,6
6750,4,4
6751,6,6
6752,8,9
6753,2,2
6754,1,5
6755,4,4
6756,6,9
6757,5,7
6758,3,6
6759,2,4
6760,5,5
6761,3,5
6762,3,4
6763,6,6
6764,2,2
6765,2,7
6766,2,5
6767,4,8
6768,2,4
6769,3,3
6770,3,3
6771,7,7
6772,4,8
6773,7,7
6774,6,7
6775,6,6
6776,5,7
6777,5,6
6778,1,5
6779,5,5
6780,6,7
6781,4,4
6782,2,4
6783,8,9
6784,3,5
6785,6,7
6786,2,3
6787,2,6
6788,3,3
6789,5,5
6790,6,7
6791,7,7
6792,2,6
6793,3,3
6794,2,2
6795,6,7
6796,1,2
6797,3,3
6798,4,6
6799,2,5
6800,1,2
6801,2,2
6802,3,4
6803,1,1
6804,6,8
6805,8,8
6806,0,5
6807,3,7
6808,1,2
6809,3,3
6810,2,2
6811,5,5
6812,3,4
6813,4,4
6814,6,7
6815,6,7
6816,7,7
6817,2,2
6818,6,6
6819,7,7
6820,1,2
6821,6,6
6822,5,6
6823,2,2
6824,4,5
6825,4,4
6826,4,5
6827,5,5
6828,5,6
6829,7,7
6830,0,7
6831,3,3
6832,2,7
6833,4,7
6834,5,5
6835,2,2
6836,0,6
6837,2,2
6838,2,2
6839,2,2
6840,3,5
6841,8,8
6842,3,4
6843,3,3
6844,3,3
6845,5,7
6846,2,6
6847,4,6
6848,1,5
6849,2,2
6850,1,3
6851,3,3
6852,1,2
6853,4,6
6854,2,8
6855,4,6
6856,2,3
6857,2,5
6858,3,4
6859,2,2
6860,2,3
6861,2,2
6862,1,4
6863,8,8
6864,2,2
6865,3,8
6866,5,8
6867,5,7
6868,2,2
6869,4,4
6870,1,2
6871,2,2
6872,2,4
6873,2,6
6874,3,5
6875,2,2
6876,5,7
6877,6,6
6878,1,6
6879,2,2
6880,5,7
6881,3,3
6882,1,5
6883,6,6
6884,2,2
6885,3,4
6886,1,6
6887,2,2
6888,3,4
6889,2,2
6890,4,4
6891,4,4
6892,6,8
6893,4,4
6894,5,7
6895,4,4
6896,3,3
6897,3,5
6898,3,8
6899,5,5
6900,6,7
6901,6,6
6902,3,8
6903,3,3
6904,3,3
6905,4,4
6906,2,2
6907,3,3
6908,2,2
6909,8,8
6910,2,5
6911,2,6
6912,2,3
6913,3,3
6914,0,5
6915,7,7
6916,0,3
6917,4,4
6918,3,6
6919,6,7
6920,2,4
6921,4,8
6922,2,3
6923,7,7
6924,6,7
6925,4,4
6926,2,2
6927,5,5
6928,3,4
6929,5,5
6930,1,3
6931,4,4
6932,1,3
6933,5,5
6934,1,6
6935,7,8
6936,6,6
6937,3,3
6938,0,4
6939,4,9
6940,2,4
6941,5,5
6942,5,7
6943,5,5
6944,1,3
6945,2,4
6946,1,6
6947,5,5
6948,4,5
6949,5,8
6950,2,3
6951,4,4
6952,5,8
6953,4,4
6954,5,6
6955,1,1
6956,3,4
6957,7,8
6958,3,7
6959,6,6
6960,3,4
6961,3,3
6962,2,3
6963,5,5
6964,1,2
6965,2,4
6966,1,2
6967,5,5
6968,2,5
6969,7,7
6970,4,8
6971,7,7
6972,4,8
6973,2,2
6974,0,5
6975,6,7
6976,5,7
6977,4,4
6978,1,7
6979,3,3
6980,2,2
6981,3,3
6982,3,3
6983,3,3
6984,4,4
6985,4,4
6986,4,5
6987,4,4
6988,1,2
6989,7,7
6990,5,6
6991,5,6
6992,1,2
6993,4,4
6994,1,5
6995,3,3
6996,6,8
6997,7,7
6998,3,6
6999,6,6
7000,5,8
7001,5,5
7002,2,6
7003,3,8
7004,2,7
7005,4,4
7006,0,4
7007,2,2
7008,2,3
7009,4,6
7010,3,5
7011,5,5
7012,4,5
7013,6,7
7014,2,2
7015,4,4
7016,2,7
7017,5,6
7018,0,6
7019,3,3
7020,2,4
7021,4,4
7022,2,2
7023,3,3
7024,3,7
7025,2,5
7026,5,6
7027,2,6
7028,3,6
7029,3,5
7030,1,6
7031,6,7
7032,1,2
7033,3,5
7034,4,6
7035,8,8
7036,4,5
7037,3,6
7038,4,5
7039,5,5
7040,2,5
7041,4,4
7042,4,6
7043,4,4
7044,3,4
7045,2,2
7046,0,6
7047,4,4
7048,3,3
7049,4,4
7050,2,3
7051,7,8
7052,6,7
7053,3,3
7054,0,8
7055,7,7
7056,2,5
7057,5,8
7058,6,7
7059,7,7
7060,2,2
7061,8,8
7062,4,5
7063,7,7
7064,6,7
7065,5,5
7066,1,6
7067,3,3
7068,0,4
7069,7,7
7070,3,6
7071,3,3
7072,4,5
7073,5,7
7074,1,3
7075,2,2
7076,1,2
7077,3,8
7078,3,6
7079,3,3
7080,0,2
7081,4,4
7082,3,6
7083,6,6
7084,2,4
7085,6,6
7086,3,5
7087,2,2
7088,3,4
7089,3,4
7090,1,6
7091,7,7
7092,2,4
7093,2,2
7094,5,5
7095,7,7
7096,2,2
7097,4,5
7098,6,8
7099,2,2
7100,7,8
7101,5,5
7102,1,2
7103,2,2
7104,2,2
7105,5,5
7106,2,2
7107,6,6
7108,1,2
7109,2,2
7110,1,2
7111,7,7
7112,0,5
7113,6,6
7114,8,8
7115,5,5
7116,0,2
7117,7,7
7118,2,2
7119,5,5
7120,3,4
7121,7,7
7122,2,3
7123,3,3
7124,2,3
7125,5,7
7126,4,5
7127,5,8
7128,0,7
7129,4,5
7130,1,6
7131,3,3
7132,2,2
7133,4,7
7134,3,7
7135,2,2
7136,4,6
7137,4,4
7138,4,9
7139,2,2
7140,0,9
7141,3,3
7142,4,7
7143,3,5
7144,5,7
7145,5,5
7146,5,5
7147,2,5
7148,2,5
7149,5,8
7150,4,4
7151,5,5
7152,2,2
7153,5,5
7154,2,2
7155,6,7
7156,4,7
7157,3,3
7158,7,8
7159,5,8
7160,2,2
7161,3,3
7162,4,6
7163,3,3
7164,1,2
7165,3,8
7166,3,3
7167,5,5
7168,2,3
7169,6,8
7170,5,7
7171,4,5
7172,1,4
7173,2,6
7174,7,7
7175,5,5
7176,2,2
7177,5,5
7178,2,6
7179,2,2
7180,0,7
7181,5,8
7182,0,2
7183,5,5
7184,5,6
7185,3,3
7186,3,5
7187,2,2
7188,1,1
7189,4,6
7190,1,2
7191,3,3
7192,2,2
7193,3,3
7194,2,3
7195,4,7
7196,3,3
7197,2,2
7198,1,7
7199,6,6
7200,2,3
7201,5,5
7202,3,4
7203,3,3
7204,2,6
7205,7,7
7206,1,4
7207,5,5
7208,3,4
7209,5,6
7210,4,4
7211,4,5
7212,3,5
7213,4,4
7214,3,4
7215,4,4
7216,4,4
7217,7,8
7218,2,4
7219,2,2
7220,1,2
7221,2,2
7222,3,5
7223,5,5
7224,1,5
7225,6,6
7226,4,4
7227,2,5
7228,3,5
7229,2,2
7230,1,4
7231,1,1
7232,0,2
7233,6,7
7234,0,3
7235,6,6
7236,1,8
7237,5,5
7238,4,4
7239,2,8
7240,5,7
7241,1,1
7242,4,5
7243,3,5
7244,3,6
7245,2,3
7246,3,7
7247,8,9
7248,1,2
7249,6,6
7250,0,2
7251,2,2
7252,4,4
7253,5,5
7254,2,3
7255,3,3
7256,6,8
7257,3,3
7258,6,6
7259,6,7
7260,2,4
7261,3,3
7262,3,5
7263,3,3
7264,5,7
7265,3,6
7266,1,4
7267,4,4
7268,2,2
7269,5,5
7270,2,3
7271,1,1
7272,6,7
7273,3,3
7274,5,6
7275,2,2
7276,3,7
7277,2,2
7278,3,4
7279,2,2
7280,5,8
7281,7,7
7282,1,7
7283,3,3
7284,2,2
7285,4,4
7286,2,3
7287,2,2
7288,2,4
7289,4,5
7290,1,2
7291,2,2
7292,3,6
7293,4,4
7294,0,4
7295,2,6
7296,3,5
7297,2,2
7298,2,3
7299,9,9
7300,6,8
7301,2,6
7302,2,4
7303,4,4
7304,7,7
7305,2,2
7306,3,6
7307,7,8
7308,0,2
7309,2,5
7310,5,6
7311,2,2
7312,5,6
7313,3,3
7314,5,5
7315,2,2
7316,0,5
7317,3,3
7318,3,6
7319,7,8
7320,4,4
7321,6,6
7322,3,5
7323,3,5
7324,4,4
7325,4,4
7326,1,3
7327,5,6
7328,2,2
7329,3,3
7330,0,1
7331,5,5
7332,4,4
7333,4,4
7334,6,8
7335,8,8
7336,2,3
7337,4,8
7338,1,8
7339,4,4
7340,5,5
7341,3,5
7342,0,4
7343,6,6
7344,2,3
7345,4,4
7346,2,3
7347,2,2
7348,5,5
7349,3,3
7350,0,1
7351,5,5
7352,3,6
7353,7,7
7354,4,4
7355,4,4
7356,6,7
7357,7,7
7358,0,9
7359,3,5
7360,3,4
7361,6,8
7362,0,7
7363,7,7
7364,1,2
7365,2,2
7366,1,5
7367,7,8
7368,3,3
7369,3,3
7370,2,2
7371,7,7
7372,3,3
7373,6,6
7374,4,4
7375,5,5
7376,3,3
7377,4,4
7378,1,2
7379,4,4
7380,3,5
7381,6,8
7382,1,7
7383,7,8
7384,2,3
7385,8,8
7386,0,3
7387,4,5
7388,3,6
7389,3,3
7390,2,2
7391,3,3
7392,4,8
7393,2,3
7394,5,5
7395,4,5
7396,6,6
7397,5,5
7398,0,7
7399,5,5
7400,7,8
7401,4,5
7402,4,6
7403,2,2
7404,1,2
7405,2,4
7406,6,7
7407,2,2
7408,0,1
7409,2,6
7410,0,3
7411,6,7
7412,1,2
7413,3,3
7414,3,4
7415,5,6
7416,2,2
7417,4,6
7418,4,5
7419,4,5
7420,5,5
7421,7,7
7422,0,6
7423,5,6
7424,1,7
7425,8,8
7426,1,1
7427,4,4
7428,6,7
7429,2,7
7430,3,6
7431,5,5
7432,4,5
7433,3,3
7434,3,4
7435,5,5
7436,2,2
7437,2,2
7438,1,6
7439,4,4
7440,2,4
7441,3,5
7442,2,3
7443,3,3
7444,2,3
7445,6,6
7446,1,2
7447,5,5
7448,5,5
7449,4,9
7450,5,7
7451,2,4
7452,2,6
7453,4,8
7454,4,5
7455,7,7
7456,2,3
7457,3,6
7458,1,2
7459,4,6
7460,0,5
7461,7,8
7462,0,2
7463,4,4
7464,2,2
7465,2,6
7466,6,7
7467,3,3
7468,0,6
7469,3,5
7470,3,5
7471,3,8
7472,0,7
7473,2,2
7474,6,7
7475,6,6
7476,3,6
7477,4,4
7478,6,7
7479,5,5
7480,2,7
7481,5,5
7482,1,8
7483,7,7
7484,4,7
7485,5,5
7486,4,6
7487,7,7
7488,1,4
7489,3,3
7490,4,8
7491,2,4
7492,2,7
7493,7,7
7494,5,6
7495,2,8
7496,0,5
7497,2,7
7498,0,3
7499,2,5
7500,3,7
7501,3,3
7502,4,4
7503,7,7
7504,1,2
7505,3,5
7506,1,3
7507,2,2
7508,2,4
7509,3,3
7510,3,3
7511,5,6
7512,1,4
7513,2,2
7514,7,8
7515,2,7
7516,0,4
7517,6,6
7518,3,7
7519,2,2
7520,1,2
7521,4,6
7522,7,7
7523,3,3
7524,2,2
7525,2,3
7526,0,2
7527,4,5
7528,2,2
7529,2,2
7530,5,7
7531,3,3
7532,1,3
7533,5,6
7534,4,8
7535,2,2
7536,4,5
7537,2,2
7538,1,2
7539,2,2
7540,2,2
7541,3,3
7542,1,2
7543,3,3
7544,1,2
7545,7,7
7546,2,4
7547,5,5
7548,1,3
7549,5,6
7550,1,3
7551,3,3
7552,4,4
7553,4,4
7554,2,4
7555,4,8
7556,1,2
7557,5,5
7558,4,6
7559,3,4
7560,3,4
7561,4,4
7562,3,4
7563,6,6
7564,3,7
7565,7,7
7566,1,4
7567,3,4
7568,3,4
7569,2,2
7570,2,6
7571,4,4
7572,1,5
7573,4,5
7574,2,2
7575,4,5
7576,3,5
7577,2,3
7578,7,9
7579,2,2
7580,5,6
7581,4,8
7582,2,3
7583,2,8
7584,2,4
7585,2,7
7586,1,2
7587,2,6
7588,4,6
7589,4,4
7590,2,5
7591,2,6
7592,4,5
7593,3,7
7594,4,5
7595,6,6
7596,2,2
7597,3,5
7598,4,4
7599,3,6
7600,5,7
7601,2,2
7602,5,5
7603,2,2
7604,4,6
7605,3,3
7606,4,8
7607,2,2
7608,0,6
7609,6,7
7610,5,8
7611,8,8
7612,1,2
7613,7,7
7614,6,8
7615,2,2
7616,2,7
7617,6,6
7618,2,2
7619,3,3
7620,3,6
7621,2,3
7622,3,4
7623,7,8
7624,1,7
7625,2,2
7626,5,7
7627,2,2
7628,2,2
7629,4,4
7630,2,3
7631,6,6
7632,2,5
7633,2,2
7634,1,2
7635,4,4
7636,3,4
7637,4,4
7638,5,6
7639,4,4
7640,1,7
7641,3,3
7642,4,4
7643,3,3
7644,4,7
7645,5,5
7646,0,2
7647,2,5
7648,1,5
7649,3,3
7650,2,5
7651,3,3
7652,1,2
7653,5,5
7654,5,10
7655,6,6
7656,0,7
7657,5,5
7658,3,4
7659,4,5
7660,0,6
7661,5,7
7662,3,4
7663,5,5
7664,4,6
7665,6,7
7666,2,2
7667,2,5
7668,1,3
7669,6,7
7670,1,2
7671,9,9
7672,6,7
7673,3,3
7674,0,7
7675,2,2
7676,4,8
7677,5,7
7678,3,3
7679,5,7
7680,4,4
7681,5,6
7682,4,4
7683,4,7
7684,3,4
7685,3,3
7686,5,7
7687,5,5
7688,1,3
7689,5,7
7690,2,6
7691,4,7
7692,3,3
7693,4,4
7694,1,2
7695,7,7
7696,2,2
7697,4,4
7698,2,3
7699,3,4
7700,5,5
7701,5,5
7702,2,8
7703,8,8
7704,4,4
7705,6,8
7706,4,6
7707,4,7
7708,0,2
7709,1,1
7710,4,6
7711,2,2
7712,5,7
7713,2,2
7714,2,4
7715,4,4
7716,2,6
7717,3,4
7718,4,5
7719,4,7
7720,4,8
7721,3,3
7722,3,3
7723,2,2
7724,2,7
7725,3,3
7726,2,3
7727,7,7
7728,5,8
7729,2,2
7730,2,6
7731,3,4
7732,3,3
7733,7,8
7734,3,6
7735,4,4
7736,0,2
7737,3,3
7738,2,5
7739,4,4
7740,5,7
7741,5,5
7742,4,6
7743,6,6
7744,1,7
7745,2,2
7746,5,7
7747,4,4
7748,4,8
7749,4,5
7750,3,3
7751,5,6
7752,2,4
7753,2,2
7754,2,3
7755,2,2
7756,2,3
7757,4,5
7758,3,3
7759,6,7
7760,2,3
7761,3,7
7762,4,7
7763,2,2
7764,3,4
7765,2,2
7766,2,5
7767,4,4
7768,1,2
7769,4,4
7770,2,4
7771,4,7
7772,4,7
7773,6,6
7774,5,8
7775,2,2
7776,6,6
7777,3,3
7778,4,4
7779,6,6
7780,2,5
7781,7,7
7782,2,3
7783,4,4
7784,5,8
7785,7,7
7786,4,4
7787,2,2
7788,2,5
7789,7,8
7790,4,4
7791,7,7
7792,5,7
7793,4,4
7794,2,2
7795,3,3
7796,3,5
7797,5,5
7798,7,9
7799,4,4
7800,2,3
7801,4,4
7802,6,6
7803,2,8
7804,3,6
7805,6,6
7806,4,7
7807,7,7
7808,5,5
7809,6,6
7810,3,6
7811,3,3
7812,3,4
7813,7,7
7814,2,2
7815,3,3
7816,0,4
7817,2,2
7818,1,5
7819,4,4
7820,3,5
7821,3,7
7822,4,7
7823,2,2
7824,5,5
7825,4,4
7826,3,6
7827,5,5
7828,3,4
7829,5,5
7830,7,7
7831,4,4
7832,4,5
7833,4,4
7834,3,5
7835,5,5
7836,3,3
7837,2,4
7838,1,3
7839,4,4
7840,3,5
7841,2,2
7842,5,7
7843,5,6
7844,5,7
7845,4,6
7846,2,2
7847,6,7
7848,1,6
7849,3,6
7850,1,3
7851,3,5
7852,5,8
7853,2,2
7854,1,2
7855,7,8
7856,1,2
7857,5,7
7858,2,5
7859,3,3
7860,2,4
7861,6,7
7862,6,7
7863,4,4
7864,0,3
7865,3,3
7866,2,6
7867,3,4
7868,2,4
7869,6,6
7870,1,5
7871,7,7
7872,1,3
7873,5,5
7874,1,6
7875,3,8
7876,4,6
7877,2,2
7878,2,3
7879,4,4
7880,2,3
7881,4,4
7882,2,8
7883,3,8
7884,2,6
7885,2,4
7886,4,5
7887,5,5
7888,3,3
7889,7,9
7890,3,3
7891,2,3
7892,3,5
7893,5,7
7894,2,2
7895,2,3
7896,2,6
7897,4,4
7898,3,5
7899,5,8
7900,1,8
7901,5,6
7902,3,5
7903,4,4
7904,8,8
7905,2,2
7906,3,6
7907,3,7
7908,1,7
7909,5,5
7910,3,6
7911,7,7
7912,0,3
7913,2,2
7914,4,5
7915,3,3
7916,2,6
7917,3,3
7918,1,2
7919,5,5
7920,5,7
7921,7,7
7922,1,2
7923,3,3
7924,6,8
7925,5,5
7926,3,4
7927,4,4
7928,3,5
7929,6,6
7930,5,6
7931,3,3
7932,6,7
7933,4,5
7934,2,6
7935,2,2
7936,3,4
7937,2,2
7938,0,6
7939,5,5
7940,1,6
7941,2,2
7942,0,2
7943,4,5
7944,2,6
7945,7,7
7946,4,7
7947,4,4
7948,6,7
7949,5,5
7950,4,5
7951,3,6
7952,1,4
7953,2,5
7954,1,3
7955,3,4
7956,6,7
7957,3,6
7958,5,6
7959,8,8
7960,1,4
7961,2,2
7962,2,4
7963,7,7
7964,1,5
7965,8,8
7966,1,2
7967,4,8
7968,2,2
7969,3,3
7970,5,7
7971,2,2
7972,5,5
7973,4,4
7974,6,7
7975,7,7
7976,2,6
7977,4,4
7978,1,6
7979,2,2
7980,3,7
7981,5,6
7982,1,5
7983,2,8
7984,2,5
7985,8,9
7986,0,7
7987,5,5
7988,4,4
7989,2,2
7990,5,8
7991,3,3
7992,0,6
7993,4,4
7994,0,2
7995,6,6
7996,2,3
7997,5,6
7998,3,8
7999,2,2
8000,2,3
8001,6,6
8002,0,5
8003,5,7
8004,3,6
8005,3,3
8006,1,6
8007,2,2
8008,4,7
8009,3,6
8010,5,6
8011,2,6
8012,2,6
8013,6,6
8014,1,2
8015,2,2
8016,5,8
8017,3,4
8018,1,5
8019,5,6
8020,1,2
8021,7,7
8022,2,2
8023,5,6
8024,3,3
8025,3,3
8026,1,5
8027,4,4
8028,0,4
8029,4,8
8030,7,7
8031,3,3
8032,1,5
8033,8,8
8034,4,6
8035,6,6
8036,1,7
8037,6,8
8038,2,6
8039,4,4
8040,4,4
8041,2,4
8042,1,3
8043,4,5
8044,1,3
8045,3,3
8046,2,3
8047,1,1
8048,2,2
8049,7,7
8050,3,5
8051,7,7
8052,5,5
8053,3,3
8054,2,3
8055,3,4
8056,2,5
8057,4,7
8058,5,7
8059,4,4
8060,3,3
8061,8,9
8062,1,8
8063,3,7
8064,1,6
8065,3,3
8066,5,8
8067,5,8
8068,3,5
8069,6,6
8070,5,7
8071,5,6
8072,2,7
8073,5,5
8074,1,6
8075,2,2
8076,2,2
8077,7,7
8078,5,7
8079,6,6
8080,0,3
8081,8,9
8082,1,2
8083,4,5
8084,1,2
8085,7,7
8086,0,5
8087,4,7
8088,4,5
8089,4,4
8090,1,2
8091,5,6
8092,1,2
8093,5,5
8094,3,3
8095,4,4
8096,3,4
8097,2,7
8098,6,8
8099,6,6
8100,0,2
8101,6,6
8102,3,4
8103,4,4
8104,5,5
8105,3,3
8106,3,6
8107,5,5
8108,6,7
8109,2,2
8110,3,7
8111,8,8
8112,0,1
8113,3,4
8114,5,5
8115,8,9
8116,0,1
8117,4,4
8118,2,3
8119,5,6
8120,2,3
8121,4,4
8122,4,7
8123,2,9
8124,2,2
8125,2,4
8126,4,6
8127,3,3
8128,0,7
8129,2,7
8130,1,2
8131,3,3
8132,1,2
8133,6,6
8134,4,6
8135,2,3
8136,1,3
8137,4,4
8138,3,4
8139,4,4
8140,4,7
8141,3,5
8142,3,6
8143,2,6
8144,3,3
8145,4,4
8146,4,6
8147,5,8
8148,1,6
8149,3,3
8150,2,4
8151,5,5
8152,0,5
8153,5,7
8154,4,5
8155,4,6
8156,0,3
8157,3,3
8158,4,4
8159,4,4
8160,7,7
8161,2,2
8162,3,5
8163,4,4
8164,3,5
8165,6,6
8166,3,7
8167,8,8
8168,1,2
8169,4,6
8170,4,6
8171,2,4
8172,2,7
8173,3,4
8174,3,3
8175,4,4
8176,5,6
8177,5,5
8178,5,7
8179,3,3
8180,6,7
8181,5,6
8182,0,2
8183,3,3
8184,3,3
8185,4,4
8186,1,6
8187,4,5
8188,1,2
8189,6,8
8190,3,5
8191,5,5
8192,2,2
8193,5,5
8194,6,8
8195,6,6
8196,4,5
8197,5,5
8198,2,7
8199,8,8
8200,2,6
8201,2,2
8202,3,4
8203,5,6
8204,2,5
8205,4,4
8206,2,2
8207,3,3
8208,6,8
8209,2,2
8210,1,5
8211,7,8
8212,1,1
8213,5,5
8214,2,4
8215,4,4
8216,1,5
8217,5,5
8218,3,4
8219,5,5
8220,0,2
8221,4,4
8222,3,4
8223,4,5
8224,3,3
8225,3,3
8226,2,2
8227,3,7
8228,2,2
8229,2,2
8230,3,7
8231,6,6
8232,1,2
8233,4,4
8234,1,2
8235,7,7
8236,3,4
8237,3,7
8238,3,4
8239,5,5
8240,0,7
8241,5,5
8242,3,4
8243,6,7
8244,0,2
8245,6,6
8246,1,3
8247,6,8
8248,5,6
8249,3,3
8250,3,6
8251,5,7
8252,7,8
8253,6,6
8254,3,3
8255,6,6
8256,1,2
8257,5,5
8258,1,3
8259,7,7
8260,4,5
8261,2,4
8262,1,3
8263,5,5
8264,3,8
8265,3,8
8266,4,5
8267,3,3
8268,1,7
8269,3,3
8270,6,7
8271,4,4
8272,3,3
8273,3,3
8274,1,4
8275,6,6
8276,0,7
8277,2,2
8278,4,8
8279,6,7
8280,0,5
8281,6,7
8282,2,3
8283,5,5
8284,1,3
8285,6,6
8286,1,2
8287,2,2
8288,1,3
8289,5,5
8290,0,5
8291,3,3
8292,3,5
8293,4,9
8294,3,4
8295,3,5
8296,2,4
8297,6,7
8298,0,3
8299,2,2
8300,1,7
8301,3,9
8302,2,7
8303,2,2
8304,5,8
8305,7,7
8306,2,2
8307,3,6
8308,1,6
8309,4,4
8310,1,3
8311,2,2
8312,1,5
8313,2,2
8314,2,2
8315,2,2
8316,3,3
8317,2,2
8318,4,8
8319,4,4
8320,0,4
8321,4,5
8322,1,2
8323,2,2
8324,2,3
8325,3,5
8326,4,6
8327,6,7
8328,0,8
8329,3,3
8330,3,5
8331,4,5
8332,3,4
8333,7,9
8334,4,6
8335,4,4
8336,3,4
8337,2,2
8338,3,4
8339,3,3
8340,7,8
8341,2,2
8342,4,7
8343,3,4
8344,2,2
8345,4,6
8346,5,6
8347,4,4
8348,5,8
8349,4,5
8350,3,4
8351,2,3
8352,3,5
8353,5,5
8354,1,2
8355,5,5
8356,1,5
8357,2,2
8358,1,4
8359,2,6
8360,5,5
8361,3,5
8362,2,6
8363,4,4
8364,2,6
8365,2,2
8366,6,6
8367,2,2
8368,3,5
8369,5,5
8370,7,8
8371,3,7
8372,1,3
8373,7,7
8374,4,7
8375,3,3
8376,2,2
8377,3,3
8378,3,3
8379,4,6
8380,0,6
8381,4,4
8382,4,6
8383,3,7
8384,1,3
8385,2,2
8386,3,3
8387,5,5
8388,2,3
8389,5,5
8390,4,7
8391,2,5
8392,2,3
8393,3,3
8394,0,2
8395,7,8
8396,1,7
8397,3,6
8398,1,1
8399,4,4
8400,5,7
8401,7,7
8402,2,3
8403,4,4
8404,5,7
8405,3,6
8406,1,7
8407,4,6
8408,3,7
8409,7,7
8410,1,6
8411,2,2
8412,2,3
8413,3,3
8414,2,7
8415,7,7
8416,3,6
8417,3,4
8418,1,3
8419,4,5
8420,3,7
8421,6,6
8422,1,8
8423,3,3
8424,3,7
8425,6,6
8426,2,3
8427,3,3
8428,4,7
8429,6,6
8430,3,4
8431,3,5
8432,1,5
8433,4,5
8434,2,3
8435,4,4
8436,1,6
8437,4,4
8438,0,6
8439,4,4
8440,2,4
8441,6,6
8442,1,3
8443,4,4
8444,1,2
8445,3,3
8446,1,6
8447,3,7
8448,5,7
8449,3,3
8450,4,4
8451,3,3
8452,1,2
8453,3,5
8454,1,3
8455,5,5
8456,3,4
8457,3,3
8458,3,3
8459,3,7
8460,5,7
8461,5,6
8462,4,8
8463,5,5
8464,3,4
8465,2,2
8466,3,8
8467,2,6
8468,3,5
8469,2,2
8470,4,5
8471,6,6
8472,4,4
8473,6,6
8474,2,5
8475,6,8
8476,5,5
8477,7,9
8478,4,4
8479,4,4
8480,3,5
8481,4,4
8482,1,4
8483,8,8
8484,3,4
8485,5,5
8486,6,6
8487,2,2
8488,3,4
8489,3,6
8490,3,3
8491,6,7
8492,0,7
8493,4,6
8494,3,5
8495,5,5
8496,4,7
8497,2,6
8498,2,5
8499,8,8
8500,3,3
8501,4,4
8502,3,4
8503,6,6
8504,1,7
8505,3,3
8506,0,4
8507,2,5
8508,3,5
8509,8,8
8510,3,4
8511,4,4
8512,2,2
8513,4,4
8514,0,1
8515,2,2
8516,4,5
8517,6,6
8518,3,3
8519,6,6
8520,1,3
8521,5,5
8522,4,4
8523,5,5
8524,3,6
8525,3,3
8526,2,7
8527,3,6
8528,3,6
8529,5,5
8530,8,8
8531,7,7
8532,3,4
8533,3,3
8534,4,7
8535,4,5
8536,3,4
8537,5,6
8538,4,5
8539,7,7
8540,4,6
8541,3,3
8542,2,3
8543,5,6
8544,0,5
8545,8,8
8546,4,5
8547,4,4
8548,0,3
8549,2,2
8550,5,6
8551,3,4
8552,5,5
8553,6,7
8554,5,8
8555,2,2
8556,3,5
8557,4,4
8558,5,8
8559,5,5
8560,4,5
8561,6,6
8562,4,5
8563,2,2
8564,2,4
8565,3,3
8566,4,6
8567,5,6
8568,2,4
8569,5,5
8570,2,2
8571,2,4
8572,1,3
8573,2,3
8574,6,8
8575,5,6
8576,4,4
8577,3,3
8578,2,3
8579,2,4
8580,5,7
8581,5,5
8582,1,8
8583,5,5
8584,4,5
8585,6,7
8586,1,2
8587,2,2
8588,2,5
8589,2,4
8590,5,7
8591,3,5
8592,3,8
8593,2,4
8594,2,7
8595,3,3
8596,4,5
8597,6,6
8598,2,6
8599,5,7
8600,3,3
8601,4,7
8602,3,7
8603,6,6
8604,5,6
8605,2,4
8606,1,6
8607,3,3
8608,8,8
8609,2,6
8610,4,4
8611,5,5
8612,2,6
8613,6,7
8614,2,2
8615,2,2
8616,4,5
8617,2,7
8618,2,3
8619,3,3
8620,3,5
8621,3,3
8622,7,9
8623,4,4
8624,3,4
8625,4,4
8626,0,2
8627,6,7
8628,2,3
8629,5,5
8630,0,5
8631,2,6
8632,3,4
8633,7,7
8634,1,2
8635,2,7
8636,2,2
8637,4,4
8638,1,4
8639,3,4
8640,1,2
8641,4,4
8642,2,3
8643,1,1
8644,3,4
8645,6,7
8646,5,8
8647,2,2
8648,2,7
8649,3,3
8650,5,6
8651,5,5
8652,5,5
8653,3,3
8654,2,3
8655,5,5
8656,0,7
8657,2,2
8658,1,4
8659,3,3
8660,7,8
8661,5,5
8662,2,2
8663,4,5
8664,5,5
8665,4,4
8666,1,2
8667,5,6
8668,1,5
8669,5,5
8670,2,2
8671,4,6
8672,0,6
8673,5,7
8674,4,5
8675,3,5
8676,0,3
8677,4,4
8678,2,2
8679,6,7
8680,0,4
8681,2,2
8682,0,2
8683,4,5
8684,0,7
8685,2,2
8686,0,7
8687,2,2
8688,4,5
8689,2,2
8690,4,4
8691,5,5
8692,4,4
8693,6,6
8694,4,6
8695,5,6
8696,1,3
8697,3,6
8698,1,5
8699,6,7
8700,3,3
8701,2,7
8702,4,4
8703,2,7
8704,6,7
8705,3,5
8706,0,2
8707,4,4
8708,1,3
8709,5,8
8710,1,4
8711,2,2
8712,3,3
8713,2,2
8714,1,4
8715,3,8
8716,5,6
8717,6,6
8718,3,3
8719,2,2
8720,2,4
8721,3,3
8722,3,3
8723,2,2
8724,4,5
8725,8,8
8726,0,3
8727,4,4
8728,3,3
8729,5,7
8730,3,4
8731,3,3
8732,3,3
8733,3,3
8734,2,5
8735,2,2
8736,2,2
8737,4,4
8738,0,2
8739,6,6
8740,7,9
8741,6,7
8742,3,4
8743,3,3
8744,1,5
8745,3,3
8746,0,7
8747,4,4
8748,1,6
8749,2,2
8750,3,8
8751,7,7
8752,5,7
8753,3,3
8754,2,5
8755,5,6
8756,0,2
8757,8,8
8758,1,6
8759,4,4
8760,1,6
8761,6,6
8762,1,2
8763,4,4
8764,3,7
8765,3,3
8766,5,8
8767,5,5
8768,4,6
8769,8,9
8770,1,1
8771,6,8
8772,3,4
8773,5,6
8774,2,6
8775,5,5
8776,2,5
8777,4,4
8778,4,5
8779,5,5
8780,2,6
8781,2,2
8782,3,3
8783,4,4
8784,4,6
8785,3,3
8786,4,5
8787,6,7
8788,1,6
8789,4,5
8790,4,7
8791,5,6
8792,4,4
8793,6,6
8794,1,2
8795,3,3
8796,1,5
8797,3,6
8798,6,8
8799,7,7
8800,4,7
8801,5,5
8802,4,7
8803,4,4
8804,2,3
8805,5,5
8806,1,5
8807,7,7
8808,3,6
8809,2,2
8810,3,6
8811,6,6
8812,4,4
8813,4,4
8814,4,7
8815,3,3
8816,2,3
8817,3,8
8818,2,6
8819,4,4
8820,0,5
8821,1,1
8822,2,8
8823,3,3
8824,0,7
8825,3,3
8826,2,2
8827,6,7
8828,7,8
8829,3,3
8830,5,5
8831,2,2
8832,2,4
8833,2,2
8834,0,5
8835,6,7
8836,3,4
8837,2,2
8838,2,4
8839,2,5
8840,5,5
8841,2,8
8842,2,5
8843,3,3
8844,3,3
8845,5,5
8846,6,6
8847,2,2
8848,3,3
8849,4,4
8850,2,5
8851,1,1
8852,5,7
8853,2,2
8854,1,4
8855,2,3
8856,1,6
8857,4,4
8858,4,5
8859,9,9
8860,3,4
8861,4,4
8862,5,5
8863,7,8
8864,1,5
8865,6,6
8866,1,3
8867,3,6
8868,2,5
8869,5,5
8870,3,6
8871,4,4
8872,2,2
8873,8,8
8874,1,5
8875,6,6
8876,8,8
8877,2,2
8878,2,2
8879,4,4
8880,5,7
8881,3,4
8882,3,6
8883,4,4
8884,2,8
8885,5,5
8886,2,2
8887,5,5
8888,5,6
8889,5,5
8890,3,5
8891,2,2
8892,1,2
8893,3,7
8894,3,5
8895,7,7
8896,3,5
8897,6,7
8898,1,6
8899,6,6
8900,3,8
8901,6,6
8902,1,3
8903,2,8
8904,3,3
8905,4,8
8906,4,5
8907,4,7
8908,5,6
8909,5,6
8910,2,3
8911,5,5
8912,1,2
8913,6,6
8914,1,7
8915,3,3
8916,1,5
8917,5,5
8918,2,5
8919,7,8
8920,1,7
8921,4,6
8922,6,7
8923,4,4
8924,4,5
8925,4,4
8926,2,4
8927,3,3
8928,4,4
8929,3,4
8930,2,3
8931,4,7
8932,2,6
8933,5,7
8934,2,4
8935,4,4
8936,5,6
8937,5,5
8938,3,3
8939,5,7
8940,2,8
8941,5,5
8942,1,2
8943,4,4
8944,1,6
8945,2,3
8946,3,5
8947,7,8
8948,3,3
8949,6,6
8950,3,7
8951,7,7
8952,0,3
8953,6,6
8954,3,3
8955,2,5
8956,4,5
8957,6,6
8958,3,4
8959,3,3
8960,3,6
8961,4,4
8962,3,4
8963,5,5
8964,1,8
8965,4,4
8966,1,7
8967,7,7
8968,1,2
8969,7,8
8970,4,4
8971,2,2
8972,4,7
8973,4,4
8974,4,6
8975,8,8
8976,0,3
8977,3,4
8978,0,6
8979,4,9
8980,1,7
8981,5,5
8982,4,7
8983,3,3
8984,2,6
8985,5,6
8986,2,2
8987,4,7
8988,1,5
8989,6,6
8990,2,5
8991,3,3
8992,1,1
8993,4,4
8994,5,7
8995,4,4
8996,6,8
8997,4,7
8998,4,8
8999,3,3
9000,4,4
9001,8,8
9002,3,3
9003,3,3
9004,7,8
9005,4,4
9006,2,2
9007,4,8
9008,3,3
9009,4,8
9010,4,5
9011,6,7
9012,3,5
9013,2,2
9014,3,3
9015,2,5
9016,1,2
9017,3,3
9018,0,5
9019,5,5
9020,2,3
9021,2,3
9022,5,5
9023,5,8
9024,3,6
9025,3,3
9026,4,5
9027,7,7
9028,4,9
9029,3,7
9030,2,2
9031,3,4
9032,2,2
9033,2,7
9034,2,7
9035,2,3
9036,3,5
9037,5,5
9038,3,5
9039,5,5
9040,3,3
9041,5,5
9042,5,7
9043,3,3
9044,4,4
9045,2,2
9046,4,6
9047,3,6
9048,4,5
9049,5,5
9050,2,3
9051,2,3
9052,4,5
9053,5,8
9054,3,8
9055,7,7
9056,4,7
9057,3,3
9058,3,5
9059,3,4
9060,6,7
9061,7,8
9062,1,7
9063,2,2
9064,4,5
9065,7,7
9066,5,7
9067,6,6
9068,2,7
9069,3,3
9070,1,2
9071,1,1
9072,1,3
9073,2,2
9074,2,2
9075,7,7
9076,2,6
9077,7,7
9078,0,6
9079,6,6
9080,4,7
9081,5,5
9082,2,5
9083,6,8
9084,4,4
9085,2,2
9086,1,3
9087,3,3
9088,0,1
9089,2,4
9090,4,5
9091,2,5
9092,1,2
9093,4,6
9094,2,6
9095,5,6
9096,0,8
9097,5,5
9098,0,4
9099,3,3
9100,1,4
9101,4,5
9102,3,3
9103,3,6
9104,6,8
9105,7,7
9106,4,7
9107,4,5
9108,2,3
9109,2,3
9110,1,5
9111,3,5
9112,4,6
9113,6,6
9114,4,5
9115,3,7
9116,5,7
9117,3,4
9118,0,1
9119,4,4
9120,0,2
9121,1,1
9122,1,2
9123,4,4
9124,3,7
9125,6,6
9126,2,4
9127,3,3
9128,2,2
9129,2,5
9130,0,5
9131,7,7
9132,1,9
9133,6,6
9134,2,5
9135,6,8
9136,3,6
9137,4,4
9138,2,3
9139,5,6
9140,6,8
9141,2,2
9142,8,8
9143,6,6
9144,2,2
9145,4,5
9146,3,7
9147,4,4
9148,1,7
9149,2,5
9150,0,2
9151,7,7
9152,6,6
9153,1,1
9154,3,7
9155,2,2
9156,3,3
9157,2,2
9158,3,6
9159,5,6
9160,2,5
9161,7,7
9162,2,7
9163,3,3
9164,2,5
9165,6,6
9166,6,6
9167,3,3
9168,1,4
9169,2,2
9170,4,6
9171,2,2
9172,0,6
9173,5,5
9174,1,6
9175,3,3
9176,3,6
9177,2,8
9178,2,2
9179,7,8
9180,3,3
9181,2,2
9182,0,3
9183,5,5
9184,4,5
9185,6,7
9186,0,6
9187,3,3
9188,3,3
9189,2,3
9190,1,3
9191,4,4
9192,2,2
9193,3,5
9194,2,5
9195,3,3
9196,3,8
9197,6,6
9198,4,5
9199,3,5
9200,6,6
9201,6,6
9202,2,5
9203,4,4
9204,3,4
9205,2,2
9206,4,6
9207,8,8
9208,6,8
9209,3,3
9210,2,3
9211,2,2
9212,1,8
9213,3,3
9214,2,4
9215,4,4
9216,1,2
9217,3,3
9218,5,7
9219,5,6
9220,0,5
9221,2,4
9222,6,8
9223,5,5
9224,3,4
9225,6,6
9226,3,4
9227,7,7
9228,5,5
9229,5,6
9230,2,4
9231,4,7
9232,1,3
9233,4,6
9234,1,4
9235,3,6
9236,1,3
9237,5,5
9238,3,4
9239,5,5
9240,0,6
9241,5,6
9242,3,5
9243,6,6
9244,1,3
9245,6,6
9246,3,6
9247,2,2
9248,3,3
9249,2,2
9250,2,3
9251,2,4
9252,2,2
9253,3,3
9254,2,5
9255,3,3
9256,6,6
9257,4,4
9258,7,8
9259,4,4
9260,0,2
9261,4,4
9262,2,2
9263,7,8
9264,2,2
9265,2,2
9266,1,2
9267,2,4
9268,6,7
9269,3,6
9270,0,5
9271,2,2
9272,2,4
9273,6,6
9274,2,5
9275,4,7
9276,2,7
9277,5,5
9278,2,3
9279,5,5
9280,2,2
9281,7,7
9282,2,6
9283,5,5
9284,6,6
9285,3,8
9286,3,5
9287,5,5
9288,2,5
9289,7,7
9290,4,7
9291,6,6
9292,4,5
9293,3,6
9294,0,7
9295,2,3
9296,4,4
9297,5,5
9298,2,2
9299,2,4
9300,2,6
9301,4,4
9302,1,3
9303,2,4
9304,1,7
9305,8,8
9306,7,8
9307,5,8
9308,1,4
9309,2,2
9310,1,6
9311,2,2
9312,7,7
9313,4,4
9314,1,4
9315,5,5
9316,0,3
9317,3,3
9318,3,5
9319,8,8
9320,5,5
9321,2,2
9322,4,5
9323,3,5
9324,4,4
9325,4,5
9326,3,6
9327,2,7
9328,0,2
9329,4,6
9330,4,8
9331,4,8
9332,2,2
9333,4,6
9334,2,3
9335,2,7
9336,0,4
9337,5,5
9338,6,6
9339,5,6
9340,0,6
9341,2,6
9342,3,4
9343,7,8
9344,2,2
9345,3,4
9346,4,7
9347,3,4
9348,0,4
9349,5,5
9350,3,3
9351,3,4
9352,4,7
9353,3,3
9354,0,4
9355,4,6
9356,4,5
9357,5,5
9358,3,5
9359,3,6
9360,3,4
9361,7,7
9362,5,7
9363,4,5
9364,3,3
9365,3,4
9366,1,1
9367,5,6
9368,2,2
9369,6,6
9370,5,6
9371,4,7
9372,3,3
9373,3,3
9374,4,5
9375,4,8
9376,1,4
9377,5,5
9378,2,2
9379,2,2
9380,1,4
9381,3,7
9382,3,6
9383,6,7
9384,2,2
9385,3,7
9386,6,9
9387,3,3
9388,4,4
9389,4,4
9390,3,6
9391,6,7
9392,3,5
9393,4,4
9394,4,4
9395,7,8
9396,4,6
9397,6,6
9398,1,8
9399,7,8
9400,0,8
9401,5,8
9402,4,8
9403,7,7
9404,5,9
9405,3,4
9406,2,2
9407,7,7
9408,1,6
9409,2,5
9410,1,3
9411,2,2
9412,6,8
9413,3,3
9414,4,4
9415,4,4
9416,2,3
9417,6,6
9418,5,7
9419,5,5
9420,0,4
9421,7,7
9422,2,2
9423,8,8
9424,2,2
9425,2,2
9426,4,5
9427,4,5
9428,1,2
9429,6,8
9430,3,7
9431,6,6
9432,4,6
9433,4,5
9434,5,7
9435,3,3
9436,3,7
9437,4,4
9438,3,5
9439,2,2
9440,6,7
9441,2,2
9442,1,9
9443,2,4
9444,1,2
9445,4,4
9446,1,3
9447,8,9
9448,3,4
9449,2,2
9450,2,2
9451,3,7
9452,1,2
9453,2,3
9454,3,6
9455,5,5
9456,2,2
9457,8,8
9458,3,5
9459,4,4
9460,5,6
9461,2,2
9462,7,8
9463,3,5
9464,4,5
9465,2,2
9466,2,8
9467,2,2
9468,3,3
9469,5,5
9470,3,3
9471,8,8
9472,2,3
9473,6,6
9474,4,6
9475,4,8
9476,4,4
9477,5,5
9478,5,6
9479,3,5
9480,3,7
9481,2,2
9482,3,7
9483,2,8
9484,7,7
9485,2,6
9486,0,4
9487,3,3
9488,1,2
9489,4,4
9490,6,6
9491,5,5
9492,7,8
9493,4,4
9494,2,5
9495,5,5
9496,2,3
9497,5,6
9498,2,4
9499,4,6
9500,5,7
9501,2,2
9502,5,7
9503,5,5
9504,4,8
9505,2,2
9506,5,8
9507,3,7
9508,3,5
9509,2,2
9510,4,5
9511,4,4
9512,3,7
9513,6,6
9514,5,7
9515,7,7
9516,4,5
9517,5,7
9518,1,2
9519,5,5
9520,4,5
9521,2,2
9522,2,4
9523,2,2
9524,6,6
9525,3,3
9526,2,5
9527,2,2
9528,1,2
9529,3,7
9530,2,6
9531,4,4
9532,0,2
9533,4,4
9534,4,8
9535,3,4
9536,4,4
9537,2,2
9538,4,6
9539,5,8
9540,2,3
9541,4,4
9542,2,2
9543,1,1
9544,6,6
9545,5,8
9546,5,6
9547,3,7
9548,1,2
9549,2,2
9550,2,2
9551,2,6
9552,3,3
9553,6,6
9554,1,4
9555,5,6
9556,3,4
9557,3,5
9558,0,4
9559,7,7
9560,3,6
9561,2,2
9562,3,3
9563,4,5
9564,3,4
9565,2,2
9566,3,5
9567,6,8
9568,1,2
9569,2,4
9570,5,6
9571,3,3
9572,5,6
9573,5,7
9574,3,5
9575,5,7
9576,0,3
9577,3,7
9578,3,6
9579,2,2
9580,1,6
9581,2,2
9582,0,3
9583,6,6
9584,1,2
9585,6,7
9586,4,4
9587,5,5
9588,3,4
9589,4,6
9590,1,2
9591,7,7
9592,2,2
9593,2,2
9594,3,7
9595,7,7
9596,4,7
9597,4,4
9598,4,5
9599,3,6
9600,1,2
9601,5,5
9602,0,2
9603,4,5
9604,3,7
9605,3,3
9606,0,8
9607,3,3
9608,0,8
9609,2,2
9610,1,5
9611,4,4
9612,4,5
9613,2,2
9614,1,2
9615,3,7
9616,1,3
9617,6,7
9618,0,5
9619,5,5
9620,0,2
9621,3,3
9622,3,4
9623,4,4
9624,3,4
9625,4,4
9626,3,5
9627,2,2
9628,4,5
9629,5,6
9630,2,4
9631,3,3
9632,3,5
9633,5,5
9634,2,8
9635,4,4
9636,2,2
9637,4,5
9638,0,8
9639,6,6
9640,1,4
9641,2,2
9642,3,6
9643,5,6
9644,0,5
9645,6,6
9646,2,2
9647,4,6
9648,3,4
9649,4,6
9650,3,3
9651,4,4
9652,1,2
9653,5,5
9654,2,7
9655,2,2
9656,3,5
9657,4,4
9658,2,2
9659,2,2
9660,2,4
9661,3,3
9662,4,7
9663,3,5
9664,0,7
9665,4,4
9666,1,4
9667,6,6
9668,1,6
9669,2,2
9670,2,2
9671,4,4
9672,3,4
9673,7,7
9674,2,3
9675,4,4
9676,2,2
9677,3,5
9678,4,6
9679,3,3
9680,1,2
9681,3,3
9682,4,6
9683,4,4
9684,3,3
9685,4,4
9686,4,4
9687,5,7
9688,0,6
9689,3,3
9690,2,7
9691,5,7
9692,1,2
9693,2,2
9694,4,4
9695,3,7
9696,1,2
9697,2,2
9698,0,5
9699,6,7
9700,2,2
9701,7,7
9702,3,3
9703,2,2
9704,1,4
9705,4,8
9706,4,5
9707,2,3
9708,3,4
9709,5,5
9710,6,6
9711,3,3
9712,3,6
9713,7,7
9714,1,2
9715,4,5
9716,1,2
9717,2,3
9718,4,7
9719,5,5
9720,4,5
9721,2,2
9722,3,3
9723,3,3
9724,1,3
9725,7,8
9726,2,4
9727,6,9
9728,5,7
9729,2,2
9730,4,5
9731,5,5
9732,1,2
9733,4,4
9734,2,6
9735,5,5
9736,3,3
9737,8,8
9738,2,4
9739,3,3
9740,1,4
9741,3,6
9742,3,3
9743,6,8
9744,1,7
9745,3,3
9746,3,5
9747,2,2
9748,5,6
9749,2,2
9750,4,6
9751,6,6
9752,2,5
9753,1,1
9754,2,6
9755,5,5
9756,1,2
9757,5,5
9758,1,4
9759,2,4
9760,5,8
9761,2,2
9762,5,9
9763,2,7
9764,1,5
9765,2,4
9766,6,8
9767,3,5
9768,1,4
9769,5,9
9770,2,6
9771,3,7
9772,3,4
9773,8,8
9774,4,4
9775,7,7
9776,1,2
9777,6,7
9778,2,3
9779,3,3
9780,5,8
9781,8,8
9782,3,3
9783,5,7
9784,1,2
9785,4,4
9786,2,2
9787,2,2
9788,5,7
9789,2,7
9790,2,6
9791,2,5
9792,3,3
9793,3,3
9794,2,3
9795,4,6
9796,3,5
9797,5,5
9798,5,8
9799,4,4
9800,2,2
9801,5,5
9802,2,4
9803,5,5
9804,3,6
9805,7,8
9806,3,3
9807,2,2
9808,2,7
9809,3,6
9810,3,7
9811,3,3
9812,2,3
9813,3,7
9814,2,2
9815,2,2
9816,5,6
9817,4,9
9818,1,3
9819,6,7
9820,0,4
9821,3,3
9822,2,2
9823,7,7
9824,3,3
9825,4,5
9826,0,4
9827,3,3
9828,3,8
9829,2,2
9830,3,3
9831,4,4
9832,3,4
9833,4,6
9834,5,7
9835,4,5
9836,3,6
9837,6,6
9838,1,2
9839,5,7
9840,2,3
9841,9,9
9842,1,6
9843,5,5
9844,1,3
9845,5,5
9846,2,6
9847,3,3
9848,1,7
9849,6,7
9850,4,5
9851,5,6
9852,3,7
9853,2,6
9854,2,2
9855,4,4
9856,2,2
9857,2,2
9858,5,6
9859,6,6
9860,6,6
9861,3,7
9862,8,8
9863,2,2
9864,2,2
9865,7,7
9866,2,4
9867,2,2
9868,5,7
9869,4,4
9870,2,6
9871,2,2
9872,1,2
9873,4,4
9874,5,6
9875,4,5
9876,0,4
9877,6,6
9878,1,6
9879,4,4
9880,1,4
9881,6,7
9882,2,5
9883,7,7
9884,5,7
9885,6,6
9886,2,2
9887,2,2
9888,5,8
9889,2,2
9890,6,7
9891,5,6
9892,5,7
9893,3,4
9894,4,6
9895,3,7
9896,4,5
9897,6,6
9898,6,6
9899,8,8
9900,2,3
9901,5,5
9902,1,2
9903,2,2
9904,4,6
9905,4,4
9906,3,5
9907,2,2
9908,6,6
9909,5,5
9910,0,4
9911,6,6
9912,3,5
9913,4,4
9914,0,1
9915,4,4
9916,4,5
9917,8,8
9918,3,4
9919,5,5
9920,4,4
9921,8,8
9922,0,8
9923,2,2
9924,0,2
9925,3,3
9926,1,7
9927,4,4
9928,2,3
9929,2,2
9930,3,5
9931,3,7
9932,4,4
9933,5,5
9934,0,7
9935,6,8
9936,7,8
9937,2,2
9938,0,3
9939,2,3
9940,3,5
9941,5,5
9942,0,5
9943,3,3
9944,2,6
9945,2,5
9946,3,3
9947,2,2
9948,4,5
9949,6,8
9950,6,7
9951,1,1
9952,6,8
9953,2,2
9954,6,7
9955,5,5
9956,3,3
9957,4,5
9958,3,7
9959,3,5
9960,0,7
9961,5,5
9962,1,4
9963,2,5
9964,4,4
9965,4,4
9966,3,3
9967,3,3
9968,4,7
9969,3,3
9970,2,3
9971,7,8
9972,4,8
9973,6,6
9974,2,6
9975,3,3
9976,2,2
9977,2,2
9978,3,4
9979,2,5
9980,1,2
9981,2,2
9982,2,8
9983,6,6
9984,2,6
9985,6,6
9986,1,2
9987,5,5
9988,3,3
9989,2,2
9990,3,5
9991,4,4
9992,0,2
9993,3,3
9994,2,5
9995,3,7
9996,1,4
9997,6,6
9998,6,7
9999,1,1
10000,4,6
10001,3,8
10002,4,6
10003,4,6
10004,5,8
10005,4,5
10006,5,8
10007,5,6
10008,3,4
10009,2,7
10010,1,1
10011,3,8
10012,1,5
10013,2,2
10014,3,4
10015,4,4
10016,2,4
10017,2,5
10018,4,7
10019,3,3
10020,3,6
10021,2,2
10022,2,3
10023,5,8
10024,2,2
10025,2,2
10026,3,4
10027,3,3
10028,2,2
10029,5,5
10030,4,6
10031,2,2
10032,2,4
10033,3,8
10034,5,5
10035,2,2
10036,2,5
10037,5,6
10038,1,2
10039,4,5
10040,4,5
10041,2,2
10042,1,2
10043,4,4
10044,1,5
10045,4,6
10046,1,2
10047,6,6
10048,2,2
10049,6,7
10050,2,4
10051,2,2
10052,2,5
10053,4,5
10054,3,9
10055,2,2
10056,5,8
10057,5,5
10058,5,8
10059,5,6
10060,3,5
10061,5,5
10062,1,3
10063,4,4
10064,1,2
10065,2,2
10066,4,6
10067,2,2
10068,0,2
10069,7,7
10070,3,3
10071,4,4
10072,2,3
10073,3,3
10074,1,1
10075,3,3
10076,5,8
10077,2,4
10078,0,4
10079,3,5
10080,2,4
10081,3,4
10082,0,2
10083,2,2
10084,1,5
10085,5,5
10086,3,6
10087,5,5
10088,3,6
10089,6,7
10090,0,4
10091,7,7
10092,1,2
10093,4,8
10094,1,8
10095,3,3
10096,3,4
10097,2,6
10098,1,2
10099,3,7
10100,2,4
10101,4,4
10102,0,7
10103,5,7
10104,0,5
10105,6,6
10106,6,9
10107,2,5
10108,3,6
10109,6,8
10110,2,3
10111,3,3
10112,5,6
10113,3,3
10114,4,7
10115,4,4
10116,4,6
10117,7,7
10118,0,6
10119,6,6
10120,2,2
10121,3,3
10122,3,3
10123,5,9
10124,0,5
10125,3,5
10126,0,2
10127,3,6
10128,4,4
10129,6,6
10130,6,7
10131,2,2
10132,4,5
10133,2,8
10134,1,2
10135,6,6
10136,5,8
10137,8,8
10138,1,2
10139,6,6
10140,2,2
10141,4,4
10142,3,5
10143,5,5
10144,2,2
10145,7,7
10146,4,8
10147,4,4
10148,6,7
10149,6,6
10150,0,5
10151,3,3
10152,6,7
10153,3,3
10154,2,5
10155,1,1
10156,2,6
10157,2,2
10158,2,4
10159,4,6
10160,4,6
10161,3,7
10162,1,5
10163,6,6
10164,2,6
10165,3,3
10166,0,3
10167,6,6
10168,2,3
10169,7,7
10170,1,2
10171,3,3
10172,4,6
10173,4,4
10174,3,6
10175,3,4
10176,6,8
10177,7,8
10178,1,2
10179,3,3
10180,5,6
10181,6,7
10182,3,7
10183,7,9
10184,1,2
10185,4,4
10186,3,3
10187,3,3
10188,3,5
10189,6,6
10190,2,7
10191,4,4
10192,3,5
10193,8,8
10194,0,2
10195,2,4
10196,3,4
10197,3,4
10198,5,7
10199,7,7
10200,2,2
10201,3,7
10202,4,7
10203,3,3
10204,2,2
10205,3,3
10206,3,6
10207,3,6
10208,7,8
10209,5,7
10210,4,5
10211,7,7
10212,1,2
10213,2,2
10214,6,7
10215,4,4
10216,4,4
10217,3,5
10218,2,5
10219,6,6
10220,3,4
10221,6,6
10222,3,8
10223,3,5
10224,4,4
10225,2,2
10226,3,4
10227,6,7
10228,1,5
10229,7,7
10230,0,2
10231,4,4
10232,5,7
10233,2,3
10234,4,5
10235,3,4
10236,0,4
10237,4,4
10238,3,5
10239,2,2
10240,4,6
10241,4,7
10242,3,7
10243,6,6
10244,1,6
10245,2,2
10246,2,5
10247,4,4
10248,4,4
10249,5,5
10250,5,6
10251,2,2
10252,2,2
10253,2,5
10254,0,2
10255,5,7
10256,1,4
10257,5,5
10258,1,2
10259,5,7
10260,1,3
10261,1,1
10262,2,4
10263,6,7
10264,2,3
10265,4,5
10266,4,6
10267,6,7
10268,5,6
10269,2,2
10270,2,4
10271,4,7
10272,1,7
10273,1,1
10274,1,5
10275,5,5
10276,1,5
10277,3,4
10278,3,7
10279,4,6
10280,1,3
10281,2,2
10282,4,4
10283,2,2
10284,1,6
10285,7,7
10286,4,6
10287,4,6
10288,1,5
10289,8,8
10290,4,4
10291,3,3
10292,0,5
10293,6,6
10294,1,4
10295,4,4
10296,5,8
10297,5,7
10298,8,8
10299,7,7
10300,3,4
10301,3,3
10302,5,7
10303,4,7
10304,1,4
10305,3,3
10306,2,6
10307,4,4
10308,3,3
10309,2,2
10310,1,6
10311,4,4
10312,1,3
10313,8,8
10314,1,7
10315,3,3
10316,6,7
10317,3,3
10318,4,4
10319,2,3
10320,3,7
10321,3,5
10322,1,3
10323,2,2
10324,4,7
10325,2,2
10326,2,3
10327,6,6
10328,5,6
10329,6,6
10330,5,6
10331,6,6
10332,4,8
10333,3,4
10334,0,5
10335,2,2
10336,2,4
10337,4,4
10338,2,4
10339,3,3
10340,1,3
10341,4,6
10342,4,6
10343,3,9
10344,4,5
10345,5,6
10346,2,3
10347,6,6
10348,2,2
10349,2,3
10350,3,7
10351,4,5
10352,0,3
10353,5,5
10354,7,8
10355,4,4
10356,0,6
10357,4,6
10358,2,2
10359,6,7
10360,0,2
10361,3,4
10362,6,6
10363,2,4
10364,0,3
10365,3,3
10366,1,2
10367,4,4
10368,3,3
10369,3,3
10370,2,5
10371,8,8
10372,2,3
10373,3,3
10374,2,8
10375,6,6
10376,4,5
10377,6,6
10378,2,3
10379,2,2
10380,1,6
10381,6,6
10382,0,2
10383,4,7
10384,2,6
10385,6,7
10386,5,8
10387,6,6
10388,3,5
10389,4,4
10390,4,5
10391,5,5
10392,5,5
10393,8,8
10394,1,3
10395,6,6
10396,3,8
10397,5,5
10398,4,4
10399,7,7
10400,1,3
10401,4,4
10402,0,2
10403,7,7
10404,2,2
10405,3,5
10406,1,2
10407,4,4
10408,6,7
10409,6,8
10410,1,3
10411,7,7
10412,1,2
10413,7,9
10414,1,2
10415,2,7
10416,1,3
10417,2,2
10418,6,7
10419,4,4
10420,4,6
10421,3,4
10422,3,5
10423,3,3
10424,0,3
10425,4,8
10426,7,7
10427,2,2
10428,2,2
10429,6,6
10430,2,5
10431,7,7
10432,6,6
10433,5,5
10434,5,6
10435,2,4
10436,1,4
10437,4,7
10438,4,6
10439,6,6
10440,1,2
10441,5,5
10442,3,7
10443,4,7
10444,5,5
10445,5,5
10446,2,3
10447,2,2
10448,2,2
10449,9,9
10450,1,2
10451,3,3
10452,1,2
10453,2,2
10454,1,4
10455,3,4
10456,0,2
10457,2,2
10458,0,8
10459,2,2
10460,7,8
10461,2,2
10462,0,7
10463,8,8
10464,2,3
10465,3,5
10466,1,4
10467,3,4
10468,2,2
10469,3,3
10470,1,2
10471,7,7
10472,6,7
10473,4,8
10474,4,8
10475,6,7
10476,1,5
10477,2,2
10478,4,8
10479,3,3
10480,2,2
10481,2,7
10482,2,3
10483,5,5
10484,4,5
10485,6,6
10486,2,2
10487,4,4
10488,3,5
10489,3,3
10490,2,5
10491,3,4
10492,1,6
10493,7,7
10494,0,2
10495,5,5
10496,1,6
10497,2,2
10498,5,5
10499,4,4
10500,5,7
10501,5,5
10502,3,3
10503,4,6
10504,0,2
10505,3,3
10506,5,5
10507,4,4
10508,3,6
10509,2,2
10510,1,4
10511,2,4
10512,5,5
10513,5,6
10514,2,3
10515,6,6
10516,1,3
10517,5,5
10518,5,5
10519,6,7
10520,1,4
10521,4,4
10522,2,6
10523,6,6
10524,7,8
10525,2,2
10526,1,6
10527,5,7
10528,1,3
10529,4,4
10530,2,4
10531,6,6
10532,1,6
10533,6,6
10534,3,3
10535,3,5
10536,5,7
10537,2,2
10538,6,6
10539,2,2
10540,4,6
10541,2,2
10542,0,3
10543,7,7
10544,5,5
10545,2,2
10546,7,8
10547,4,7
10548,2,2
10549,6,6
10550,1,2
10551,5,5
10552,3,3
10553,4,4
10554,6,8
10555,6,6
10556,2,3
10557,4,6
10558,0,2
10559,5,5
10560,4,4
10561,5,5
10562,4,4
10563,8,8
10564,0,2
10565,3,3
10566,0,7
10567,7,7
10568,2,2
10569,7,7
10570,4,7
10571,4,8
10572,3,4
10573,7,7
10574,3,5
10575,3,4
10576,0,6
10577,2,2
10578,7,7
10579,3,3
10580,1,6
10581,6,6
10582,5,6
10583,5,5
10584,4,5
10585,3,3
10586,5,7
10587,7,7
10588,1,2
10589,2,2
10590,7,8
10591,7,7
10592,2,7
10593,5,7
10594,5,8
10595,3,3
10596,3,4
10597,4,6
10598,0,2
10599,4,4
10600,2,2
10601,7,7
10602,1,4
10603,5,5
10604,3,5
10605,7,8
10606,2,2
10607,4,4
10608,3,3
10609,7,8
10610,4,5
10611,3,3
10612,0,4
10613,5,5
10614,1,1
10615,3,4
10616,4,8
10617,5,5
10618,4,6
10619,2,2
10620,0,2
10621,2,6
10622,1,5
10623,4,4
10624,1,3
10625,6,6
10626,5,6
10627,2,2
10628,3,6
10629,5,5
10630,5,8
10631,5,6
10632,3,3
10633,2,2
10634,4,4
10635,3,6
10636,2,3
10637,5,8
10638,5,5
10639,7,7
10640,2,4
10641,2,6
10642,3,5
10643,3,7
10644,2,5
10645,8,8
10646,6,7
10647,3,3
10648,5,7
10649,6,6
10650,6,8
10651,3,3
10652,2,7
10653,2,2
10654,2,2
10655,7,7
10656,0,3
10657,4,4
10658,1,2
10659,3,3
10660,4,5
10661,2,2
10662,4,6
10663,3,3
10664,4,5
10665,4,7
10666,1,7
10667,5,5
10668,3,3
10669,5,6
10670,2,4
10671,5,5
10672,0,2
10673,4,7
10674,1,5
10675,4,4
10676,4,6
10677,3,7
10678,2,2
10679,4,5
10680,2,4
10681,3,3
10682,0,2
10683,4,8
10684,1,2
10685,3,7
10686,3,4
10687,2,2
10688,0,2
10689,7,7
10690,5,8
10691,3,3
10692,5,7
10693,6,6
10694,1,6
10695,7,7
10696,1,3
10697,5,7
10698,4,4
10699,7,7
10700,4,4
10701,3,3
10702,4,5
10703,3,3
10704,5,7
10705,4,5
10706,1,2
10707,3,3
10708,1,2
10709,4,4
10710,3,5
10711,6,6
10712,2,7
10713,3,7
10714,3,3
10715,6,7
10716,6,8
10717,3,5
10718,1,3
10719,3,3
10720,5,5
10721,5,5
10722,1,3
10723,5,5
10724,2,2
10725,6,6
10726,2,2
10727,2,2
10728,2,5
10729,3,4
10730,2,3
10731,6,6
10732,3,3
10733,3,3
10734,4,5
10735,2,2
10736,2,2
10737,3,6
10738,4,7
10739,4,4
10740,5,6
10741,2,2
10742,2,6
10743,4,6
10744,6,8
10745,5,7
10746,5,6
10747,7,8
10748,0,6
10749,5,7
10750,2,2
10751,2,6
10752,4,7
10753,5,5
10754,0,5
10755,5,5
10756,0,6
10757,2,5
10758,0,2
10759,3,6
10760,3,5
10761,3,3
10762,2,2
10763,2,2
10764,3,4
10765,5,5
10766,1,3
10767,5,5
10768,5,6
10769,8,8
10770,5,6
10771,6,6
10772,0,4
10773,3,4
10774,2,2
10775,5,8
10776,3,4
10777,3,7
10778,4,6
10779,5,6
10780,3,5
10781,7,7
10782,6,7
10783,3,3
10784,1,3
10785,2,4
10786,4,6
10787,3,5
10788,4,5
10789,5,8
10790,1,2
10791,3,3
10792,2,2
10793,5,5
10794,4,8
10795,4,5
10796,4,4
10797,7,7
10798,4,7
10799,5,5
10800,6,6
10801,4,4
10802,1,6
10803,2,2
10804,3,5
10805,4,4
10806,0,7
10807,5,5
10808,2,3
10809,6,7
10810,3,4
10811,2,2
10812,4,7
10813,8,8
10814,1,4
10815,3,3
10816,6,6
10817,5,6
10818,4,5
10819,7,7
10820,3,4
10821,4,4
10822,1,7
10823,2,5
10824,2,3
10825,4,6
10826,2,8
10827,2,2
10828,1,2
10829,2,2
10830,3,7
10831,6,6
10832,5,6
10833,5,5
10834,3,4
10835,6,6
10836,2,2
10837,5,5
10838,2,3
10839,5,6
10840,1,5
10841,4,4
10842,4,7
10843,3,3
10844,2,4
10845,7,7
10846,2,2
10847,3,4
10848,3,5
10849,2,2
10850,5,8
10851,3,3
10852,4,6
10853,4,5
10854,3,4
10855,3,5
10856,0,3
10857,8,8
10858,2,5
10859,2,6
10860,0,3
10861,2,4
10862,5,7
10863,3,3
10864,0,5
10865,6,6
10866,1,3
10867,3,3
10868,1,3
10869,5,7
10870,3,3
10871,3,8
10872,0,3
10873,4,6
10874,0,6
10875,2,2
10876,3,6
10877,3,3
10878,7,7
10879,3,3
10880,1,2
10881,3,3
10882,1,5
10883,2,2
10884,3,3
10885,6,6
10886,2,4
10887,3,3
10888,2,7
10889,6,7
10890,7,9
10891,3,3
10892,4,5
10893,6,7
10894,4,4
10895,2,2
10896,4,6
10897,2,2
10898,1,4
10899,3,3
10900,1,2
10901,3,4
10902,4,8
10903,4,4
10904,5,6
10905,6,6
10906,3,4
10907,2,2
10908,6,8
10909,5,5
10910,2,7
10911,2,2
10912,1,2
10913,3,3
10914,0,2
10915,3,5
10916,5,7
10917,2,2
10918,3,6
10919,2,2
10920,5,8
10921,4,5
10922,2,3
10923,3,3
10924,3,4
10925,5,5
10926,2,3
10927,2,3
10928,4,5
10929,1,1
10930,1,5
10931,4,4
10932,5,6
10933,3,5
10934,4,6
10935,6,6
10936,5,5
10937,2,3
10938,5,8
10939,3,7
10940,2,2
10941,4,7
10942,1,5
10943,8,9
10944,2,3
10945,4,5
10946,3,7
10947,6,6
10948,0,4
10949,2,2
10950,2,2
10951,2,2
10952,4,7
10953,3,4
10954,3,4
10955,2,2
10956,1,5
10957,6,8
10958,1,2
10959,3,3
10960,6,6
10961,5,5
10962,4,6
10963,3,3
10964,3,5
10965,2,5
10966,2,3
10967,3,3
10968,2,4
10969,4,5
10970,1,6
10971,2,3
10972,3,7
10973,5,5
10974,5,6
10975,3,3
10976,0,5
10977,3,5
10978,2,4
10979,2,5
10980,2,2
10981,2,2
10982,6,6
10983,4,4
10984,2,2
10985,3,8
10986,4,5
10987,3,3
10988,3,7
10989,2,2
10990,4,8
10991,7,7
10992,5,7
10993,2,2
10994,4,4
10995,4,4
10996,4,4
10997,6,6
10998,5,7
10999,2,2
11000,1,2
11001,3,4
11002,2,8
11003,6,6
11004,2,2
11005,3,7
11006,3,5
11007,3,3
11008,7,7
11009,7,8
11010,4,5
11011,3,6
11012,1,5
11013,3,4
11014,1,6
11015,4,6
11016,0,6
11017,4,5
11018,6,6
11019,3,3
11020,0,4
11021,2,2
11022,6,8
11023,3,3
11024,2,8
11025,2,2
11026,2,7
11027,2,2
11028,7,9
11029,6,6
11030,2,8
11031,4,8
11032,5,5
11033,5,5
11034,3,5
11035,3,3
11036,0,5
11037,6,6
11038,2,2
11039,5,7
11040,2,5
11041,6,6
11042,2,5
11043,2,2
11044,0,4
11045,3,3
11046,4,5
11047,2,4
11048,1,2
11049,5,5
11050,0,2
11051,3,3
11052,3,5
11053,8,8
11054,1,2
11055,7,9
11056,0,6
11057,2,2
11058,2,4
11059,5,5
11060,4,4
11061,3,3
11062,4,4
11063,3,6
11064,2,3
11065,2,3
11066,1,2
11067,7,7
11068,6,7
11069,8,8
11070,6,6
11071,2,3
11072,5,6
11073,4,4
11074,0,7
11075,4,4
11076,3,7
11077,3,3
11078,3,7
11079,3,3
11080,0,4
11081,2,2
11082,1,2
11083,2,2
11084,4,8
11085,2,4
11086,2,3
11087,2,6
11088,0,6
11089,3,6
11090,2,6
11091,3,6
11092,3,3
11093,3,3
11094,3,6
11095,4,5
11096,1,1
11097,3,8
11098,1,4
11099,5,5
11100,0,3
11101,5,5
11102,5,8
11103,2,3
11104,3,6
11105,5,5
11106,1,8
11107,3,5
11108,2,3
11109,6,6
11110,1,2
11111,3,3
11112,2,2
11113,4,4
11114,2,4
11115,4,4
11116,4,4
11117,6,7
11118,5,6
11119,4,7
11120,2,2
11121,3,3
11122,1,2
11123,2,2
11124,2,4
11125,2,2
11126,1,4
11127,3,3
11128,1,7
11129,2,2
11130,4,6
11131,6,8
11132,4,4
11133,5,5
11134,3,5
11135,2,6
11136,1,6
11137,2,4
11138,0,3
11139,3,3
11140,5,9
11141,5,7
11142,1,7
11143,4,4
11144,1,5
11145,5,5
11146,3,4
11147,2,2
11148,1,1
11149,5,6
11150,3,5
11151,5,5
11152,4,7
11153,3,3
11154,4,4
11155,5,5
11156,3,4
11157,6,6
11158,4,6
11159,2,2
11160,5,8
11161,2,7
11162,4,6
11163,4,4
11164,0,2
11165,2,3
11166,3,6
11167,6,7
11168,4,7
11169,2,2
11170,6,8
11171,5,7
11172,0,4
11173,6,6
11174,4,4
11175,5,5
11176,1,6
11177,3,3
11178,4,7
11179,7,7
11180,5,8
11181,5,5
11182,1,4
11183,6,8
11184,4,5
11185,4,4
11186,7,7
11187,2,2
11188,3,6
11189,5,6
11190,3,4
11191,2,3
11192,3,3
11193,6,7
11194,2,2
11195,2,2
11196,1,2
11197,5,5
11198,5,7
11199,7,7
11200,3,4
11201,2,2
11202,2,2
11203,3,3
11204,3,4
11205,2,2
11206,0,7
11207,5,5
11208,5,8
11209,5,5
11210,5,9
11211,3,3
11212,7,7
11213,4,4
11214,4,6
11215,3,3
11216,2,2
11217,7,8
11218,0,4
11219,2,4
11220,0,6
11221,5,5
11222,1,4
11223,7,7
11224,1,2
11225,5,6
11226,4,4
11227,2,4
11228,1,2
11229,3,3
11230,1,4
11231,3,3
11232,2,4
11233,4,6
11234,3,7
11235,5,5
11236,0,6
11237,5,6
11238,0,3
11239,4,4
11240,2,6
11241,3,3
11242,3,7
11243,4,5
11244,1,5
11245,3,3
11246,3,6
11247,3,3
11248,3,6
11249,4,8
11250,4,4
11251,3,4
11252,3,3
11253,4,4
11254,2,2
11255,4,4
11256,0,6
11257,2,2
11258,6,7
11259,3,3
11260,1,4
11261,6,7
11262,1,5
11263,6,6
11264,0,2
11265,5,6
11266,2,2
11267,3,4
11268,3,3
11269,8,8
11270,1,2
11271,4,4
11272,1,4
11273,4,4
11274,1,2
11275,3,3
11276,5,6
11277,3,5
11278,1,1
11279,2,2
11280,4,6
11281,3,3
11282,5,8
11283,2,2
11284,2,4
11285,2,2
11286,5,6
11287,6,6
11288,1,4
11289,5,5
11290,4,4
11291,6,6
11292,3,5
11293,8,8
11294,2,2
11295,5,5
11296,1,4
11297,4,4
11298,1,4
11299,6,8
11300,5,8
11301,5,7
11302,0,4
11303,7,7
11304,1,4
11305,8,8
11306,4,6
11307,4,6
11308,3,7
11309,2,2
11310,4,6
11311,7,7
11312,3,5
11313,5,5
11314,4,5
11315,4,7
11316,1,7
11317,2,2
11318,5,6
11319,2,2
11320,3,4
11321,3,4
11322,3,6
11323,2,2
11324,0,6
11325,3,4
11326,5,5
11327,7,9
11328,1,2
11329,4,8
11330,3,7
11331,3,3
11332,2,6
11333,5,5
11334,1,4
11335,6,8
11336,1,5
11337,5,5
11338,5,8
11339,4,4
11340,0,3
11341,3,7
11342,2,2
11343,5,5
11344,6,8
11345,6,6
11346,1,2
11347,2,2
11348,0,6
11349,3,3
11350,2,2
11351,5,5
11352,2,2
11353,8,8
11354,4,5
11355,1,1
11356,3,3
11357,4,4
11358,2,3
11359,2,2
11360,2,7
11361,4,6
11362,1,2
11363,2,3
11364,1,6
11365,5,5
11366,2,2
11367,4,7
11368,4,8
11369,3,3
11370,3,7
11371,1,1
11372,6,8
11373,4,6
11374,1,3
11375,3,7
11376,3,4
11377,2,2
11378,3,6
11379,4,4
11380,3,5
11381,3,3
11382,2,6
11383,3,3
11384,6,7
11385,6,6
11386,2,4
11387,2,2
11388,2,2
11389,2,2
11390,0,5
11391,6,6
11392,3,4
11393,4,7
11394,2,6
11395,3,3
11396,4,6
11397,3,7
11398,4,4
11399,3,6
11400,2,3
11401,3,4
11402,2,2
11403,5,5
11404,2,2
11405,4,4
11406,2,5
11407,2,4
11408,2,4
11409,4,4
11410,2,4
11411,4,6
11412,2,4
11413,5,5
11414,3,5
11415,4,4
11416,4,5
11417,2,9
11418,3,9
11419,4,4
11420,2,3
11421,2,2
11422,7,7
11423,3,3
11424,4,5
11425,5,6
11426,2,3
11427,3,7
11428,1,2
11429,6,6
11430,2,4
11431,5,5
11432,4,5
11433,4,4
11434,6,8
11435,5,5
11436,0,6
11437,2,2
11438,4,5
11439,5,5
11440,4,6
11441,3,4
11442,4,4
11443,4,5
11444,2,3
11445,6,6
11446,4,7
11447,3,3
11448,3,3
11449,1,1
11450,5,5
11451,4,5
11452,7,7
11453,3,3
11454,3,7
11455,2,3
11456,5,7
11457,5,5
11458,0,2
11459,4,4
11460,1,4
11461,8,8
11462,5,7
11463,7,7
11464,0,4
11465,3,3
11466,1,3
11467,2,6
11468,5,6
11469,3,8
11470,3,3
11471,4,4
11472,3,5
11473,2,2
11474,1,2
11475,2,2
11476,6,6
11477,7,7
11478,5,8
11479,5,5
11480,3,7
11481,3,3
11482,0,4
11483,6,6
11484,3,4
11485,6,6
11486,3,5
11487,5,5
11488,3,3
11489,2,2
11490,2,3
11491,2,2
11492,1,4
11493,4,4
11494,2,3
11495,3,3
11496,1,3
11497,4,4
11498,2,2
11499,2,5
11500,5,6
11501,2,5
11502,1,2
11503,5,5
11504,2,2
11505,2,5
11506,6,6
11507,2,2
11508,0,3
11509,5,5
11510,5,5
11511,3,3
11512,5,9
11513,2,2
11514,5,5
11515,2,2
11516,3,4
11517,3,3
11518,6,9
11519,2,2
11520,2,3
11521,5,5
11522,4,6
11523,3,3
11524,4,4
11525,2,6
11526,3,5
11527,3,3
11528,6,7
11529,4,4
11530,2,2
11531,6,7
11532,1,2
11533,8,8
11534,1,5
11535,7,9
11536,2,2
11537,4,4
11538,4,7
11539,7,7
11540,6,6
11541,4,7
11542,2,5
11543,6,7
11544,3,5
11545,3,7
11546,5,8
11547,7,8
11548,7,8
11549,5,5
11550,1,7
11551,5,5
11552,3,4
11553,4,6
11554,0,2
11555,7,7
11556,0,2
11557,3,3
11558,2,5
11559,2,2
11560,3,4
11561,4,4
11562,4,4
11563,5,5
11564,5,8
11565,3,3
11566,2,6
11567,3,7
11568,0,4
11569,4,4
11570,3,4
11571,5,5
11572,3,3
11573,4,4
11574,0,3
11575,7,8
11576,2,7
11577,7,7
11578,1,3
11579,4,7
11580,2,8
11581,2,2
11582,2,3
11583,3,3
11584,6,7
11585,2,3
11586,4,4
11587,3,3
11588,2,2
11589,5,6
11590,2,4
11591,4,4
11592,4,8
11593,4,6
11594,3,6
11595,7,7
11596,2,2
11597,5,5
11598,2,5
11599,4,5
11600,6,6
11601,5,5
11602,2,2
11603,3,3
11604,2,6
11605,4,7
11606,0,3
11607,5,6
11608,2,4
11609,3,7
11610,1,7
11611,3,3
11612,5,6
11613,4,4
11614,4,5
11615,2,2
11616,3,3
11617,4,7
11618,5,8
11619,4,4
11620,2,3
11621,7,7
11622,4,8
11623,5,5
11624,5,7
11625,6,6
11626,2,2
11627,5,5
11628,3,3
11629,7,7
11630,3,3
11631,4,6
11632,6,7
11633,2,2
11634,1,2
11635,4,4
11636,1,6
11637,3,5
11638,0,5
11639,4,8
11640,2,2
11641,3,4
11642,1,7
11643,6,6
11644,6,6
11645,6,6
11646,3,6
11647,3,5
11648,0,4
11649,5,6
11650,4,4
11651,2,2
11652,1,8
11653,6,7
11654,1,4
11655,6,7
11656,3,6
11657,6,6
11658,1,8
11659,4,7
11660,1,8
11661,7,7
11662,5,5
11663,6,6
11664,2,2
11665,3,5
11666,1,6
11667,2,2
11668,5,6
11669,5,6
11670,1,5
11671,3,3
11672,3,5
11673,7,7
11674,2,4
11675,5,5
11676,2,4
11677,6,6
11678,2,8
11679,5,5
11680,5,8
11681,3,3
11682,3,5
11683,3,5
11684,4,6
11685,2,4
11686,3,4
11687,6,6
11688,0,2
11689,4,4
11690,1,2
11691,4,4
11692,5,7
11693,4,8
11694,7,8
11695,5,5
11696,1,2
11697,3,3
11698,0,5
11699,2,2
11700,6,7
11701,7,7
11702,4,4
11703,5,5
11704,0,8
11705,4,6
11706,4,7
11707,5,5
11708,6,7
11709,7,7
11710,1,2
11711,2,3
11712,1,2
11713,6,7
11714,4,5
11715,5,5
11716,7,8
11717,2,2
11718,3,5
11719,4,4
11720,3,5
11721,5,5
11722,2,3
11723,3,3
11724,3,9
11725,2,2
11726,3,4
11727,7,7
11728,4,7
11729,2,2
11730,2,7
11731,6,9
11732,5,7
11733,5,5
11734,1,2
11735,6,7
11736,1,2
11737,5,5
11738,5,7
11739,6,8
11740,2,6
11741,7,7
11742,1,7
11743,3,3
11744,1,1
11745,5,5
11746,3,5
11747,4,7
11748,3,3
11749,5,5
11750,4,6
11751,2,2
11752,2,2
11753,7,7
11754,3,4
11755,6,7
11756,4,5
11757,2,4
11758,4,5
11759,3,3
11760,2,5
11761,5,5
11762,1,3
11763,2,2
11764,3,4
11765,5,5
11766,0,7
11767,7,7
11768,2,2
11769,5,6
11770,2,4
11771,2,2
11772,0,3
11773,5,6
11774,1,5
11775,3,3
11776,4,7
11777,7,7
11778,0,2
11779,2,2
11780,3,3
11781,3,8
11782,1,2
11783,4,4
11784,2,5
11785,5,8
11786,0,3
11787,2,3
11788,3,5
11789,3,3
11790,2,3
11791,3,7
11792,2,6
11793,4,5
11794,7,8
11795,3,3
11796,3,8
11797,3,3
11798,2,3
11799,4,5
11800,2,3
11801,6,6
11802,2,3
11803,6,7
11804,1,2
11805,4,8
11806,1,2
11807,4,5
11808,0,3
11809,8,8
11810,5,7
11811,3,3
11812,4,5
11813,5,8
11814,8,8
11815,3,3
11816,2,4
11817,4,4
11818,4,8
11819,6,6
11820,2,3
11821,3,6
11822,5,8
11823,1,1
11824,2,4
11825,2,2
11826,2,3
11827,7,7
11828,5,6
11829,4,5
11830,2,2
11831,7,7
11832,5,7
11833,3,4
11834,3,7
11835,2,2
11836,3,4
11837,5,5
11838,1,5
11839,2,2
11840,2,2
11841,3,3
11842,2,3
11843,4,5
11844,3,3
11845,4,4
11846,3,7
11847,3,4
11848,6,6
11849,3,3
11850,1,3
11851,2,2
11852,6,7
11853,5,6
11854,2,3
11855,4,4
11856,2,3
11857,3,8
11858,2,3
11859,2,2
11860,7,9
11861,2,2
11862,5,6
11863,3,3
11864,3,8
11865,5,5
11866,1,7
11867,3,3
11868,7,7
11869,2,2
11870,1,2
11871,3,3
11872,3,6
11873,4,4
11874,0,2
11875,4,4
11876,3,6
11877,2,2
11878,4,6
11879,2,2
11880,0,4
11881,5,5
11882,5,6
11883,6,8
11884,3,7
11885,2,7
11886,4,5
11887,7,7
11888,4,9
11889,3,3
11890,4,4
11891,3,4
11892,5,8
11893,4,4
11894,1,7
11895,2,2
11896,4,7
11897,3,3
11898,5,6
11899,3,3
11900,0,7
11901,7,7
11902,2,4
11903,7,7
11904,4,4
11905,4,4
11906,5,7
11907,3,3
11908,5,5
11909,4,4
11910,5,6
11911,7,7
11912,3,5
11913,5,5
11914,2,7
11915,2,2
11916,3,7
11917,2,2
11918,4,6
11919,5,5
11920,4,6
11921,4,4
11922,1,4
11923,4,4
11924,5,8
11925,5,5
11926,4,5
11927,4,5
11928,0,3
11929,4,7
11930,3,5
11931,4,7
11932,1,5
11933,3,3
11934,0,6
11935,5,8
11936,1,2
11937,3,5
11938,2,4
11939,6,7
11940,1,2
11941,6,6
11942,1,2
11943,5,5
11944,3,3
11945,2,2
11946,3,5
11947,3,3
11948,5,7
11949,8,8
11950,2,3
11951,3,3
11952,2,3
11953,3,3
11954,2,5
11955,4,4
11956,0,5
11957,5,6
11958,1,7
11959,3,8
11960,5,6
11961,7,7
11962,1,7
11963,7,8
11964,4,5
11965,2,2
11966,4,4
11967,6,6
11968,5,6
11969,3,7
11970,2,2
11971,3,6
11972,3,5
11973,2,6
11974,3,4
11975,4,4
11976,3,3
11977,2,2
11978,4,6
11979,2,6
11980,0,4
11981,5,5
11982,6,6
11983,7,8
11984,2,3
11985,5,5
11986,5,5
11987,4,4
11988,3,8
11989,7,7
11990,0,2
11991,5,5
11992,3,4
11993,6,6
11994,1,4
11995,3,3
11996,3,9
11997,2,2
11998,1,2
11999,2,3
12000,2,3
12001,6,6
12002,4,7
12003,2,2
12004,4,6
12005,4,4
12006,2,2
12007,4,7
12008,1,3
12009,3,3
12010,4,4
12011,4,7
12012,1,5
12013,3,3
12014,4,5
12015,2,2
12016,1,7
12017,5,5
12018,2,4
12019,7,7
12020,2,8
12021,4,4
12022,1,1
12023,3,3
12024,1,3
12025,4,4
12026,4,7
12027,6,6
12028,2,4
12029,2,5
12030,4,6
12031,4,4
12032,2,3
12033,2,2
12034,7,8
12035,7,7
12036,1,3
12037,2,2
12038,2,4
12039,5,6
12040,1,3
12041,4,4
12042,0,4
12043,3,3
12044,5,8
12045,6,6
12046,3,3
12047,2,2
12048,4,5
12049,5,5
12050,3,3
12051,7,7
12052,1,2
12053,7,7
12054,1,4
12055,2,2
12056,6,6
12057,2,2
12058,2,2
12059,8,8
12060,3,7
12061,2,3
12062,2,2
12063,3,3
12064,1,5
12065,4,5
12066,4,5
12067,5,5
12068,4,8
12069,4,6
12070,2,8
12071,3,4
12072,5,7
12073,2,8
12074,3,3
12075,5,8
12076,3,6
12077,6,6
12078,3,7
12079,3,3
12080,2,6
12081,8,8
12082,3,7
12083,5,5
12084,5,6
12085,4,5
12086,5,6
12087,5,5
12088,3,7
12089,7,7
12090,0,3
12091,3,4
12092,1,7
12093,3,4
12094,3,3
12095,3,5
12096,5,8
12097,6,7
12098,4,4
12099,3,3
12100,1,6
12101,2,2
12102,5,8
12103,2,2
12104,5,5
12105,3,3
12106,0,6
12107,4,5
12108,3,4
12109,5,5
12110,7,8
12111,2,7
12112,6,7
12113,2,2
12114,1,5
12115,6,6
12116,0,3
12117,4,4
12118,0,5
12119,6,6
12120,1,4
12121,4,4
12122,0,3
12123,7,7
12124,2,4
12125,3,3
12126,5,6
12127,2,2
12128,1,3
12129,6,7
12130,5,5
12131,2,2
12132,6,6
12133,6,6
12134,4,7
12135,7,7
12136,4,7
12137,4,4
12138,2,3
12139,7,7
12140,0,2
12141,4,4
12142,1,6
12143,4,4
12144,1,3
12145,2,2
12146,5,7
12147,2,2
12148,4,4
12149,5,5
12150,3,5
12151,8,8
12152,5,5
12153,7,7
12154,5,6
12155,5,5
12156,3,5
12157,5,6
12158,2,2
12159,3,3
12160,1,2
12161,2,2
12162,4,5
12163,4,4
12164,1,4
12165,6,6
12166,0,3
12167,8,8
12168,0,6
12169,6,6
12170,4,8
12171,2,2
12172,3,7
12173,8,8
12174,1,4
12175,2,2
12176,2,2
12177,7,8
12178,1,8
12179,8,8
12180,1,4
12181,6,6
12182,0,3
12183,5,7
12184,4,4
12185,3,4
12186,6,7
12187,2,2
12188,1,2
12189,2,2
12190,1,6
12191,3,3
12192,4,4
12193,8,9
12194,5,6
12195,2,5
12196,2,3
12197,5,5
12198,5,8
12199,7,7
12200,0,3
12201,3,6
12202,1,2
12203,5,7
12204,6,7
12205,7,7
12206,1,2
12207,3,3
12208,2,2
12209,3,3
12210,6,7
12211,3,5
12212,2,2
12213,6,6
12214,2,2
12215,8,8
12216,1,2
12217,4,4
12218,7,8
12219,2,4
12220,5,7
12221,6,6
12222,4,9
12223,3,8
12224,1,3
12225,2,2
12226,2,2
12227,7,7
12228,3,5
12229,6,6
12230,1,5
12231,5,5
12232,2,3
12233,2,2
12234,3,8
12235,7,7
12236,1,5
12237,8,8
12238,2,2
12239,2,2
12240,0,1
12241,3,3
12242,3,3
12243,3,3
12244,3,3
12245,3,3
12246,0,6
12247,7,7
12248,3,4
12249,7,8
12250,3,4
12251,2,2
12252,5,6
12253,2,2
12254,2,2
12255,3,8
12256,0,6
12257,2,2
12258,3,7
12259,5,5
12260,0,6
12261,5,5
12262,7,8
12263,4,7
12264,1,4
12265,6,6
12266,2,4
12267,4,4
12268,2,6
12269,6,6
12270,1,5
12271,7,7
12272,3,3
12273,2,7
12274,0,3
12275,6,6
12276,0,6
12277,3,3
12278,3,3
12279,3,3
12280,5,5
12281,2,4
12282,6,7
12283,3,7
12284,3,5
12285,2,2
12286,0,5
12287,4,4
12288,3,4
12289,5,7
12290,6,8
12291,5,5
12292,4,8
12293,4,4
12294,1,4
12295,3,4
12296,5,5
12297,3,6
12298,3,3
12299,6,6
12300,4,5
12301,3,8
12302,0,6
12303,5,5
12304,3,5
12305,2,2
12306,5,6
12307,4,8
12308,5,8
12309,8,8
12310,1,6
12311,5,7
12312,1,5
12313,8,8
12314,1,2
12315,5,5
12316,2,4
12317,4,6
12318,6,7
12319,7,7
12320,6,6
12321,2,8
12322,1,3
12323,6,8
12324,0,8
12325,2,3
12326,4,4
12327,3,3
12328,3,3
12329,5,7
12330,5,6
12331,6,6
12332,2,2
12333,5,5
12334,5,7
12335,3,3
12336,3,6
12337,2,2
12338,2,5
12339,2,2
12340,6,9
12341,4,5
12342,2,3
12343,2,6
12344,2,4
12345,6,6
12346,4,5
12347,2,2
12348,3,3
12349,3,4
12350,1,2
12351,4,6
12352,0,7
12353,3,5
12354,3,4
12355,7,7
12356,6,6
12357,2,3
12358,4,5
12359,6,6
12360,2,3
12361,4,4
12362,2,3
12363,3,3
12364,3,5
12365,4,4
12366,2,6
12367,2,2
12368,7,7
12369,5,5
12370,2,3
12371,2,2
12372,3,4
12373,5,5
12374,1,2
12375,4,4
12376,3,3
12377,3,3
12378,4,7
12379,3,3
12380,5,7
12381,7,8
12382,3,5
12383,4,4
12384,4,4
12385,5,5
12386,2,4
12387,4,5
12388,2,5
12389,4,4
12390,2,4
12391,6,7
12392,5,5
12393,3,4
12394,5,5
12395,2,2
12396,2,3
12397,5,5
12398,7,9
12399,7,7
12400,5,7
12401,4,4
12402,3,6
12403,7,7
12404,2,3
12405,2,2
12406,1,3
12407,2,2
12408,2,9
12409,2,2
12410,1,2
12411,7,8
12412,5,7
12413,4,5
12414,3,4
12415,2,2
12416,5,6
12417,6,6
12418,6,7
12419,5,7
12420,2,2
12421,2,2
12422,2,3
12423,4,4
12424,2,2
12425,6,7
12426,2,2
12427,4,4
12428,0,4
12429,2,3
12430,3,4
12431,4,4
12432,2,4
12433,2,2
12434,2,5
12435,6,6
12436,2,2
12437,5,5
12438,1,2
12439,7,7
12440,5,6
12441,3,3
12442,3,5
12443,3,3
12444,2,4
12445,2,4
12446,1,3
12447,2,2
12448,4,5
12449,2,2
12450,2,4
12451,5,5
12452,2,3
12453,5,7
12454,0,8
12455,3,5
12456,3,5
12457,2,7
12458,3,3
12459,2,2
12460,3,6
12461,4,4
12462,3,5
12463,2,2
12464,3,5
12465,3,9
12466,1,7
12467,2,2
12468,1,2
12469,6,6
12470,3,4
12471,4,5
12472,2,3
12473,2,2
12474,5,7
12475,2,7
12476,6,9
12477,8,8
12478,5,8
12479,4,4
12480,2,5
12481,3,3
12482,2,7
12483,4,4
12484,2,7
12485,5,6
12486,2,3
12487,2,6
12488,2,2
12489,2,4
12490,2,2
12491,2,3
12492,3,3
12493,2,3
12494,3,6
12495,3,3
12496,4,4
12497,2,2
12498,1,3
12499,3,6
12500,3,5
12501,5,6
12502,9,9
12503,4,4
12504,0,4
12505,4,4
12506,2,2
12507,6,6
12508,0,3
12509,5,5
12510,3,6
12511,4,4
12512,1,4
12513,2,7
12514,3,4
12515,6,6
12516,6,8
12517,3,3
12518,3,4
12519,3,7
12520,1,3
12521,3,5
12522,0,2
12523,3,3
12524,1,3
12525,6,6
12526,4,6
12527,2,2
12528,3,3
12529,3,4
12530,1,5
12531,2,2
12532,5,6
12533,7,7
12534,5,8
12535,3,4
12536,1,5
12537,2,4
12538,2,3
12539,3,3
12540,7,8
12541,3,3
12542,0,3
12543,5,5
12544,3,4
12545,2,2
12546,4,7
12547,4,6
12548,4,6
12549,2,2
12550,1,7
12551,3,3
12552,4,8
12553,2,2
12554,2,3
12555,3,3
12556,4,6
12557,5,5
12558,1,2
12559,2,2
12560,1,3
12561,3,5
12562,6,7
12563,6,6
12564,0,4
12565,8,9
12566,2,8
12567,3,3
12568,2,5
12569,5,7
12570,1,3
12571,3,8
12572,3,3
12573,4,4
12574,3,3
12575,3,3
12576,1,2
12577,4,4
12578,2,6
12579,5,5
12580,0,3
12581,3,3
12582,1,5
12583,5,7
12584,1,4
12585,3,5
12586,2,4
12587,5,8
12588,4,6
12589,7,7
12590,4,5
12591,5,5
12592,2,6
12593,4,6
12594,4,8
12595,4,4
12596,4,6
12597,8,8
12598,1,6
12599,6,6
12600,4,7
12601,8,8
12602,3,3
12603,3,3
12604,3,5
12605,5,5
12606,2,2
12607,5,6
12608,4,4
12609,4,4
12610,2,2
12611,5,6
12612,2,5
12613,2,2
12614,4,5
12615,2,4
12616,0,3
12617,3,3
12618,3,5
12619,2,4
12620,6,8
12621,6,6
12622,5,8
12623,7,7
12624,4,6
12625,3,3
12626,5,7
12627,3,5
12628,3,3
12629,4,7
12630,3,6
12631,4,4
12632,3,4
12633,5,5
12634,2,2
12635,4,6
12636,3,3
12637,4,6
12638,4,5
12639,3,3
12640,3,5
12641,2,2
12642,1,6
12643,2,2
12644,3,4
12645,2,2
12646,5,7
12647,4,6
12648,2,7
12649,2,2
12650,6,7
12651,3,8
12652,6,8
12653,5,5
12654,0,6
12655,5,6
12656,4,6
12657,4,4
12658,2,4
12659,2,2
12660,5,6
12661,3,7
12662,3,5
12663,4,4
12664,6,8
12665,5,5
12666,1,2
12667,6,6
12668,5,5
12669,3,5
12670,2,4
12671,2,2
12672,5,8
12673,3,3
12674,3,8
12675,2,2
12676,3,5
12677,4,4
12678,2,7
12679,6,7
12680,2,3
12681,2,2
12682,2,2
12683,2,4
12684,0,2
12685,5,5
12686,1,4
12687,4,4
12688,0,7
12689,2,6
12690,4,6
12691,2,2
12692,0,6
12693,2,2
12694,3,3
12695,6,6
12696,2,6
12697,5,5
12698,7,7
12699,5,5
12700,1,3
12701,6,7
12702,3,3
12703,2,2
12704,3,3
12705,3,3
12706,4,5
12707,4,6
12708,6,8
12709,4,4
12710,1,5
12711,4,4
12712,2,2
12713,4,5
12714,0,6
12715,6,7
12716,3,5
12717,2,2
12718,3,3
12719,5,5
12720,5,8
12721,2,2
12722,1,2
12723,3,8
12724,1,2
12725,4,5
12726,0,6
12727,3,6
12728,3,3
12729,3,3
12730,1,3
12731,2,2
12732,2,5
12733,7,8
12734,0,2
12735,3,6
12736,2,5
12737,6,7
12738,3,7
12739,2,2
12740,1,7
12741,5,6
12742,1,4
12743,5,6
12744,3,4
12745,6,8
12746,1,2
12747,8,8
12748,4,6
12749,5,7
12750,3,7
12751,3,3
12752,3,3
12753,3,3
12754,2,2
12755,2,2
12756,3,5
12757,8,8
12758,7,8
12759,4,4
12760,3,6
12761,6,7
12762,3,6
12763,2,2
12764,2,6
12765,2,2
12766,4,7
12767,1,1
12768,3,4
12769,5,7
12770,1,7
12771,3,4
12772,3,4
12773,2,2
12774,7,8
12775,5,5
12776,0,7
12777,3,4
12778,1,2
12779,2,3
12780,5,8
12781,5,5
12782,1,4
12783,2,7
12784,1,8
12785,2,2
12786,2,8
12787,2,2
12788,2,2
12789,3,7
12790,3,3
12791,2,4
12792,2,2
12793,3,7
12794,3,7
12795,5,8
12796,6,7
12797,2,3
12798,6,8
12799,4,4
12800,2,5
12801,7,7
12802,5,6
12803,4,8
12804,4,5
12805,2,2
12806,3,5
12807,6,6
12808,4,8
12809,5,6
12810,3,4
12811,4,4
12812,5,7
12813,2,2
12814,3,5
12815,5,5
12816,3,3
12817,2,2
12818,5,5
12819,2,2
12820,3,3
12821,5,5
12822,0,5
12823,7,8
12824,4,5
12825,5,5
12826,2,5
12827,2,2
12828,4,6
12829,5,5
12830,0,5
12831,8,8
12832,5,6
12833,7,8
12834,3,3
12835,2,2
12836,2,5
12837,3,3
12838,2,2
12839,2,2
12840,5,6
12841,6,7
12842,4,5
12843,2,8
12844,2,4
12845,2,2
12846,4,6
12847,6,7
12848,3,5
12849,3,4
12850,5,6
12851,2,2
12852,2,3
12853,7,7
12854,6,8
12855,5,5
12856,0,2
12857,7,7
12858,5,5
12859,6,7
12860,1,1
12861,5,5
12862,2,3
12863,5,5
12864,2,3
12865,2,2
12866,4,7
12867,4,4
12868,1,3
12869,8,8
12870,1,3
12871,3,3
12872,1,5
12873,5,5
12874,3,5
12875,7,7
12876,3,7
12877,7,7
12878,4,5
12879,5,5
12880,6,7
12881,3,3
12882,1,2
12883,3,6
12884,2,3
12885,8,8
12886,1,3
12887,4,4
12888,3,3
12889,4,4
12890,6,6
12891,6,7
12892,5,6
12893,3,3
12894,1,5
12895,2,3
12896,1,2
12897,2,2
12898,2,5
12899,3,3
12900,1,2
12901,2,2
12902,3,3
12903,4,4
12904,4,7
12905,4,5
12906,2,7
12907,2,2
12908,1,2
12909,3,8
12910,3,6
12911,4,4
12912,2,5
12913,3,4
12914,3,4
12915,2,4
12916,1,7
12917,4,7
12918,5,7
12919,2,2
12920,5,8
12921,5,7
12922,2,3
12923,3,4
12924,5,6
12925,5,7
12926,5,8
12927,3,6
12928,1,2
12929,6,7
12930,4,5
12931,2,2
12932,6,6
12933,8,8
12934,7,7
12935,5,5
12936,2,2
12937,3,3
12938,4,4
12939,6,6
12940,1,2
12941,4,5
12942,3,6
12943,2,2
12944,3,7
12945,2,8
12946,4,6
12947,3,3
12948,2,5
12949,6,6
12950,1,3
12951,7,8
12952,1,2
12953,4,4
12954,4,4
12955,7,8
12956,0,9
12957,3,3
12958,1,3
12959,5,5
12960,2,3
12961,5,5
12962,1,3
12963,4,6
12964,1,4
12965,4,8
12966,2,2
12967,3,6
12968,0,6
12969,4,4
12970,1,5
12971,4,4
12972,2,2
12973,3,6
12974,1,2
12975,2,2
12976,3,3
12977,5,6
12978,3,3
12979,6,6
12980,2,2
12981,3,4
12982,2,2
12983,3,3
12984,1,7
12985,2,2
12986,3,3
12987,4,4
12988,3,7
12989,3,3
12990,1,4
12991,4,4
12992,3,3
12993,6,7
12994,0,4
12995,3,3
12996,2,7
12997,3,3
12998,2,7
12999,7,7
13000,1,3
13001,3,3
13002,2,4
13003,2,2
13004,2,3
13005,7,7
13006,2,5
13007,3,3
13008,4,4
13009,6,7
13010,3,7
13011,5,5
13012,6,7
13013,3,3
13014,0,5
13015,3,3
13016,3,3
13017,4,5
13018,2,6
13019,6,6
13020,3,8
13021,2,2
13022,1,5
13023,4,4
13024,2,3
13025,2,8
13026,3,4
13027,5,7
13028,6,7
13029,2,8
13030,2,3
13031,7,7
13032,2,3
13033,2,8
13034,3,4
13035,3,3
13036,2,5
13037,7,7
13038,1,2
13039,4,5
13040,4,7
13041,2,2
13042,3,5
13043,5,5
13044,6,8
13045,4,4
13046,1,5
13047,4,5
13048,1,7
13049,9,9
13050,3,3
13051,7,7
13052,1,5
13053,5,5
13054,1,5
13055,7,7
13056,0,3
13057,4,4
13058,5,6
13059,3,4
13060,1,1
13061,3,3
13062,2,4
13063,4,4
13064,1,4
13065,7,7
13066,2,3
13067,4,4
13068,0,2
13069,2,3
13070,2,2
13071,6,6
13072,1,3
13073,2,2
13074,6,7
13075,3,3
13076,3,4
13077,6,8
13078,1,2
13079,2,2
13080,3,7
13081,2,8
13082,5,5
13083,3,3
13084,4,4
13085,2,3
13086,0,3
13087,4,4
13088,1,7
13089,5,5
13090,5,5
13091,3,3
13092,2,2
13093,2,2
13094,1,6
13095,4,5
13096,1,3
13097,5,8
13098,2,3
13099,4,4
13100,2,6
13101,4,4
13102,3,6
13103,2,2
13104,5,6
13105,7,7
13106,0,6
13107,6,6
13108,1,7
13109,8,8
13110,3,3
13111,2,2
13112,4,5
13113,3,4
13114,5,8
13115,3,3
13116,3,3
13117,6,7
13118,1,4
13119,2,2
13120,0,5
13121,7,7
13122,2,8
13123,2,8
13124,4,6
13125,5,6
13126,3,4
13127,3,3
13128,2,7
13129,6,6
13130,3,3
13131,2,2
13132,2,3
13133,2,2
13134,3,5
13135,3,6
13136,5,7
13137,1,1
13138,5,6
13139,2,2
13140,2,5
13141,5,5
13142,2,4
13143,3,3
13144,4,6
13145,3,3
13146,0,3
13147,5,5
13148,2,7
13149,2,2
13150,1,8
13151,7,7
13152,3,5
13153,2,4
13154,4,7
13155,8,8
13156,6,6
13157,4,4
13158,4,7
13159,5,5
13160,3,6
13161,3,3
13162,2,4
13163,2,2
13164,1,2
13165,6,6
13166,6,7
13167,4,4
13168,1,5
13169,6,6
13170,2,2
13171,3,3
13172,3,7
13173,3,5
13174,1,1
13175,5,6
13176,3,4
13177,3,7
13178,1,2
13179,4,4
13180,4,5
13181,2,2
13182,5,8
13183,3,3
13184,4,6
13185,6,6
13186,1,2
13187,2,2
13188,2,6
13189,3,3
13190,1,3
13191,3,3
13192,3,5
13193,3,3
13194,0,2
13195,7,7
13196,4,4
13197,6,6
13198,5,7
13199,4,5
13200,3,3
13201,1,1
13202,2,2
13203,2,6
13204,2,2
13205,3,5
13206,0,2
13207,4,6
13208,6,6
13209,6,7
13210,4,6
13211,6,7
13212,7,7
13213,3,3
13214,1,5
13215,5,6
13216,0,4
13217,5,5
13218,0,7
13219,5,6
13220,3,7
13221,4,4
13222,3,5
13223,4,4
13224,4,6
13225,5,5
13226,4,6
13227,5,5
13228,1,4
13229,3,4
13230,5,6
13231,8,8
13232,2,3
13233,6,6
13234,4,5
13235,5,5
13236,4,4
13237,4,4
13238,2,8
13239,3,3
13240,5,6
13241,8,8
13242,4,8
13243,5,6
13244,5,8
13245,2,2
13246,2,3
13247,3,3
13248,1,2
13249,3,4
13250,4,4
13251,6,6
13252,4,7
13253,5,5
13254,7,7
13255,2,7
13256,1,3
13257,2,2
13258,2,2
13259,4,4
13260,4,6
13261,4,4
13262,2,8
13263,3,7
13264,3,6
13265,8,8
13266,2,2
13267,7,7
13268,3,3
13269,3,3
13270,6,7
13271,5,5
13272,3,4
13273,4,4
13274,0,5
13275,2,5
13276,4,4
13277,6,6
13278,1,2
13279,4,4
13280,2,2
13281,2,2
13282,4,5
13283,7,7
13284,2,5
13285,2,2
13286,2,5
13287,2,3
13288,0,7
13289,7,7
13290,6,8
13291,7,7
13292,1,3
13293,2,4
13294,6,7
13295,8,8
13296,2,2
13297,4,4
13298,5,6
13299,2,2
13300,6,7
13301,2,2
13302,4,4
13303,6,6
13304,2,3
13305,5,7
13306,4,4
13307,3,3
13308,2,4
13309,5,7
13310,1,7
13311,4,4
13312,1,2
13313,4,4
13314,5,7
13315,5,5
13316,5,6
13317,5,6
13318,2,3
13319,3,6
13320,0,5
13321,3,7
13322,3,7
13323,2,6
13324,1,9
13325,2,4
13326,6,7
13327,4,4
13328,3,4
13329,2,3
13330,2,3
13331,3,4
13332,5,7
13333,3,6
13334,2,3
13335,3,3
13336,0,3
13337,3,3
13338,2,2
13339,5,6
13340,2,4
13341,5,5
13342,2,2
13343,2,5
13344,2,6
13345,5,5
13346,0,2
13347,2,2
13348,0,6
13349,6,6
13350,4,5
13351,4,6
13352,4,6
13353,7,7
13354,5,6
13355,5,5
13356,1,2
13357,4,4
13358,5,6
13359,5,6
13360,1,6
13361,3,3
13362,2,4
13363,7,8
13364,4,7
13365,6,8
13366,3,4
13367,5,5
13368,1,2
13369,5,5
13370,1,5
13371,3,3
13372,5,6
13373,5,5
13374,2,3
13375,3,3
13376,3,5
13377,2,2
13378,4,6
13379,4,4
13380,8,8
13381,4,4
13382,0,3
13383,4,5
13384,3,3
13385,4,4
13386,4,5
13387,5,5
13388,3,8
13389,7,8
13390,3,4
13391,5,5
13392,5,7
13393,4,4
13394,3,7
13395,6,6
13396,6,8
13397,5,5
13398,1,2
13399,4,5
13400,3,4
13401,4,4
13402,4,7
13403,6,6
13404,5,6
13405,2,2
13406,5,6
13407,5,5
13408,0,8
13409,4,4
13410,6,8
13411,4,7
13412,2,4
13413,7,8
13414,3,6
13415,2,2
13416,2,2
13417,2,7
13418,1,2
13419,7,8
13420,3,3
13421,2,5
13422,3,5
13423,7,7
13424,1,2
13425,6,7
13426,0,4
13427,3,3
13428,3,7
13429,2,2
13430,6,7
13431,3,5
13432,0,3
13433,4,5
13434,1,2
13435,9,9
13436,0,2
13437,6,6
13438,2,2
13439,5,5
13440,3,8
13441,3,3
13442,4,6
13443,6,7
13444,2,3
13445,5,5
13446,2,4
13447,2,2
13448,3,5
13449,5,5
13450,5,6
13451,6,6
13452,4,6
13453,2,2
13454,2,3
13455,3,3
13456,1,8
13457,5,7
13458,4,6
13459,6,7
13460,1,6
13461,4,4
13462,0,8
13463,2,2
13464,2,2
13465,4,4
13466,0,7
13467,4,5
13468,3,6
13469,2,2
13470,2,3
13471,4,5
13472,2,9
13473,2,2
13474,6,8
13475,2,2
13476,0,6
13477,2,2
13478,4,7
13479,3,3
13480,1,4
13481,5,5
13482,2,2
13483,2,2
13484,2,2
13485,4,4
13486,4,7
13487,3,3
13488,4,7
13489,2,2
13490,6,8
13491,4,4
13492,0,2
13493,3,3
13494,3,6
13495,4,4
13496,3,4
13497,2,5
13498,1,2
13499,4,7
13500,2,5
13501,3,3
13502,0,7
13503,8,8
13504,0,3
13505,5,5
13506,5,6
13507,3,3
13508,2,3
13509,2,2
13510,4,5
13511,3,3
13512,3,4
13513,2,4
13514,3,3
13515,4,4
13516,3,4
13517,4,4
13518,4,5
13519,5,5
13520,3,5
13521,3,3
13522,2,3
13523,7,7
13524,2,6
13525,6,6
13526,2,3
13527,8,8
13528,2,2
13529,3,3
13530,5,6
13531,7,7
13532,3,5
13533,5,5
13534,0,4
13535,5,5
13536,3,7
13537,8,8
13538,6,6
13539,5,5
13540,1,8
13541,6,6
13542,2,5
13543,2,2
13544,8,8
13545,4,5
13546,0,3
13547,4,5
13548,2,2
13549,2,2
13550,0,2
13551,5,7
13552,2,3
13553,6,6
13554,1,7
13555,3,3
13556,4,7
13557,5,5
13558,3,3
13559,2,2
13560,1,8
13561,7,7
13562,4,4
13563,7,7
13564,0,2
13565,3,3
13566,0,4
13567,3,3
13568,6,8
13569,5,5
13570,4,4
13571,2,4
13572,1,8
13573,3,6
13574,0,1
13575,4,5
13576,2,4
13577,5,7
13578,2,6
13579,2,2
13580,3,3
13581,2,2
13582,5,7
13583,7,7
13584,4,4
13585,5,5
13586,1,3
13587,6,8
13588,2,2
13589,5,8
13590,1,3
13591,5,5
13592,0,6
13593,3,8
13594,3,4
13595,5,5
13596,2,4
13597,4,4
13598,3,6
13599,8,8
13600,2,4
13601,6,7
13602,5,5
13603,3,5
13604,6,7
13605,3,5
13606,3,8
13607,3,3
13608,2,3
13609,6,6
13610,2,5
13611,7,7
13612,2,2
13613,8,8
13614,2,3
13615,2,2
13616,4,6
13617,4,4
13618,5,7
13619,2,5
13620,5,7
13621,5,5
13622,2,3
13623,3,3
13624,1,4
13625,6,6
13626,2,2
13627,4,4
13628,2,3
13629,3,5
13630,4,6
13631,3,4
13632,3,3
13633,2,6
13634,5,6
13635,9,9
13636,1,6
13637,3,3
13638,2,3
13639,4,5
13640,2,8
13641,5,5
13642,0,6
13643,4,7
13644,2,6
13645,4,4
13646,1,4
13647,4,4
13648,4,7
13649,2,2
13650,1,7
13651,2,5
13652,2,2
13653,5,5
13654,6,7
13655,5,7
13656,1,3
13657,2,8
13658,3,5
13659,5,5
13660,0,2
13661,3,4
13662,2,4
13663,3,3
13664,3,7
13665,5,5
13666,0,7
13667,4,6
13668,4,5
13669,2,2
13670,0,5
13671,5,8
13672,4,4
13673,4,4
13674,7,9
13675,7,7
13676,1,4
13677,5,5
13678,2,6
13679,6,6
13680,2,3
13681,3,3
13682,1,3
13683,6,6
13684,2,3
13685,2,2
13686,2,3
13687,6,7
13688,2,5
13689,2,4
13690,3,3
13691,7,7
13692,5,7
13693,3,3
13694,0,1
13695,5,5
13696,1,4
13697,3,3
13698,5,6
13699,2,5
13700,2,4
13701,4,5
13702,3,4
13703,8,8
13704,3,3
13705,3,3
13706,5,6
13707,4,4
13708,0,3
13709,3,3
13710,0,3
13711,7,8
13712,4,5
13713,3,3
13714,3,3
13715,2,2
13716,4,5
13717,8,8
13718,2,2
13719,3,4
13720,3,6
13721,4,4
13722,1,3
13723,5,5
13724,2,6
13725,5,5
13726,0,5
13727,3,3
13728,4,6
13729,6,6
13730,2,4
13731,2,2
13732,3,7
13733,8,8
13734,3,3
13735,5,5
13736,3,4
13737,4,4
13738,5,8
13739,2,2
13740,2,2
13741,5,5
13742,6,7
13743,4,5
13744,1,5
13745,3,5
13746,5,9
13747,3,3
13748,2,3
13749,4,4
13750,2,4
13751,5,6
13752,2,8
13753,4,5
13754,3,5
13755,3,3
13756,0,6
13757,4,5
13758,1,5
13759,4,4
13760,1,8
13761,6,6
13762,3,4
13763,3,4
13764,4,5
13765,8,8
13766,4,5
13767,2,2
13768,5,6
13769,6,7
13770,2,2
13771,2,2
13772,5,8
13773,2,2
13774,0,3
13775,2,2
13776,1,3
13777,5,5
13778,2,3
13779,7,7
13780,1,7
13781,7,7
13782,4,5
13783,6,6
13784,3,7
13785,5,5
13786,5,8
13787,4,4
13788,6,7
13789,6,8
13790,1,2
13791,2,7
13792,4,7
13793,8,8
13794,4,5
13795,4,4
13796,3,3
13797,2,2
13798,5,8
13799,4,4
13800,2,4
13801,5,5
13802,1,5
13803,2,2
13804,5,7
13805,2,3
13806,4,4
13807,5,5
13808,3,4
13809,2,2
13810,1,2
13811,3,6
13812,3,3
13813,5,6
13814,3,3
13815,4,4
13816,0,2
13817,2,2
13818,2,2
13819,4,4
13820,2,3
13821,5,5
13822,5,6
13823,5,5
13824,3,3
13825,7,7
13826,4,4
13827,5,5
13828,3,3
13829,2,2
13830,4,5
13831,7,7
13832,5,6
13833,2,2
13834,1,2
13835,3,3
13836,5,6
13837,2,5
13838,6,7
13839,5,5
13840,5,5
13841,2,2
13842,2,4
13843,2,2
13844,3,6
13845,3,3
13846,1,2
13847,4,6
13848,1,8
13849,4,4
13850,3,3
13851,4,4
13852,1,6
13853,5,5
13854,4,5
13855,3,3
13856,2,2
13857,4,6
13858,3,3
13859,6,6
13860,3,4
13861,4,4
13862,0,6
13863,2,2
13864,2,4
13865,3,3
13866,2,5
13867,4,4
13868,1,4
13869,4,4
13870,2,3
13871,2,2
13872,4,8
13873,6,6
13874,5,7
13875,4,4
13876,1,2
13877,2,2
13878,0,2
13879,4,4
13880,2,3
13881,3,6
13882,3,6
13883,4,4
13884,4,4
13885,4,4
13886,2,3
13887,3,7
13888,1,4
13889,2,2
13890,2,6
13891,5,7
13892,3,4
13893,5,5
13894,3,6
13895,7,7
13896,2,6
13897,3,8
13898,3,4
13899,2,2
13900,1,4
13901,2,2
13902,4,6
13903,4,4
13904,1,3
13905,5,7
13906,3,7
13907,5,5
13908,1,6
13909,3,3
13910,4,4
13911,2,2
13912,3,4
13913,6,6
13914,2,4
13915,5,8
13916,2,3
13917,3,4
13918,3,7
13919,4,4
13920,5,8
13921,3,5
13922,2,4
13923,6,7
13924,3,3
13925,2,2
13926,0,1
13927,5,6
13928,0,8
13929,5,5
13930,2,3
13931,5,5
13932,3,5
13933,3,3
13934,4,5
13935,5,6
13936,2,2
13937,3,4
13938,4,6
13939,7,7
13940,1,2
13941,1,1
13942,1,2
13943,4,5
13944,3,5
13945,4,8
13946,4,9
13947,5,5
13948,2,3
13949,4,4
13950,5,6
13951,3,3
13952,5,7
13953,8,8
13954,1,5
13955,7,7
13956,6,8
13957,3,3
13958,1,6
13959,2,4
13960,2,3
13961,2,2
13962,4,7
13963,2,2
13964,2,2
13965,7,7
13966,1,2
13967,5,5
13968,5,6
13969,4,4
13970,5,8
13971,2,4
13972,2,5
13973,3,5
13974,8,8
13975,5,7
13976,5,8
13977,7,7
13978,6,6
13979,4,4
13980,2,2
13981,6,6
13982,4,5
13983,2,2
13984,1,2
13985,6,6
13986,3,6
13987,5,7
13988,2,7
13989,4,4
13990,1,2
13991,2,2
13992,0,7
13993,2,2
13994,1,1
13995,5,5
13996,4,8
13997,3,3
13998,2,4
13999,4,4
14000,5,5
14001,2,2
14002,3,3
14003,3,5
14004,4,6
14005,6,6
14006,2,4
14007,5,5
14008,6,7
14009,2,5
14010,1,4
14011,4,4
14012,4,4
14013,7,7
14014,2,7
14015,2,7
14016,0,6
14017,5,6
14018,1,3
14019,2,2
14020,4,4
14021,2,2
14022,3,5
14023,2,7
14024,1,2
14025,2,6
14026,5,6
14027,5,6
14028,7,8
14029,2,2
14030,1,6
14031,2,2
14032,0,4
14033,6,6
14034,3,5
14035,3,7
14036,2,7
14037,3,4
14038,3,6
14039,3,4
14040,3,4
14041,3,7
14042,7,10
14043,5,5
14044,5,9
14045,3,5
14046,0,6
14047,2,7
14048,2,3
14049,2,4
14050,3,7
14051,2,2
14052,4,6
14053,1,1
14054,2,4
14055,2,2
14056,4,6
14057,2,2
14058,0,2
14059,3,3
14060,6,8
14061,4,4
14062,2,7
14063,2,2
14064,5,7
14065,5,8
14066,0,3
14067,5,7
14068,1,2
14069,4,4
14070,2,2
14071,2,2
14072,5,6
14073,4,5
14074,4,4
14075,3,4
14076,2,8
14077,2,3
14078,4,4
14079,5,5
14080,2,3
14081,2,2
14082,4,7
14083,3,3
14084,2,5
14085,2,3
14086,0,3
14087,2,4
14088,1,2
14089,6,7
14090,1,6
14091,5,5
14092,1,3
14093,5,5
14094,3,4
14095,2,3
14096,4,5
14097,7,7
14098,1,5
14099,2,2
14100,4,6
14101,6,6
14102,3,3
14103,2,5
14104,1,3
14105,4,4
14106,5,6
14107,2,2
14108,4,4
14109,2,8
14110,4,5
14111,3,3
14112,3,5
14113,5,5
14114,5,6
14115,2,4
14116,3,3
14117,2,5
14118,5,6
14119,6,7
14120,4,6
14121,2,4
14122,0,6
14123,2,2
14124,3,4
14125,4,4
14126,3,7
14127,2,2
14128,1,2
14129,7,7
14130,2,4
14131,2,5
14132,4,8
14133,5,6
14134,1,5
14135,4,4
14136,4,6
14137,1,1
14138,4,5
14139,7,8
14140,6,6
14141,5,5
14142,3,3
14143,2,2
14144,3,4
14145,3,3
14146,1,3
14147,6,8
14148,3,4
14149,2,4
14150,2,2
14151,5,8
14152,4,4
14153,5,5
14154,4,6
14155,2,2
14156,1,6
14157,5,5
14158,1,3
14159,2,2
14160,5,5
14161,3,6
14162,2,3
14163,3,3
14164,1,2
14165,7,8
14166,1,7
14167,2,2
14168,2,6
14169,8,8
14170,3,8
14171,3,3
14172,4,7
14173,3,3
14174,3,3
14175,6,6
14176,2,3
14177,2,5
14178,5,5
14179,7,7
14180,6,6
14181,3,3
14182,1,6
14183,5,5
14184,3,6
14185,5,5
14186,1,3
14187,7,7
14188,4,8
14189,5,7
14190,4,6
14191,7,7
14192,4,6
14193,3,5
14194,5,5
14195,2,2
14196,2,6
14197,3,3
14198,2,2
14199,5,5
14200,4,5
14201,2,2
14202,4,5
14203,6,6
14204,2,5
14205,2,2
14206,3,4
14207,3,6
14208,2,3
14209,7,9
14210,2,3
14211,4,4
14212,5,6
14213,3,4
14214,4,9
14215,5,5
14216,3,6
14217,7,7
14218,3,5
14219,5,5
14220,3,3
14221,6,6
14222,1,7
14223,3,4
14224,5,5
14225,8,8
14226,4,6
14227,4,4
14228,1,2
14229,7,7
14230,4,7
14231,4,6
14232,2,3
14233,3,3
14234,5,7
14235,3,3
14236,6,8
14237,7,7
14238,1,5
14239,3,3
14240,2,4
14241,4,7
14242,2,3
14243,4,6
14244,1,3
14245,3,3
14246,2,5
14247,4,4
14248,3,7
14249,2,2
14250,3,5
14251,5,5
14252,7,7
14253,3,3
14254,2,4
14255,6,6
14256,3,6
14257,2,2
14258,5,7
14259,7,8
14260,2,4
14261,8,8
14262,3,3
14263,5,5
14264,2,5
14265,6,6
14266,2,3
14267,4,4
14268,4,5
14269,6,8
14270,0,3
14271,3,3
14272,0,8
14273,6,8
14274,2,2
14275,4,8
14276,3,4
14277,3,3
14278,4,8
14279,7,8
14280,0,4
14281,4,4
14282,0,5
14283,4,4
14284,2,2
14285,3,3
14286,1,3
14287,7,8
14288,6,6
14289,5,5
14290,3,4
14291,6,8
14292,4,6
14293,5,5
14294,1,2
14295,5,5
14296,0,3
14297,8,8
14298,5,7
14299,2,2
14300,2,5
14301,6,6
14302,3,5
14303,3,4
14304,2,7
14305,5,5
14306,5,6
14307,2,2
14308,2,3
14309,2,2
14310,1,3
14311,8,8
14312,2,2
14313,4,5
14314,2,8
14315,2,2
14316,2,2
14317,4,4
14318,3,3
14319,3,3
14320,1,2
14321,4,4
14322,2,3
14323,4,5
14324,3,4
14325,5,8
14326,3,6
14327,2,2
14328,1,3
14329,8,8
14330,2,6
14331,3,5
14332,5,7
14333,4,9
14334,2,2
14335,3,3
14336,2,3
14337,3,3
14338,5,8
14339,1,1
14340,0,2
14341,6,6
14342,2,7
14343,2,2
14344,2,2
14345,4,4
14346,4,6
14347,3,3
14348,2,2
14349,7,7
14350,3,5
14351,6,6
14352,3,4
14353,5,5
14354,0,7
14355,6,6
14356,3,6
14357,5,5
14358,2,5
14359,5,5
14360,4,5
14361,5,8
14362,2,2
14363,5,5
14364,0,6
14365,4,7
14366,4,4
14367,5,7
14368,0,6
14369,3,6
14370,4,7
14371,4,7
14372,0,5
14373,2,2
14374,2,2
14375,4,4
14376,3,4
14377,4,6
14378,2,6
14379,5,5
14380,1,5
14381,2,9
14382,2,4
14383,4,4
14384,0,5
14385,4,7
14386,4,6
14387,4,6
14388,7,8
14389,3,3
14390,6,7
14391,2,2
14392,0,2
14393,4,4
14394,3,6
14395,7,7
14396,0,3
14397,6,6
14398,3,5
14399,7,8
14400,3,4
14401,2,2
14402,2,6
14403,4,4
14404,2,7
14405,6,7
14406,5,7
14407,5,5
14408,0,3
14409,6,6
14410,4,7
14411,4,4
14412,2,2
14413,2,5
14414,5,7
14415,6,7
14416,3,7
14417,7,7
14418,5,6
14419,3,3
14420,4,7
14421,5,5
14422,2,6
14423,2,2
14424,3,7
14425,3,3
14426,3,5
14427,5,5
14428,1,3
14429,2,2
14430,0,2
14431,2,2
14432,3,5
14433,3,3
14434,2,3
14435,6,7
14436,1,2
14437,5,5
14438,1,3
14439,3,6
14440,3,6
14441,3,5
14442,3,5
14443,6,8
14444,5,7
14445,4,7
14446,1,6
14447,2,4
14448,3,4
14449,7,7
14450,4,4
14451,5,5
14452,3,8
14453,6,6
14454,1,2
14455,2,2
14456,7,8
14457,4,4
14458,3,7
14459,8,8
14460,1,4
14461,7,7
14462,4,6
14463,7,7
14464,2,5
14465,2,2
14466,0,2
14467,3,3
14468,2,6
14469,7,8
14470,5,7
14471,3,7
14472,0,5
14473,3,6
14474,1,6
14475,3,6
14476,4,6
14477,7,7
14478,2,3
14479,3,3
14480,6,7
14481,5,5
14482,1,2
14483,4,4
14484,3,5
14485,7,7
14486,4,6
14487,6,6
14488,5,6
14489,2,7
14490,2,5
14491,7,7
14492,2,8
14493,2,6
14494,2,2
14495,3,4
14496,0,2
14497,6,6
14498,5,7
14499,6,8
14500,2,4
14501,3,6
14502,0,7
14503,4,4
14504,2,2
14505,4,4
14506,0,6
14507,4,4
14508,1,2
14509,2,2
14510,3,4
14511,7,7
14512,0,5
14513,3,9
14514,7,7
14515,5,6
14516,3,3
14517,5,5
14518,3,4
14519,2,2
14520,2,4
14521,2,2
14522,5,7
14523,4,4
14524,4,5
14525,5,6
14526,1,4
14527,4,7
14528,4,8
14529,5,7
14530,3,6
14531,4,7
14532,7,8
14533,3,6
14534,3,5
14535,7,8
14536,3,5
14537,6,7
14538,5,6
14539,2,2
14540,2,3
14541,6,6
14542,3,3
14543,3,3
14544,1,5
14545,3,8
14546,4,5
14547,2,2
14548,1,3
14549,3,3
14550,3,3
14551,6,7
14552,3,6
14553,3,8
14554,5,5
14555,7,7
14556,4,7
14557,6,6
14558,1,1
14559,2,2
14560,7,7
14561,2,2
14562,1,2
14563,3,3
14564,2,2
14565,3,3
14566,2,5
14567,3,3
14568,4,7
14569,6,6
14570,2,7
14571,5,6
14572,1,2
14573,5,5
14574,2,5
14575,3,3
14576,0,2
14577,5,5
14578,2,7
14579,2,2
14580,2,2
14581,4,4
14582,1,4
14583,6,6
14584,4,8
14585,4,7
14586,3,4
14587,2,2
14588,3,4
14589,3,6
14590,3,6
14591,3,3
14592,2,4
14593,5,6
14594,5,7
14595,4,4
14596,2,4
14597,7,7
14598,1,4
14599,6,6
14600,5,7
14601,8,8
14602,5,9
14603,3,4
14604,6,8
14605,3,3
14606,0,5
14607,5,6
14608,3,3
14609,4,4
14610,3,7
14611,6,6
14612,4,7
14613,5,5
14614,2,2
14615,4,4
14616,5,6
14617,6,7
14618,6,7
14619,3,3
14620,3,4
14621,7,7
14622,3,5
14623,5,5
14624,4,7
14625,3,3
14626,2,8
14627,7,7
14628,2,2
14629,4,4
14630,3,5
14631,2,2
14632,4,4
14633,2,2
14634,3,8
14635,5,5
14636,1,6
14637,7,8
14638,2,4
14639,5,7
14640,0,6
14641,3,4
14642,2,5
14643,2,2
14644,2,3
14645,3,4
14646,5,6
14647,5,7
14648,3,4
14649,3,3
14650,1,3
14651,2,2
14652,3,3
14653,6,6
14654,2,4
14655,3,3
14656,2,2
14657,7,7
14658,1,6
14659,4,9
14660,5,6
14661,4,4
14662,6,7
14663,2,2
14664,5,5
14665,1,1
14666,4,5
14667,7,7
14668,4,5
14669,5,5
14670,1,3
14671,3,3
14672,3,3
14673,5,8
14674,2,4
14675,8,8
14676,4,6
14677,4,5
14678,3,4
14679,5,5
14680,3,5
14681,7,7
14682,4,4
14683,4,4
14684,1,4
14685,3,3
14686,4,5
14687,4,4
14688,0,6
14689,5,5
14690,4,4
14691,2,2
14692,1,6
14693,2,6
14694,3,5
14695,4,4
14696,1,2
14697,3,3
14698,6,8
14699,2,2
14700,1,8
14701,1,1
14702,8,8
14703,5,5
14704,2,5
14705,2,2
14706,2,4
14707,2,2
14708,2,3
14709,2,7
14710,5,6
14711,3,3
14712,5,6
14713,7,7
14714,1,2
14715,3,8
14716,3,7
14717,7,7
14718,3,6
14719,2,2
14720,2,9
14721,4,4
14722,2,2
14723,6,6
14724,5,5
14725,7,7
14726,0,7
14727,5,6
14728,1,4
14729,4,4
14730,2,3
14731,4,4
14732,5,6
14733,3,4
14734,2,5
14735,3,3
14736,3,3
14737,2,5
14738,3,5
14739,5,6
14740,3,5
14741,6,8
14742,3,7
14743,6,6
14744,1,3
14745,5,8
14746,7,8
14747,4,4
14748,2,5
14749,2,2
14750,6,7
14751,4,4
14752,3,5
14753,6,8
14754,2,2
14755,6,7
14756,3,6
14757,4,4
14758,1,2
14759,5,6
14760,4,5
14761,7,7
14762,4,7
14763,3,8
14764,0,8
14765,4,4
14766,2,3
14767,4,5
14768,0,3
14769,3,3
14770,2,3
14771,7,7
14772,3,6
14773,2,2
14774,2,3
14775,2,2
14776,5,8
14777,6,6
14778,5,7
14779,5,6
14780,6,7
14781,5,6
14782,2,6
14783,2,3
14784,5,7
14785,5,7
14786,2,2
14787,8,8
14788,2,3
14789,3,3
14790,4,4
14791,5,5
14792,1,6
14793,2,2
14794,6,7
14795,4,4
14796,0,2
14797,4,5
14798,2,3
14799,6,6
14800,1,5
14801,4,4
14802,4,8
14803,4,6
14804,4,6
14805,2,4
14806,6,7
14807,2,2
14808,0,3
14809,3,3
14810,1,7
14811,2,6
14812,2,4
14813,5,7
14814,1,2
14815,7,7
14816,0,3
14817,6,7
14818,5,6
14819,2,2
14820,5,8
14821,3,3
14822,6,6
14823,3,3
14824,3,4
14825,2,2
14826,3,3
14827,5,7
14828,5,5
14829,2,2
14830,2,4
14831,4,4
14832,2,6
14833,3,4
14834,6,8
14835,1,1
14836,5,7
14837,6,6
14838,1,5
14839,4,8
14840,3,7
14841,5,5
14842,2,3
14843,3,3
14844,2,6
14845,2,2
14846,2,5
14847,4,4
14848,5,6
14849,3,7
14850,5,6
14851,2,2
14852,4,7
14853,6,7
14854,3,3
14855,3,3
14856,3,6
14857,3,3
14858,5,7
14859,3,6
14860,1,4
14861,3,4
14862,2,3
14863,3,3
14864,2,7
14865,2,2
14866,5,6
14867,4,4
14868,3,6
14869,7,7
14870,3,3
14871,7,7
14872,5,8
14873,4,4
14874,2,2
14875,3,3
14876,6,6
14877,6,6
14878,2,2
14879,2,5
14880,2,4
14881,4,4
14882,6,7
14883,6,6
14884,3,3
14885,3,4
14886,2,2
14887,3,3
14888,1,7
14889,2,2
14890,1,3
14891,5,5
14892,5,6
14893,3,3
14894,3,6
14895,5,5
14896,3,8
14897,4,4
14898,5,6
14899,3,6
14900,2,4
14901,4,6
14902,6,6
14903,5,5
14904,4,5
14905,5,5
14906,1,2
14907,3,3
14908,3,4
14909,5,5
14910,2,2
14911,6,7
14912,2,2
14913,3,3
14914,2,2
14915,5,5
14916,1,4
14917,3,3
14918,6,7
14919,5,5
14920,2,3
14921,3,3
14922,5,6
14923,8,8
14924,0,2
14925,4,4
14926,6,7
14927,4,4
14928,0,2
14929,2,2
14930,2,2
14931,2,2
14932,1,2
14933,6,6
14934,2,6
14935,8,8
14936,3,4
14937,3,4
14938,2,3
14939,7,8
14940,3,5
14941,4,6
14942,2,2
14943,2,2
14944,6,8
14945,2,2
14946,2,3
14947,3,3
14948,3,4
14949,5,5
14950,1,8
14951,3,6
14952,3,6
14953,4,4
14954,4,5
14955,5,5
14956,1,2
14957,3,4
14958,0,7
14959,5,7
14960,3,3
14961,5,5
14962,2,2
14963,3,4
14964,1,2
14965,2,5
14966,3,3
14967,2,4
14968,2,3
14969,3,3
14970,4,7
14971,6,7
14972,2,2
14973,5,5
14974,1,8
14975,4,4
14976,1,7
14977,5,6
14978,2,3
14979,7,7
14980,6,8
14981,3,3
14982,2,2
14983,3,3
14984,6,6
14985,2,4
14986,3,3
14987,5,5
14988,2,2
14989,5,6
14990,3,5
14991,2,2
14992,3,6
14993,2,2
14994,4,5
14995,4,4
14996,0,2
14997,4,4
14998,6,8
14999,4,8
15000,0,4
15001,2,2
15002,3,5
15003,3,5
15004,4,6
15005,6,7
15006,2,3
15007,4,4
15008,1,6
15009,3,3
15010,3,4
15011,4,4
15012,6,8
15013,7,7
15014,6,6
15015,5,8
15016,2,4
15017,4,6
15018,7,9
15019,2,6
15020,3,3
15021,2,2
15022,4,4
15023,3,3
15024,2,6
15025,5,5
15026,4,7
15027,3,4
15028,2,3
15029,3,3
15030,1,2
15031,2,6
15032,6,7
15033,2,3
15034,5,7
15035,6,6
15036,3,5
15037,5,5
15038,2,5
15039,1,1
15040,4,6
15041,5,6
15042,1,5
15043,5,7
15044,6,7
15045,5,6
15046,0,2
15047,2,2
15048,0,4
15049,5,5
15050,3,5
15051,3,3
15052,2,4
15053,2,3
15054,4,6
15055,2,2
15056,3,3
15057,2,2
15058,3,7
15059,9,9
15060,3,4
15061,2,2
15062,1,6
15063,6,6
15064,0,3
15065,3,3
15066,3,3
15067,4,4
15068,3,7
15069,3,7
15070,4,6
15071,2,2
15072,1,2
15073,2,2
15074,3,5
15075,2,2
15076,5,6
15077,4,4
15078,2,2
15079,3,5
15080,5,7
15081,6,7
15082,1,2
15083,3,3
15084,2,5
15085,2,2
15086,1,2
15087,3,3
15088,0,7
15089,6,7
15090,2,4
15091,3,4
15092,4,7
15093,3,4
15094,1,2
15095,3,3
15096,3,5
15097,4,4
15098,3,4
15099,4,4
15100,0,7
15101,2,2
15102,5,6
15103,5,5
15104,1,3
15105,2,2
15106,7,8
15107,3,3
15108,0,7
15109,2,7
15110,3,4
15111,3,3
15112,2,5
15113,4,5
15114,4,7
15115,3,3
15116,8,8
15117,6,8
15118,0,2
15119,4,4
15120,0,3
15121,3,3
15122,1,6
15123,5,6
15124,4,4
15125,5,5
15126,0,2
15127,6,6
15128,1,2
15129,4,4
15130,4,7
15131,6,6
15132,4,7
15133,2,3
15134,6,7
15135,3,3
15136,0,1
15137,5,8
15138,4,4
15139,4,6
15140,2,3
15141,3,3
15142,1,3
15143,2,7
15144,5,5
15145,3,3
15146,0,2
15147,5,5
15148,4,4
15149,2,7
15150,1,8
15151,3,4
15152,3,6
15153,7,7
15154,1,5
15155,7,7
15156,3,7
15157,3,3
15158,3,4
15159,3,7
15160,1,7
15161,8,8
15162,3,4
15163,2,2
15164,3,6
15165,5,5
15166,5,7
15167,6,6
15168,0,6
15169,7,7
15170,0,4
15171,3,3
15172,2,2
15173,4,4
15174,1,6
15175,2,5
15176,1,6
15177,2,2
15178,5,5
15179,3,7
15180,0,5
15181,3,3
15182,3,3
15183,7,7
15184,5,8
15185,6,6
15186,4,4
15187,2,2
15188,2,3
15189,4,4
15190,1,3
15191,3,3
15192,2,6
15193,4,4
15194,2,4
15195,5,5
15196,1,5
15197,7,7
15198,2,2
15199,2,2
15200,2,6
15201,5,5
15202,8,9
15203,3,5
15204,2,6
15205,2,6
15206,5,8
15207,3,3
15208,2,3
15209,3,8
15210,4,7
15211,3,4
15212,3,8
15213,3,3
15214,3,5
15215,5,8
15216,2,4
15217,2,2
15218,3,9
15219,3,4
15220,3,6
15221,5,7
15222,5,7
15223,2,2
15224,2,2
15225,2,2
15226,3,5
15227,8,8
15228,1,3
15229,6,8
15230,3,6
15231,6,6
15232,4,7
15233,5,8
15234,2,2
15235,3,7
15236,1,2
15237,2,2
15238,1,2
15239,4,7
15240,4,7
15241,2,4
15242,1,2
15243,3,3
15244,2,4
15245,5,5
15246,1,5
15247,6,6
15248,2,4
15249,3,3
15250,4,7
15251,4,5
15252,1,5
15253,2,4
15254,3,4
15255,3,3
15256,2,6
15257,5,5
15258,5,8
15259,7,7
15260,0,6
15261,3,4
15262,3,3
15263,3,3
15264,0,3
15265,6,7
15266,5,6
15267,2,2
15268,5,6
15269,2,3
15270,2,2
15271,5,5
15272,4,6
15273,3,3
15274,0,4
15275,5,5
15276,4,5
15277,3,9
15278,0,3
15279,5,5
15280,4,4
15281,5,6
15282,4,6
15283,3,3
15284,1,1
15285,5,6
15286,3,6
15287,5,6
15288,4,6
15289,3,3
15290,3,4
15291,5,5
15292,2,4
15293,3,8
15294,2,5
15295,6,6
15296,1,3
15297,6,6
15298,2,5
15299,3,3
15300,2,7
15301,4,7
15302,2,4
15303,2,2
15304,0,2
15305,7,7
15306,1,4
15307,7,7
15308,4,4
15309,3,3
15310,2,3
15311,3,3
15312,1,2
15313,3,6
15314,0,2
15315,8,8
15316,5,7
15317,4,8
15318,2,5
15319,8,8
15320,3,4
15321,3,3
15322,5,5
15323,6,7
15324,0,3
15325,7,7
15326,2,3
15327,3,5
15328,4,8
15329,4,4
15330,2,2
15331,6,6
15332,0,5
15333,5,5
15334,0,2
15335,3,4
15336,1,7
15337,3,3
15338,3,3
15339,4,4
15340,4,5
15341,2,2
15342,0,8
15343,2,2
15344,4,4
15345,3,5
15346,0,5
15347,4,4
15348,5,8
15349,2,2
15350,4,4
15351,4,4
15352,1,2
15353,7,7
15354,1,3
15355,4,9
15356,1,2
15357,3,8
15358,7,7
15359,2,2
15360,4,6
15361,6,6
15362,1,5
15363,3,4
15364,3,5
15365,3,3
15366,3,5
15367,2,3
15368,5,5
15369,2,2
15370,1,2
15371,3,4
15372,0,3
15373,4,4
15374,1,2
15375,2,8
15376,3,3
15377,7,7
15378,1,2
15379,6,8
15380,4,4
15381,5,5
15382,4,6
15383,2,2
15384,4,8
15385,5,5
15386,6,7
15387,3,4
15388,1,8
15389,6,6
15390,4,7
15391,4,4
15392,1,4
15393,2,5
15394,2,4
15395,5,5
15396,2,2
15397,1,1
15398,6,7
15399,4,4
15400,2,3
15401,5,6
15402,3,3
15403,4,4
15404,0,3
15405,6,6
15406,2,3
15407,6,6
15408,3,4
15409,5,5
15410,2,3
15411,6,7
15412,1,3
15413,3,3
15414,1,2
15415,8,8
15416,5,5
15417,2,2
15418,2,5
15419,3,5
15420,3,3
15421,5,5
15422,4,5
15423,3,3
15424,4,4
15425,3,3
15426,2,3
15427,2,2
15428,1,4
15429,2,8
15430,1,3
15431,2,2
15432,4,4
15433,7,7
15434,2,5
15435,7,8
15436,2,5
15437,3,3
15438,3,6
15439,4,4
15440,5,8
15441,2,2
15442,3,7
15443,2,6
15444,4,5
15445,2,2
15446,3,7
15447,6,6
15448,4,4
15449,5,5
15450,2,5
15451,5,5
15452,6,7
15453,2,3
15454,5,6
15455,6,6
15456,2,3
15457,4,7
15458,2,3
15459,3,3
15460,1,3
15461,6,6
15462,3,3
15463,2,2
15464,2,8
15465,2,2
15466,2,4
15467,4,5
15468,3,4
15469,2,6
15470,3,4
15471,5,6
15472,3,6
15473,3,3
15474,0,3
15475,6,6
15476,2,3
15477,2,8
15478,0,7
15479,3,3
15480,1,2
15481,5,5
15482,2,8
15483,3,3
15484,1,6
15485,8,8
15486,1,7
15487,5,7
15488,3,4
15489,5,5
15490,3,6
15491,2,2
15492,0,3
15493,6,6
15494,3,4
15495,5,7
15496,6,6
15497,3,6
15498,3,3
15499,3,3
15500,1,5
15501,2,3
15502,4,7
15503,6,7
15504,3,4
15505,3,3
15506,4,8
15507,3,3
15508,1,3
15509,4,4
15510,6,6
15511,3,6
15512,0,5
15513,2,2
15514,4,4
15515,5,5
15516,4,5
15517,2,2
15518,2,4
15519,2,2
15520,2,2
15521,6,6
15522,2,3
15523,3,3
15524,4,7
15525,2,5
15526,2,2
15527,6,7
15528,2,3
15529,3,4
15530,3,5
15531,2,2
15532,6,8
15533,4,4
15534,3,5
15535,7,7
15536,0,3
15537,3,3
15538,1,1
15539,6,7
15540,3,4
15541,3,4
15542,5,5
15543,7,7
15544,1,6
15545,4,8
15546,3,8
15547,3,8
15548,1,2
15549,5,5
15550,4,7
15551,5,5
15552,1,2
15553,3,8
15554,1,5
15555,3,3
15556,0,5
15557,3,8
15558,5,7
15559,4,4
15560,5,5
15561,2,2
15562,1,4
15563,5,6
15564,2,2
15565,2,2
15566,1,3
15567,3,6
15568,1,1
15569,5,5
15570,7,7
15571,7,7
15572,0,6
15573,4,4
15574,2,2
15575,2,2
15576,2,2
15577,5,5
15578,2,5
15579,4,4
15580,3,5
15581,2,2
15582,4,7
15583,3,3
15584,6,8
15585,5,5
15586,4,5
15587,6,6
15588,6,7
15589,4,4
15590,2,2
15591,3,3
15592,2,7
15593,2,5
15594,0,4
15595,7,7
15596,7,7
15597,2,2
15598,3,5
15599,3,3
15600,6,8
15601,3,3
15602,0,6
15603,4,4
15604,3,3
15605,2,8
15606,5,5
15607,7,7
15608,4,7
15609,8,8
15610,1,4
15611,5,5
15612,3,3
15613,3,3
15614,3,4
15615,4,7
15616,2,3
15617,4,4
15618,2,4
15619,6,6
15620,2,5
15621,2,4
15622,0,5
15623,3,3
15624,3,3
15625,5,6
15626,0,5
15627,2,7
15628,3,7
15629,3,6
15630,2,2
15631,2,2
15632,1,5
15633,4,4
15634,2,2
15635,2,2
15636,4,5
15637,4,4
15638,2,2
15639,8,8
15640,6,7
15641,3,4
15642,3,4
15643,5,5
15644,2,2
15645,4,4
15646,5,7
15647,5,5
15648,0,2
15649,3,3
15650,3,6
15651,5,5
15652,2,4
15653,6,6
15654,1,4
15655,3,3
15656,5,8
15657,4,4
15658,2,3
15659,2,4
15660,2,6
15661,4,5
15662,3,6
15663,2,2
15664,7,7
15665,5,8
15666,6,6
15667,6,6
15668,1,4
15669,3,5
15670,2,5
15671,3,3
15672,3,5
15673,7,7
15674,2,5
15675,2,2
15676,1,5
15677,7,8
15678,2,3
15679,2,2
15680,4,5
15681,4,4
15682,3,6
15683,7,7
15684,1,8
15685,5,6
15686,5,7
15687,4,4
15688,4,7
15689,2,2
15690,1,4
15691,5,8
15692,3,6
15693,7,7
15694,2,3
15695,6,6
15696,1,8
15697,6,8
15698,2,2
15699,4,4
15700,3,6
15701,6,7
15702,6,7
15703,3,3
15704,3,3
15705,4,4
15706,3,8
15707,3,3
15708,1,2
15709,3,6
15710,2,2
15711,4,7
15712,3,5
15713,4,6
15714,3,3
15715,7,7
15716,5,6
15717,7,7
15718,5,9
15719,6,7
15720,2,3
15721,5,6
15722,2,3
15723,8,8
15724,3,8
15725,3,5
15726,4,7
15727,4,6
15728,1,7
15729,4,4
15730,3,3
15731,5,5
15732,4,4
15733,6,6
15734,2,2
15735,6,9
15736,5,5
15737,4,4
15738,2,3
15739,2,2
15740,3,7
15741,2,2
15742,2,2
15743,3,5
15744,3,3
15745,3,3
15746,2,2
15747,6,6
15748,0,5
15749,4,4
15750,3,6
15751,3,9
15752,0,4
15753,4,5
15754,5,5
15755,2,2
15756,1,1
15757,4,4
15758,5,7
15759,2,2
15760,3,5
15761,6,6
15762,1,7
15763,3,3
15764,5,6
15765,2,6
15766,3,4
15767,4,6
15768,6,8
15769,3,3
15770,0,2
15771,2,3
15772,2,5
15773,3,3
15774,0,6
15775,4,8
15776,2,2
15777,2,2
15778,6,7
15779,6,6
15780,4,7
15781,2,6
15782,2,3
15783,2,3
15784,4,7
15785,3,3
15786,4,6
15787,2,2
15788,6,8
15789,5,5
15790,2,4
15791,6,7
15792,1,3
15793,6,6
15794,3,5
15795,4,4
15796,5,8
15797,6,6
15798,3,3
15799,3,3
15800,2,8
15801,3,5
15802,5,5
15803,7,8
15804,2,3
15805,4,4
15806,3,3
15807,3,3
15808,7,8
15809,3,4
15810,4,7
15811,5,6
15812,2,5
15813,4,9
15814,1,2
15815,3,7
15816,0,7
15817,2,7
15818,0,4
15819,2,2
15820,7,8
15821,2,2
15822,1,3
15823,3,3
15824,3,5
15825,2,2
15826,2,2
15827,6,6
15828,2,5
15829,6,7
15830,4,4
15831,6,6
15832,4,5
15833,5,5
15834,6,8
15835,3,3
15836,3,6
15837,6,6
15838,5,8
15839,2,4
15840,4,4
15841,2,4
15842,4,7
15843,3,6
15844,5,7
15845,3,3
15846,1,3
15847,4,5
15848,5,7
15849,6,6
15850,0,3
15851,3,3
15852,1,7
15853,5,5
15854,3,3
15855,3,7
15856,5,6
15857,2,3
15858,1,4
15859,6,6
15860,4,5
15861,4,4
15862,7,8
15863,3,8
15864,0,2
15865,2,3
15866,1,3
15867,4,4
15868,1,9
15869,3,6
15870,1,4
15871,5,5
15872,3,5
15873,5,6
15874,2,7
15875,6,6
15876,3,4
15877,2,4
15878,2,4
15879,4,4
15880,5,7
15881,3,5
15882,5,6
15883,6,6
15884,3,8
15885,3,8
15886,3,6
15887,3,3
15888,2,4
15889,2,2
15890,3,6
15891,4,6
15892,1,6
15893,5,5
15894,0,3
15895,3,3
15896,6,8
15897,4,4
15898,1,1
15899,4,4
15900,4,4
15901,6,7
15902,5,6
15903,7,7
15904,2,5
15905,6,7
15906,4,5
15907,6,6
15908,3,4
15909,3,4
15910,4,7
15911,7,7
15912,3,6
15913,4,4
15914,3,7
15915,3,3
15916,0,8
15917,4,8
15918,6,7
15919,3,4
15920,3,4
15921,4,4
15922,4,4
15923,5,8
15924,1,4
15925,5,5
15926,4,8
15927,6,6
15928,5,6
15929,4,4
15930,0,2
15931,5,8
15932,2,5
15933,2,5
15934,1,4
15935,4,6
15936,5,6
15937,2,2
15938,3,5
15939,5,5
15940,4,4
15941,6,6
15942,1,4
15943,2,4
15944,0,6
15945,8,8
15946,1,2
15947,2,2
15948,5,6
15949,5,6
15950,4,6
15951,3,5
15952,7,7
15953,3,3
15954,2,2
15955,7,7
15956,1,4
15957,6,6
15958,3,4
15959,6,6
15960,8,9
15961,5,7
15962,5,8
15963,2,2
15964,3,3
15965,6,6
15966,2,3
15967,5,5
15968,4,4
15969,5,8
15970,0,6
15971,8,8
15972,4,5
15973,2,4
15974,3,8
15975,2,2
15976,2,7
15977,5,5
15978,2,6
15979,7,8
15980,1,2
15981,6,7
15982,1,6
15983,2,5
15984,1,8
15985,5,8
15986,0,4
15987,7,7
15988,1,2
15989,4,6
15990,0,4
15991,6,8
15992,0,6
15993,8,8
15994,0,4
15995,2,2
15996,4,7
15997,5,5
15998,0,2
15999,3,3
16000,4,8
16001,3,5
16002,0,4
16003,2,2
16004,1,6
16005,4,4
16006,2,3
16007,4,4
16008,5,10
16009,5,5
16010,3,7
16011,3,3
16012,4,4
16013,4,7
16014,3,4
16015,4,6
16016,1,4
16017,7,7
16018,3,6
16019,6,7
16020,1,3
16021,5,6
16022,2,4
16023,6,6
16024,1,3
16025,7,8
16026,2,5
16027,2,3
16028,3,3
16029,2,2
16030,2,2
16031,2,2
16032,2,4
16033,3,5
16034,2,5
16035,3,5
16036,0,9
16037,4,4
16038,2,2
16039,5,5
16040,3,4
16041,3,3
16042,4,4
16043,4,5
16044,0,7
16045,4,4
16046,1,4
16047,4,5
16048,2,3
16049,4,4
16050,1,5
16051,2,5
16052,4,5
16053,3,3
16054,4,6
16055,4,5
16056,2,3
16057,4,8
16058,4,8
16059,7,8
16060,6,8
16061,3,5
16062,4,7
16063,3,5
16064,4,4
16065,3,3
16066,1,3
16067,4,4
16068,0,6
16069,7,7
16070,0,4
16071,3,3
16072,2,3
16073,4,5
16074,3,5
16075,4,4
16076,2,2
16077,5,5
16078,0,5
16079,4,6
16080,0,7
16081,2,5
16082,2,2
16083,5,6
16084,4,5
16085,6,6
16086,3,3
16087,5,5
16088,1,8
16089,7,7
16090,2,3
16091,3,3
16092,1,7
16093,7,8
16094,4,5
16095,2,2
16096,2,2
16097,7,7
16098,3,5
16099,7,7
16100,2,2
16101,4,5
16102,1,2
16103,4,4
16104,5,7
16105,4,5
16106,6,7
16107,4,8
16108,3,3
16109,2,5
16110,4,6
16111,4,4
16112,3,4
16113,7,7
16114,0,6
16115,2,3
16116,4,6
16117,4,4
16118,4,5
16119,3,3
16120,4,7
16121,5,5
16122,2,3
16123,6,6
16124,1,7
16125,3,3
16126,2,5
16127,5,8
16128,2,4
16129,3,6
16130,3,8
16131,5,5
16132,7,7
16133,7,7
16134,3,3
16135,3,4
16136,2,2
16137,7,7
16138,3,4
16139,5,5
16140,1,7
16141,3,3
16142,3,5
16143,2,2
16144,5,7
16145,3,3
16146,3,7
16147,2,2
16148,3,4
16149,5,5
16150,5,8
16151,4,4
16152,0,6
16153,3,3
16154,4,5
16155,5,8
16156,3,7
16157,2,2
16158,2,6
16159,2,2
16160,3,5
16161,5,5
16162,2,5
16163,4,4
16164,6,8
16165,5,5
16166,5,5
16167,4,7
16168,3,6
16169,2,2
16170,2,3
16171,2,8
16172,4,5
16173,8,8
16174,4,5
16175,5,7
16176,2,3
16177,8,8
16178,4,5
16179,5,5
16180,2,5
16181,2,4
16182,0,2
16183,2,2
16184,3,7
16185,2,2
16186,5,6
16187,2,2
16188,6,7
16189,7,7
16190,1,4
16191,4,4
16192,4,5
16193,2,6
16194,2,2
16195,5,5
16196,5,5
16197,4,4
16198,5,7
16199,2,3
16200,2,3
16201,5,5
16202,6,6
16203,3,3
16204,1,4
16205,5,6
16206,6,7
16207,2,3
16208,1,3
16209,5,5
16210,1,6
16211,5,6
16212,2,2
16213,3,3
16214,6,6
16215,6,8
16216,1,2
16217,7,7
16218,0,5
16219,2,2
16220,0,5
16221,3,3
16222,4,6
16223,3,5
16224,3,4
16225,4,4
16226,0,4
16227,2,2
16228,1,3
16229,4,5
16230,3,6
16231,2,6
16232,1,2
16233,2,2
16234,6,7
16235,6,6
16236,2,2
16237,2,4
16238,7,8
16239,3,5
16240,5,6
16241,2,2
16242,2,4
16243,4,7
16244,3,4
16245,4,4
16246,6,8
16247,2,4
16248,2,3
16249,5,5
16250,1,2
16251,2,2
16252,2,4
16253,5,7
16254,5,5
16255,2,2
16256,4,7
16257,2,6
16258,2,6
16259,5,6
16260,3,5
16261,5,5
16262,2,3
16263,2,2
16264,3,4
16265,3,3
16266,3,3
16267,7,7
16268,1,6
16269,3,3
16270,4,8
16271,5,5
16272,0,2
16273,5,5
16274,2,6
16275,5,6
16276,2,3
16277,4,4
16278,2,4
16279,2,5
16280,3,4
16281,4,4
16282,1,3
16283,5,5
16284,0,7
16285,6,6
16286,4,5
16287,2,2
16288,2,7
16289,6,7
16290,5,6
16291,2,2
16292,3,7
16293,2,4
16294,1,2
16295,6,7
16296,4,5
16297,8,8
16298,2,3
16299,2,4
16300,3,3
16301,2,2
16302,0,2
16303,4,4
16304,4,6
16305,2,2
16306,2,3
16307,3,3
16308,4,5
16309,6,6
16310,2,2
16311,4,6
16312,5,5
16313,2,2
16314,2,4
16315,5,5
16316,8,9
16317,4,4
16318,0,6
16319,3,4
16320,1,4
16321,4,7
16322,3,5
16323,2,2
16324,0,6
16325,3,6
16326,5,8
16327,4,4
16328,2,7
16329,4,5
16330,4,6
16331,4,4
16332,1,2
16333,2,3
16334,3,8
16335,5,5
16336,2,3
16337,2,2
16338,0,7
16339,4,4
16340,4,6
16341,2,2
16342,0,4
16343,7,7
16344,4,4
16345,5,8
16346,6,8
16347,5,5
16348,3,5
16349,3,7
16350,0,1
16351,2,5
16352,3,3
16353,6,8
16354,2,3
16355,3,3
16356,5,6
16357,2,2
16358,5,7
16359,3,8
16360,0,4
16361,6,7
16362,1,2
16363,4,4
16364,3,5
16365,4,4
16366,0,6
16367,7,7
16368,0,2
16369,6,6
16370,2,2
16371,3,4
16372,2,2
16373,6,6
16374,2,4
16375,3,7
16376,1,6
16377,5,5
16378,4,6
16379,6,8
16380,1,2
16381,5,7
16382,3,7
16383,3,6
16384,3,3
16385,7,8
16386,3,8
16387,2,8
16388,3,3
16389,4,7
16390,3,5
16391,5,5
16392,0,5
16393,5,5
16394,3,3
16395,2,4
16396,0,2
16397,3,4
16398,0,2
16399,5,5
16400,1,6
16401,2,2
16402,1,2
16403,2,4
16404,4,7
16405,4,4
16406,2,8
16407,8,8
16408,1,3
16409,4,7
16410,3,4
16411,6,6
16412,4,5
16413,6,6
16414,2,2
16415,6,6
16416,4,4
16417,7,7
16418,5,6
16419,6,6
16420,1,4
16421,4,7
16422,3,3
16423,4,4
16424,0,7
16425,5,5
16426,2,5
16427,2,2
16428,1,3
16429,4,4
16430,4,4
16431,2,2
16432,3,7
16433,5,8
16434,1,6
16435,5,7
16436,3,4
16437,2,2
16438,1,6
16439,6,6
16440,2,7
16441,8,8
16442,4,5
16443,2,2
16444,5,5
16445,7,8
16446,3,4
16447,3,6
16448,4,7
16449,5,6
16450,1,8
16451,3,3
16452,4,6
16453,3,6
16454,0,5
16455,4,4
16456,0,2
16457,3,3
16458,3,6
16459,2,2
16460,5,8
16461,3,3
16462,3,6
16463,2,6
16464,4,6
16465,2,2
16466,1,2
16467,3,3
16468,1,2
16469,6,8
16470,4,6
16471,2,2
16472,0,2
16473,3,3
16474,4,4
16475,2,3
16476,4,5
16477,4,8
16478,0,6
16479,6,8
16480,0,5
16481,5,8
16482,3,7
16483,7,7
16484,0,3
16485,3,3
16486,4,5
16487,3,4
16488,2,3
16489,3,3
16490,2,3
16491,8,8
16492,2,4
16493,3,3
16494,3,6
16495,2,3
16496,3,5
16497,5,5
16498,5,7
16499,4,6
16500,1,2
16501,5,7
16502,4,6
16503,3,3
16504,2,3
16505,2,2
16506,3,3
16507,2,2
16508,1,2
16509,5,7
16510,2,2
16511,3,3
16512,3,3
16513,8,8
16514,1,4
16515,3,6
16516,1,5
16517,6,6
16518,4,7
16519,4,4
16520,2,2
16521,3,3
16522,0,4
16523,2,8
16524,2,2
16525,2,2
16526,7,8
16527,2,2
16528,1,6
16529,3,3
16530,2,3
16531,5,6
16532,2,3
16533,3,3
16534,4,7
16535,5,5
16536,5,6
16537,1,1
16538,5,7
16539,3,6
16540,3,7
16541,4,4
16542,2,2
16543,3,3
16544,0,5
16545,2,2
16546,2,3
16547,4,4
16548,3,3
16549,2,2
16550,0,8
16551,6,7
16552,2,2
16553,6,6
16554,2,2
16555,4,5
16556,1,5
16557,3,3
16558,2,3
16559,6,6
16560,5,6
16561,2,2
16562,7,8
16563,3,4
16564,5,5
16565,6,7
16566,5,6
16567,4,6
16568,4,6
16569,4,7
16570,3,4
16571,5,6
16572,3,4
16573,3,4
16574,2,2
16575,2,2
16576,3,6
16577,5,5
16578,2,7
16579,2,2
16580,1,2
16581,7,7
16582,2,4
16583,5,5
16584,3,7
16585,6,7
16586,5,5
16587,5,6
16588,1,4
16589,3,8
16590,2,3
16591,2,2
16592,1,3
16593,8,8
16594,1,4
16595,5,5
16596,2,2
16597,6,8
16598,5,6
16599,3,7
16600,3,6
16601,3,3
16602,3,5
16603,5,5
16604,2,2
16605,2,2
16606,3,3
16607,6,7
16608,2,3
16609,3,6
16610,0,7
16611,3,5
16612,1,2
16613,2,6
16614,1,1
16615,4,4
16616,3,6
16617,4,4
16618,3,3
16619,3,3
16620,5,8
16621,3,3
16622,2,3
16623,2,3
16624,1,4
16625,1,1
16626,2,3
16627,2,2
16628,2,2
16629,4,5
16630,3,7
16631,3,3
16632,4,6
16633,3,3
16634,0,4
16635,3,3
16636,0,3
16637,4,4
16638,2,3
16639,6,6
16640,3,3
16641,5,7
16642,1,6
16643,4,4
16644,4,4
16645,3,5
16646,3,5
16647,2,5
16648,0,5
16649,6,6
16650,4,7
16651,7,7
16652,2,4
16653,4,4
16654,4,4
16655,4,4
16656,0,3
16657,2,2
16658,4,7
16659,4,4
16660,3,4
16661,8,8
16662,5,6
16663,7,7
16664,0,7
16665,3,5
16666,2,4
16667,3,6
16668,3,3
16669,2,2
16670,4,7
16671,4,4
16672,0,8
16673,2,6
16674,3,3
16675,4,4
16676,4,6
16677,5,5
16678,1,8
16679,7,7
16680,4,5
16681,7,7
16682,0,2
16683,4,4
16684,2,2
16685,3,3
16686,2,2
16687,3,3
16688,1,7
16689,3,3
16690,3,4
16691,4,4
16692,5,7
16693,5,7
16694,3,3
16695,2,2
16696,3,3
16697,2,2
16698,2,6
16699,2,2
16700,3,5
16701,4,8
16702,4,7
16703,3,3
16704,2,3
16705,7,7
16706,2,7
16707,4,4
16708,4,6
16709,3,3
16710,2,3
16711,6,7
16712,2,7
16713,5,7
16714,2,7
16715,5,5
16716,2,4
16717,1,1
16718,4,4
16719,2,2
16720,3,6
16721,4,8
16722,2,3
16723,2,2
16724,0,2
16725,5,5
16726,2,3
16727,3,8
16728,4,6
16729,8,8
16730,2,2
16731,2,2
16732,5,6
16733,8,8
16734,6,8
16735,6,6
16736,6,6
16737,3,5
16738,1,7
16739,7,7
16740,4,6
16741,3,3
16742,0,3
16743,5,6
16744,2,7
16745,5,5
16746,3,3
16747,3,4
16748,1,8
16749,4,4
16750,4,5
16751,6,7
16752,2,2
16753,6,9
16754,0,1
16755,5,5
16756,1,2
16757,2,2
16758,0,7
16759,6,6
16760,1,5
16761,5,5
16762,4,7
16763,7,7
16764,2,8
16765,2,2
16766,2,4
16767,2,2
16768,5,7
16769,3,3
16770,3,3
16771,5,5
16772,3,4
16773,2,2
16774,1,2
16775,2,2
16776,2,2
16777,1,1
16778,2,2
16779,5,5
16780,3,3
16781,5,8
16782,3,4
16783,3,3
16784,4,6
16785,3,3
16786,1,3
16787,3,6
16788,2,3
16789,5,5
16790,2,3
16791,3,4
16792,5,6
16793,3,3
16794,5,6
16795,3,7
16796,0,4
16797,1,1
16798,3,3
16799,3,3
16800,1,4
16801,7,7
16802,1,3
16803,2,2
16804,6,7
16805,2,2
16806,5,8
16807,2,2
16808,3,3
16809,3,3
16810,3,3
16811,4,8
16812,1,3
16813,5,7
16814,1,4
16815,6,7
16816,7,7
16817,2,2
16818,0,6
16819,2,2
16820,1,3
16821,3,3
16822,1,3
16823,5,5
16824,3,4
16825,2,2
16826,0,2
16827,2,2
16828,1,6
16829,2,3
16830,2,6
16831,3,3
16832,6,7
16833,6,6
16834,4,6
16835,6,6
16836,3,5
16837,5,5
16838,4,7
16839,7,7
16840,3,4
16841,2,2
16842,1,3
16843,4,7
16844,2,6
16845,6,6
16846,3,9
16847,7,7
16848,0,2
16849,6,6
16850,6,8
16851,7,7
16852,2,2
16853,3,3
16854,7,7
16855,3,3
16856,0,5
16857,4,7
16858,0,4
16859,3,3
16860,0,3
16861,5,7
16862,3,6
16863,4,4
16864,3,3
16865,5,5
16866,3,4
16867,2,6
16868,2,3
16869,3,3
16870,2,6
16871,4,4
16872,7,7
16873,2,2
16874,1,6
16875,3,3
16876,0,4
16877,3,3
16878,5,5
16879,2,2
16880,1,6
16881,4,5
16882,4,6
16883,5,5
16884,2,2
16885,2,2
16886,2,2
16887,5,6
16888,1,2
16889,3,3
16890,6,7
16891,2,2
16892,4,4
16893,4,4
16894,2,2
16895,5,5
16896,1,2
16897,3,3
16898,4,7
16899,7,7
16900,3,4
16901,2,3
16902,3,5
16903,5,5
16904,3,6
16905,3,8
16906,2,2
16907,3,3
16908,2,2
16909,3,5
16910,3,6
16911,4,4
16912,2,4
16913,3,3
16914,5,8
16915,2,2
16916,2,3
16917,6,6
16918,3,4
16919,6,7
16920,6,7
16921,5,5
16922,2,2
16923,7,7
16924,8,8
16925,2,2
16926,3,4
16927,7,7
16928,4,6
16929,6,6
16930,1,8
16931,3,3
16932,1,3
16933,6,8
16934,4,7
16935,2,2
16936,1,6
16937,4,4
16938,0,5
16939,4,8
16940,2,2
16941,3,7
16942,4,5
16943,4,4
16944,4,5
16945,3,3
16946,3,3
16947,7,7
16948,4,6
16949,6,6
16950,1,2
16951,5,8
16952,3,3
16953,2,2
16954,1,2
16955,4,4
16956,1,6
16957,3,5
16958,2,2
16959,2,2
16960,2,2
16961,3,7
16962,4,6
16963,2,2
16964,4,7
16965,3,4
16966,4,8
16967,5,5
16968,2,3
16969,3,3
16970,0,5
16971,5,5
16972,6,7
16973,4,4
16974,3,4
16975,2,3
16976,0,5
16977,3,4
16978,2,6
16979,3,3
16980,0,7
16981,3,3
16982,1,4
16983,8,8
16984,3,5
16985,2,6
16986,3,5
16987,8,8
16988,2,4
16989,3,3
16990,2,3
16991,3,3
16992,5,5
16993,3,3
16994,6,7
16995,2,2
16996,2,3
16997,3,6
16998,3,5
16999,3,4
17000,4,5
17001,7,7
17002,1,6
17003,7,8
17004,1,4
17005,4,4
17006,3,4
17007,5,5
17008,4,6
17009,6,7
17010,0,2
17011,7,7
17012,2,3
17013,7,7
17014,5,6
17015,3,3
17016,2,2
17017,2,5
17018,1,3
17019,2,3
17020,4,4
17021,2,3
17022,0,2
17023,2,3
17024,1,4
17025,5,5
17026,0,2
17027,3,3
17028,4,8
17029,3,3
17030,1,6
17031,2,3
17032,2,3
17033,2,3
17034,2,2
17035,8,8
17036,4,6
17037,4,4
17038,2,7
17039,3,6
17040,0,1
17041,6,7
17042,2,3
17043,3,6
17044,2,3
17045,4,5
17046,3,6
17047,4,5
17048,4,6
17049,2,2
17050,4,6
17051,3,3
17052,1,2
17053,3,3
17054,5,7
17055,4,4
17056,2,7
17057,5,5
17058,2,2
17059,3,3
17060,2,2
17061,6,6
17062,6,6
17063,2,7
17064,2,3
17065,5,6
17066,5,8
17067,2,2
17068,4,4
17069,2,2
17070,4,7
17071,2,5
17072,0,4
17073,2,3
17074,1,3
17075,3,3
17076,3,6
17077,2,5
17078,0,1
17079,4,4
17080,4,6
17081,4,4
17082,3,3
17083,4,4
17084,2,4
17085,2,2
17086,4,6
17087,6,7
17088,7,8
17089,6,8
17090,5,7
17091,1,1
17092,2,4
17093,4,4
17094,3,7
17095,3,7
17096,5,5
17097,2,2
17098,4,5
17099,7,7
17100,3,5
17101,1,1
17102,1,7
17103,3,7
17104,5,7
17105,5,7
17106,6,7
17107,3,3
17108,3,3
17109,7,7
17110,1,2
17111,4,4
17112,3,4
17113,3,3
17114,4,5
17115,2,5
17116,1,3
17117,2,3
17118,5,5
17119,9,9
17120,2,2
17121,3,3
17122,0,7
17123,2,2
17124,4,6
17125,8,8
17126,1,3
17127,4,4
17128,3,4
17129,6,7
17130,5,6
17131,6,6
17132,3,3
17133,2,5
17134,2,2
17135,2,5
17136,0,7
17137,3,5
17138,3,5
17139,3,3
17140,2,8
17141,3,3
17142,2,2
17143,7,7
17144,4,6
17145,2,4
17146,7,8
17147,4,5
17148,1,8
17149,3,4
17150,0,5
17151,8,8
17152,3,4
17153,3,6
17154,2,5
17155,3,3
17156,1,5
17157,2,2
17158,1,2
17159,3,5
17160,5,8
17161,2,2
17162,2,7
17163,3,4
17164,4,4
17165,6,6
17166,1,2
17167,3,3
17168,3,3
17169,6,6
17170,6,6
17171,5,5
17172,5,7
17173,4,4
17174,3,8
17175,3,3
17176,1,3
17177,5,5
17178,5,7
17179,7,7
17180,3,5
17181,5,7
17182,5,7
17183,4,4
17184,3,4
17185,6,6
17186,1,3
17187,2,2
17188,3,4
17189,4,4
17190,4,5
17191,6,6
17192,1,7
17193,7,7
17194,1,2
17195,2,2
17196,2,3
17197,3,3
17198,0,2
17199,3,3
17200,1,2
17201,5,5
17202,3,3
17203,5,8
17204,1,8
17205,5,6
17206,1,3
17207,4,4
17208,6,7
17209,5,6
17210,4,6
17211,7,8
17212,3,4
17213,4,4
17214,4,8
17215,5,5
17216,3,6
17217,2,2
17218,2,3
17219,6,6
17220,1,2
17221,3,3
17222,2,3
17223,5,5
17224,2,7
17225,7,7
17226,1,2
17227,5,5
17228,4,6
17229,6,7
17230,1,4
17231,4,7
17232,3,3
17233,3,3
17234,1,7
17235,5,7
17236,4,6
17237,6,6
17238,1,2
17239,3,3
17240,1,3
17241,2,2
17242,4,8
17243,2,3
17244,9,9
17245,5,5
17246,4,4
17247,3,4
17248,0,3
17249,2,2
17250,5,8
17251,2,7
17252,2,4
17253,5,5
17254,3,4
17255,5,5
17256,4,8
17257,3,3
17258,6,7
17259,6,6
17260,5,6
17261,4,4
17262,1,3
17263,3,3
17264,2,3
17265,6,6
17266,3,5
17267,6,6
17268,3,6
17269,6,7
17270,2,2
17271,2,2
17272,2,5
17273,3,3
17274,4,6
17275,5,5
17276,3,9
17277,5,5
17278,3,4
17279,2,2
17280,3,5
17281,3,3
17282,1,5
17283,2,2
17284,6,8
17285,7,7
17286,2,3
17287,4,5
17288,2,3
17289,6,6
17290,2,3
17291,7,7
17292,6,7
17293,7,8
17294,4,5
17295,4,4
17296,3,5
17297,5,5
17298,3,3
17299,8,8
17300,7,7
17301,6,7
17302,2,5
17303,5,8
17304,0,5
17305,4,7
17306,4,6
17307,6,6
17308,3,6
17309,6,6
17310,5,6
17311,4,4
17312,0,2
17313,2,4
17314,1,5
17315,5,6
17316,2,6
17317,5,5
17318,1,6
17319,5,5
17320,2,2
17321,4,6
17322,0,6
17323,6,6
17324,0,5
17325,2,2
17326,0,3
17327,5,5
17328,6,7
17329,3,3
17330,1,5
17331,7,7
17332,1,6
17333,2,5
17334,2,6
17335,3,3
17336,3,4
17337,6,6
17338,1,3
17339,6,8
17340,3,5
17341,2,3
17342,4,4
17343,1,1
17344,0,6
17345,2,6
17346,6,7
17347,6,6
17348,0,6
17349,7,8
17350,2,3
17351,7,7
17352,2,2
17353,2,2
17354,0,2
17355,2,2
17356,3,4
17357,2,2
17358,3,6
17359,3,3
17360,6,6
17361,3,3
17362,0,3
17363,4,8
17364,1,3
17365,6,7
17366,5,7
17367,8,8
17368,2,4
17369,5,6
17370,4,4
17371,3,5
17372,0,4
17373,4,6
17374,5,6
17375,4,4
17376,5,5
17377,3,3
17378,5,5
17379,3,3
17380,6,7
17381,5,5
17382,3,4
17383,4,5
17384,2,4
17385,2,6
17386,3,6
17387,6,6
17388,2,4
17389,3,7
17390,4,5
17391,3,3
17392,3,5
17393,6,7
17394,3,4
17395,4,8
17396,1,4
17397,2,5
17398,1,7
17399,2,2
17400,5,5
17401,8,8
17402,0,2
17403,8,8
17404,1,7
17405,4,8
17406,3,4
17407,3,3
17408,0,2
17409,5,5
17410,2,2
17411,4,6
17412,2,7
17413,3,7
17414,3,8
17415,5,5
17416,0,7
17417,3,3
17418,5,7
17419,3,3
17420,2,7
17421,2,6
17422,3,6
17423,3,8
17424,5,6
17425,5,5
17426,5,6
17427,4,4
17428,2,7
17429,2,8
17430,3,6
17431,2,3
17432,1,5
17433,4,4
17434,2,4
17435,4,4
17436,0,4
17437,7,7
17438,1,6
17439,3,3
17440,1,8
17441,5,5
17442,4,8
17443,1,1
17444,0,8
17445,4,4
17446,3,4
17447,4,5
17448,4,4
17449,2,2
17450,4,4
17451,2,5
17452,1,5
17453,3,3
17454,2,3
17455,2,2
17456,2,2
17457,2,5
17458,2,3
17459,4,6
17460,2,8
17461,3,3
17462,1,5
17463,4,5
17464,1,8
17465,6,6
17466,2,4
17467,4,4
17468,3,4
17469,5,5
17470,2,4
17471,3,5
17472,4,6
17473,6,6
17474,1,4
17475,6,6
17476,2,2
17477,3,3
17478,6,7
17479,5,6
17480,0,2
17481,3,3
17482,3,6
17483,8,8
17484,0,2
17485,2,2
17486,0,2
17487,6,6
17488,0,4
17489,4,4
17490,1,2
17491,2,2
17492,4,9
17493,7,7
17494,3,7
17495,7,7
17496,2,5
17497,6,6
17498,2,5
17499,3,3
17500,1,5
17501,4,4
17502,5,6
17503,5,6
17504,5,6
17505,6,7
17506,0,4
17507,6,6
17508,5,7
17509,3,3
17510,2,7
17511,6,6
17512,0,3
17513,2,2
17514,1,9
17515,3,6
17516,3,4
17517,5,5
17518,0,4
17519,3,3
17520,2,6
17521,6,6
17522,5,6
17523,2,3
17524,2,4
17525,3,7
17526,5,5
17527,5,5
17528,1,5
17529,4,7
17530,4,6
17531,3,4
17532,3,6
17533,2,5
17534,5,5
17535,4,6
17536,2,5
17537,3,5
17538,2,7
17539,2,3
17540,6,7
17541,3,8
17542,3,5
17543,4,6
17544,2,2
17545,2,2
17546,2,7
17547,3,6
17548,1,3
17549,3,3
17550,1,3
17551,3,3
17552,1,4
17553,4,7
17554,4,4
17555,4,6
17556,0,3
17557,4,4
17558,4,4
17559,2,2
17560,3,7
17561,7,7
17562,2,2
17563,6,6
17564,1,5
17565,2,6
17566,5,6
17567,4,4
17568,4,5
17569,3,3
17570,2,3
17571,2,2
17572,4,6
17573,2,3
17574,2,3
17575,3,3
17576,3,5
17577,3,3
17578,4,4
17579,4,4
17580,0,1
17581,5,7
17582,2,3
17583,5,6
17584,5,7
17585,6,6
17586,4,5
17587,7,9
17588,5,6
17589,7,7
17590,0,6
17591,4,7
17592,3,5
17593,2,2
17594,4,7
17595,2,2
17596,0,5
17597,2,2
17598,2,7
17599,6,6
17600,6,7
17601,3,3
17602,5,7
17603,4,5
17604,5,6
17605,3,3
17606,1,3
17607,2,7
17608,2,7
17609,4,4
17610,2,4
17611,2,2
17612,5,8
17613,2,3
17614,2,2
17615,3,3
17616,3,8
17617,6,8
17618,1,4
17619,5,5
17620,0,4
17621,3,3
17622,1,8
17623,6,7
17624,3,6
17625,4,7
17626,1,2
17627,4,4
17628,6,8
17629,3,6
17630,1,1
17631,2,6
17632,1,2
17633,3,5
17634,3,4
17635,6,7
17636,3,3
17637,2,2
17638,2,2
17639,4,4
17640,0,3
17641,5,5
17642,2,2
17643,3,3
17644,0,3
17645,2,2
17646,3,3
17647,2,2
17648,1,1
17649,4,7
17650,2,2
17651,6,6
17652,4,7
17653,6,6
17654,3,6
17655,8,8
17656,0,4
17657,4,5
17658,4,8
17659,7,7
17660,3,6
17661,5,5
17662,2,3
17663,6,6
17664,2,2
17665,8,8
17666,0,5
17667,1,1
17668,0,2
17669,5,5
17670,1,3
17671,2,4
17672,5,7
17673,6,8
17674,2,3
17675,7,8
17676,3,3
17677,2,5
17678,3,4
17679,3,3
17680,2,3
17681,2,2
17682,0,8
17683,8,8
17684,2,3
17685,3,3
17686,5,6
17687,5,5
17688,1,3
17689,2,6
17690,6,7
17691,3,4
17692,4,5
17693,2,2
17694,0,7
17695,2,4
17696,3,4
17697,3,8
17698,2,3
17699,2,2
17700,6,8
17701,6,6
17702,0,3
17703,3,4
17704,2,8
17705,3,7
17706,6,7
17707,4,5
17708,7,7
17709,2,7
17710,3,4
17711,5,5
17712,2,2
17713,2,2
17714,0,4
17715,5,5
17716,0,7
17717,2,8
17718,5,7
17719,3,6
17720,0,4
17721,2,2
17722,5,5
17723,2,2
17724,2,3
17725,3,4
17726,6,6
17727,2,7
17728,2,2
17729,4,4
17730,2,3
17731,2,2
17732,2,6
17733,2,2
17734,1,2
17735,6,6
17736,3,3
17737,3,4
17738,0,4
17739,2,2
17740,4,9
17741,2,2
17742,3,3
17743,5,6
17744,1,7
17745,4,4
17746,4,6
17747,5,5
17748,2,8
17749,7,7
17750,2,6
17751,4,5
17752,6,7
17753,8,8
17754,0,2
17755,3,6
17756,3,6
17757,2,5
17758,0,6
17759,4,4
17760,1,1
17761,5,5
17762,1,1
17763,5,6
17764,2,4
17765,4,6
17766,4,4
17767,2,5
17768,3,6
17769,5,5
17770,7,8
17771,5,5
17772,1,5
17773,7,8
17774,2,6
17775,5,6
17776,3,5
17777,2,6
17778,6,8
17779,3,3
17780,6,8
17781,7,8
17782,4,6
17783,3,3
17784,2,6
17785,2,5
17786,3,6
17787,8,8
17788,1,2
17789,2,2
17790,1,8
17791,3,3
17792,5,7
17793,5,5
17794,3,4
17795,5,5
17796,6,8
17797,2,2
17798,2,8
17799,3,3
17800,6,8
17801,2,7
17802,3,4
17803,6,8
17804,1,2
17805,6,6
17806,4,7
17807,4,4
17808,3,4
17809,6,6
17810,0,3
17811,6,6
17812,2,2
17813,2,4
17814,3,7
17815,3,4
17816,0,4
17817,6,6
17818,4,9
17819,6,7
17820,4,7
17821,2,5
17822,3,4
17823,5,7
17824,2,4
17825,7,7
17826,4,8
17827,8,8
17828,5,6
17829,3,5
17830,2,5
17831,4,7
17832,2,2
17833,10,10
17834,4,7
17835,4,4
17836,3,3
17837,5,5
17838,4,4
17839,3,3
17840,1,8
17841,6,6
17842,4,7
17843,2,2
17844,4,6
17845,3,3
17846,3,3
17847,7,7
17848,4,6
17849,4,4
17850,2,3
17851,5,5
17852,0,5
17853,4,6
17854,1,3
17855,5,5
17856,2,5
17857,3,3
17858,4,4
17859,3,6
17860,1,5
17861,3,3
17862,2,2
17863,5,6
17864,1,2
17865,6,6
17866,3,3
17867,2,2
17868,2,7
17869,6,6
17870,2,2
17871,2,2
17872,1,1
17873,2,2
17874,2,3
17875,3,3
17876,5,8
17877,1,1
17878,2,3
17879,4,4
17880,4,5
17881,4,4
17882,5,5
17883,2,2
17884,7,7
17885,6,7
17886,3,3
17887,4,5
17888,2,2
17889,8,8
17890,6,7
17891,6,8
17892,0,4
17893,3,7
17894,2,4
17895,4,4
17896,5,8
17897,2,2
17898,4,6
17899,3,3
17900,2,3
17901,3,5
17902,1,8
17903,8,8
17904,5,6
17905,5,5
17906,4,5
17907,3,3
17908,4,4
17909,3,3
17910,1,3
17911,3,4
17912,4,6
17913,5,5
17914,1,2
17915,6,6
17916,1,6
17917,4,4
17918,1,5
17919,6,7
17920,1,3
17921,5,5
17922,3,3
17923,4,4
17924,4,6
17925,4,4
17926,1,2
17927,2,2
17928,1,7
17929,6,7
17930,5,5
17931,2,2
17932,3,8
17933,7,8
17934,3,6
17935,3,5
17936,0,2
17937,4,4
17938,2,2
17939,4,6
17940,1,2
17941,4,6
17942,2,6
17943,2,2
17944,2,5
17945,8,8
17946,0,3
17947,5,5
17948,1,5
17949,3,6
17950,1,4
17951,5,7
17952,0,5
17953,6,6
17954,2,2
17955,5,5
17956,2,4
17957,8,8
17958,6,7
17959,3,3
17960,7,8
17961,5,5
17962,4,6
17963,3,3
17964,2,2
17965,2,5
17966,3,4
17967,6,7
17968,3,5
17969,8,8
17970,3,3
17971,5,5
17972,2,3
17973,3,3
17974,3,5
17975,2,6
17976,4,5
17977,2,4
17978,5,6
17979,6,6
17980,2,4
17981,4,4
17982,3,7
17983,3,4
17984,1,2
17985,2,2
17986,5,8
17987,3,3
17988,1,2
17989,6,6
17990,1,2
17991,5,5
17992,3,6
17993,5,5
17994,1,2
17995,4,4
17996,2,2
17997,2,4
17998,0,5
17999,3,3
18000,6,6
18001,8,8
18002,3,3
18003,2,5
18004,1,3
18005,4,6
18006,4,5
18007,5,7
18008,0,5
18009,6,6
18010,3,8
18011,3,3
18012,6,7
18013,4,4
18014,2,4
18015,6,7
18016,2,2
18017,7,7
18018,1,3
18019,3,3
18020,2,5
18021,3,3
18022,5,7
18023,3,6
18024,5,7
18025,5,5
18026,3,3
18027,6,6
18028,6,7
18029,5,5
18030,2,3
18031,2,2
18032,6,7
18033,6,6
18034,0,5
18035,4,4
18036,6,7
18037,6,6
18038,4,6
18039,2,6
18040,0,3
18041,3,3
18042,3,6
18043,5,7
18044,4,7
18045,3,3
18046,2,5
18047,6,6
18048,1,5
18049,8,8
18050,2,8
18051,6,8
18052,6,6
18053,5,6
18054,7,8
18055,8,8
18056,4,5
18057,5,7
18058,3,6
18059,3,3
18060,1,9
18061,5,5
18062,3,6
18063,4,4
18064,3,3
18065,5,5
18066,5,7
18067,4,4
18068,0,6
18069,2,2
18070,1,2
18071,3,4
18072,4,6
18073,3,3
18074,3,5
18075,4,4
18076,3,3
18077,6,6
18078,2,3
18079,3,4
18080,7,8
18081,3,5
18082,0,2
18083,6,6
18084,0,2
18085,2,2
18086,4,6
18087,5,5
18088,2,7
18089,3,3
18090,4,6
18091,6,6
18092,4,6
18093,7,7
18094,4,6
18095,2,2
18096,2,4
18097,5,5
18098,0,7
18099,7,7
18100,2,2
18101,4,4
18102,2,5
18103,6,8
18104,1,2
18105,2,2
18106,5,7
18107,3,7
18108,1,7
18109,5,5
18110,1,1
18111,3,5
18112,2,5
18113,3,3
18114,7,7
18115,4,4
18116,5,6
18117,2,2
18118,3,5
18119,6,6
18120,0,2
18121,4,8
18122,6,7
18123,6,6
18124,2,2
18125,4,7
18126,5,5
18127,5,5
18128,2,2
18129,5,5
18130,1,1
18131,7,7
18132,1,4
18133,5,5
18134,0,7
18135,6,6
18136,4,8
18137,2,2
18138,4,4
18139,4,4
18140,2,3
18141,2,2
18142,2,4
18143,4,4
18144,4,5
18145,2,8
18146,4,5
18147,3,6
18148,7,7
18149,5,7
18150,6,7
18151,7,8
18152,2,5
18153,7,8
18154,2,3
18155,2,2
18156,2,8
18157,6,8
18158,6,7
18159,2,2
18160,1,6
18161,4,4
18162,0,2
18163,2,7
18164,1,3
18165,5,5
18166,0,6
18167,5,5
18168,3,8
18169,4,5
18170,1,4
18171,3,8
18172,1,3
18173,3,3
18174,5,6
18175,8,8
18176,1,6
18177,5,8
18178,6,7
18179,3,3
18180,3,3
18181,6,8
18182,4,8
18183,6,6
18184,4,5
18185,4,7
18186,3,3
18187,2,2
18188,5,8
18189,3,5
18190,2,3
18191,2,2
18192,2,5
18193,5,5
18194,4,7
18195,3,3
18196,1,1
18197,6,8
18198,1,1
18199,3,7
18200,1,6
18201,3,4
18202,4,7
18203,2,2
18204,3,4
18205,5,5
18206,3,6
18207,6,6
18208,1,6
18209,6,7
18210,5,8
18211,4,6
18212,1,3
18213,2,2
18214,0,3
18215,3,8
18216,2,6
18217,5,5
18218,0,8
18219,5,5
18220,2,8
18221,3,3
18222,5,7
18223,8,8
18224,1,1
18225,3,3
18226,3,4
18227,7,7
18228,1,2
18229,4,6
18230,2,5
18231,3,3
18232,3,5
18233,2,2
18234,2,9
18235,3,3
18236,1,2
18237,3,7
18238,5,6
18239,4,5
18240,3,5
18241,3,3
18242,0,8
18243,3,3
18244,2,3
18245,3,5
18246,2,2
18247,8,8
18248,6,7
18249,3,3
18250,4,4
18251,7,7
18252,1,4
18253,6,6
18254,2,3
18255,2,2
18256,7,8
18257,5,7
18258,5,5
18259,2,2
18260,1,3
18261,6,6
18262,6,8
18263,2,2
18264,2,4
18265,4,4
18266,0,5
18267,2,2
18268,1,6
18269,4,4
18270,5,7
18271,2,2
18272,4,4
18273,8,8
18274,3,4
18275,9,9
18276,2,7
18277,2,5
18278,3,5
18279,4,8
18280,2,2
18281,2,2
18282,3,6
18283,1,1
18284,6,8
18285,3,3
18286,2,3
18287,4,4
18288,3,4
18289,2,2
18290,4,4
18291,5,5
18292,5,6
18293,6,6
18294,3,4
18295,5,5
18296,2,2
18297,7,7
18298,5,8
18299,4,5
18300,0,2
18301,3,3
18302,5,6
18303,5,5
18304,0,6
18305,8,8
18306,2,2
18307,4,4
18308,2,4
18309,6,6
18310,4,7
18311,6,6
18312,2,5
18313,3,5
18314,1,5
18315,4,4
18316,0,3
18317,3,4
18318,0,6
18319,1,1
18320,4,7
18321,5,5
18322,5,9
18323,4,5
18324,3,5
18325,3,3
18326,2,2
18327,2,2
18328,2,6
18329,4,6
18330,0,4
18331,8,8
18332,4,5
18333,2,2
18334,2,5
18335,2,2
18336,3,6
18337,4,5
18338,2,2
18339,2,6
18340,1,8
18341,2,2
18342,5,9
18343,3,3
18344,5,6
18345,5,5
18346,2,2
18347,7,7
18348,5,6
18349,5,5
18350,2,3
18351,6,7
18352,2,2
18353,5,6
18354,2,2
18355,5,5
18356,3,8
18357,6,6
18358,3,7
18359,2,4
18360,1,6
18361,5,5
18362,4,7
18363,6,7
18364,1,4
18365,2,5
18366,1,2
18367,7,7
18368,2,3
18369,4,4
18370,4,7
18371,6,8
18372,4,7
18373,4,4
18374,2,4
18375,6,6
18376,3,6
18377,5,5
18378,6,6
18379,7,7
18380,5,6
18381,5,5
18382,4,4
18383,6,6
18384,2,4
18385,1,1
18386,1,2
18387,3,3
18388,3,3
18389,4,4
18390,3,4
18391,2,8
18392,0,4
18393,2,4
18394,3,3
18395,3,3
18396,2,5
18397,4,4
18398,7,8
18399,2,3
18400,2,2
18401,3,3
18402,3,4
18403,4,7
18404,3,7
18405,3,4
18406,2,4
18407,3,5
18408,7,8
18409,3,3
18410,3,4
18411,8,8
18412,0,6
18413,3,5
18414,4,6
18415,2,8
18416,6,6
18417,3,3
18418,1,2
18419,5,7
18420,2,3
18421,4,5
18422,4,5
18423,2,2
18424,2,5
18425,6,6
18426,4,8
18427,3,8
18428,2,4
18429,5,5
18430,5,5
18431,4,4
18432,2,6
18433,4,4
18434,7,7
18435,7,8
18436,5,7
18437,3,3
18438,0,7
18439,2,4
18440,2,3
18441,5,5
18442,3,6
18443,7,8
18444,1,2
18445,1,1
18446,3,8
18447,5,5
18448,4,5
18449,5,7
18450,4,6
18451,5,5
18452,2,2
18453,7,7
18454,4,4
18455,2,7
18456,3,3
18457,3,3
18458,2,5
18459,3,8
18460,3,6
18461,2,2
18462,2,3
18463,6,6
18464,1,6
18465,4,6
18466,4,6
18467,2,2
18468,1,2
18469,6,6
18470,1,4
18471,7,7
18472,5,5
18473,7,8
18474,1,7
18475,4,4
18476,1,3
18477,2,4
18478,7,8
18479,3,3
18480,1,2
18481,5,5
18482,4,7
18483,3,7
18484,5,6
18485,4,5
18486,6,7
18487,8,9
18488,2,2
18489,4,4
18490,4,6
18491,3,7
18492,3,6
18493,4,5
18494,4,4
18495,4,4
18496,0,3
18497,2,2
18498,3,4
18499,3,3
18500,2,6
18501,6,6
18502,4,5
18503,3,4
18504,0,3
18505,4,6
18506,4,5
18507,4,4
18508,4,5
18509,3,3
18510,3,8
18511,5,5
18512,0,3
18513,3,6
18514,3,5
18515,6,6
18516,3,7
18517,4,4
18518,4,5
18519,5,6
18520,4,5
18521,7,7
18522,3,5
18523,2,8
18524,1,3
18525,6,6
18526,4,6
18527,6,6
18528,4,8
18529,3,7
18530,2,6
18531,4,4
18532,3,3
18533,2,3
18534,3,6
18535,4,4
18536,6,7
18537,5,5
18538,1,3
18539,3,3
18540,6,7
18541,3,4
18542,2,2
18543,5,5
18544,1,2
18545,2,2
18546,4,4
18547,7,7
18548,3,5
18549,3,3
18550,5,5
18551,5,5
18552,2,2
18553,5,5
18554,3,6
18555,2,2
18556,1,4
18557,2,2
18558,3,3
18559,7,7
18560,3,3
18561,5,5
18562,1,5
18563,2,2
18564,2,7
18565,2,3
18566,6,6
18567,4,5
18568,2,2
18569,4,6
18570,6,7
18571,4,5
18572,4,4
18573,3,6
18574,3,5
18575,2,2
18576,3,4
18577,4,5
18578,3,4
18579,8,8
18580,1,7
18581,5,6
18582,2,2
18583,4,4
18584,2,6
18585,5,5
18586,2,3
18587,5,5
18588,0,3
18589,5,5
18590,5,6
18591,4,4
18592,3,5
18593,4,4
18594,2,3
18595,2,2
18596,5,7
18597,2,2
18598,3,6
18599,4,6
18600,4,5
18601,5,5
18602,3,3
18603,2,2
18604,0,3
18605,1,1
18606,1,3
18607,4,4
18608,5,7
18609,2,2
18610,4,4
18611,6,7
18612,1,4
18613,5,5
18614,2,6
18615,7,8
18616,2,2
18617,2,5
18618,1,8
18619,3,3
18620,1,3
18621,6,7
18622,1,3
18623,2,2
18624,3,3
18625,3,5
18626,1,5
18627,2,2
18628,4,8
18629,4,4
18630,4,6
18631,2,2
18632,4,6
18633,4,7
18634,3,3
18635,5,6
18636,2,4
18637,2,2
18638,3,3
18639,3,3
18640,2,7
18641,2,6
18642,2,5
18643,6,6
18644,0,7
18645,1,1
18646,1,5
18647,4,8
18648,3,4
18649,4,4
18650,2,4
18651,5,7
18652,3,4
18653,3,5
18654,3,5
18655,3,3
18656,0,3
18657,4,4
18658,3,4
18659,4,5
18660,1,2
18661,6,6
18662,4,5
18663,3,3
18664,3,5
18665,2,5
18666,5,7
18667,2,2
18668,1,6
18669,5,5
18670,5,5
18671,2,3
18672,1,2
18673,3,5
18674,4,6
18675,5,8
18676,4,6
18677,4,4
18678,1,1
18679,6,6
18680,4,5
18681,5,5
18682,1,2
18683,3,3
18684,3,6
18685,5,5
18686,4,5
18687,3,3
18688,2,3
18689,6,7
18690,0,5
18691,4,5
18692,1,3
18693,2,2
18694,1,4
18695,3,8
18696,2,2
18697,5,5
18698,3,4
18699,7,7
18700,4,8
18701,7,7
18702,1,3
18703,2,2
18704,1,2
18705,6,6
18706,7,7
18707,5,5
18708,2,3
18709,2,2
18710,5,7
18711,3,3
18712,4,6
18713,8,8
18714,7,8
18715,2,2
18716,2,5
18717,4,4
18718,4,7
18719,2,2
18720,1,3
18721,6,6
18722,1,3
18723,4,4
18724,0,2
18725,6,6
18726,3,4
18727,2,4
18728,0,6
18729,4,6
18730,5,5
18731,4,7
18732,1,7
18733,4,5
18734,2,5
18735,5,5
18736,1,5
18737,6,6
18738,4,6
18739,3,4
18740,5,6
18741,7,8
18742,6,7
18743,2,2
18744,2,6
18745,7,7
18746,2,4
18747,4,4
18748,3,6
18749,3,4
18750,3,7
18751,4,4
18752,3,4
18753,4,6
18754,5,6
18755,2,2
18756,1,5
18757,4,5
18758,4,6
18759,2,2
18760,6,8
18761,3,3
18762,5,5
18763,4,4
18764,3,7
18765,4,4
18766,7,7
18767,3,7
18768,0,8
18769,7,7
18770,6,9
18771,4,4
18772,5,8
18773,3,4
18774,3,3
18775,4,4
18776,4,5
18777,3,3
18778,6,7
18779,3,7
18780,4,4
18781,3,3
18782,1,2
18783,5,5
18784,1,2
18785,3,4
18786,1,5
18787,2,4
18788,2,3
18789,3,3
18790,4,5
18791,6,7
18792,2,4
18793,3,6
18794,2,4
18795,6,6
18796,3,5
18797,4,4
18798,4,4
18799,2,2
18800,4,4
18801,2,3
18802,2,6
18803,3,3
18804,1,7
18805,6,8
18806,5,8
18807,6,7
18808,4,7
18809,2,2
18810,4,5
18811,6,6
18812,4,4
18813,5,5
18814,3,4
18815,2,4
18816,3,3
18817,2,2
18818,0,6
18819,3,3
18820,5,6
18821,7,7
18822,4,5
18823,2,5
18824,6,8
18825,6,6
18826,1,3
18827,4,6
18828,3,3
18829,2,2
18830,1,3
18831,5,5
18832,7,8
18833,7,7
18834,3,7
18835,4,4
18836,2,2
18837,6,7
18838,2,3
18839,5,5
18840,3,5
18841,2,8
18842,6,8
18843,5,5
18844,1,1
18845,2,3
18846,2,3
18847,2,5
18848,2,6
18849,4,5
18850,3,4
18851,7,7
18852,6,7
18853,6,6
18854,1,2
18855,2,8
18856,1,2
18857,7,8
18858,0,5
18859,5,5
18860,7,8
18861,3,6
18862,0,1
18863,5,6
18864,4,4
18865,4,4
18866,0,1
18867,4,8
18868,4,4
18869,4,5
18870,3,6
18871,7,8
18872,4,5
18873,6,6
18874,0,4
18875,7,7
18876,2,2
18877,2,2
18878,2,4
18879,3,3
18880,1,2
18881,4,4
18882,5,6
18883,4,6
18884,2,4
18885,3,5
18886,1,2
18887,3,3
18888,2,2
18889,3,7
18890,6,7
18891,7,7
18892,2,4
18893,6,6
18894,6,6
18895,2,3
18896,2,5
18897,4,4
18898,5,6
18899,6,6
18900,3,3
18901,2,2
18902,1,4
18903,7,7
18904,3,6
18905,3,3
18906,5,8
18907,2,2
18908,4,7
18909,2,4
18910,3,5
18911,5,5
18912,1,1
18913,5,6
18914,2,3
18915,2,6
18916,7,7
18917,5,5
18918,4,6
18919,5,6
18920,1,2
18921,3,3
18922,1,2
18923,2,2
18924,2,3
18925,5,7
18926,4,6
18927,4,8
18928,2,3
18929,7,7
18930,1,3
18931,8,8
18932,1,2
18933,6,6
18934,3,6
18935,3,3
18936,3,5
18937,4,4
18938,5,6
18939,7,7
18940,1,4
18941,2,5
18942,2,5
18943,6,6
18944,3,7
18945,7,7
18946,4,6
18947,3,6
18948,3,5
18949,1,1
18950,2,3
18951,5,5
18952,4,6
18953,6,6
18954,4,7
18955,2,2
18956,1,2
18957,2,2
18958,2,3
18959,5,6
18960,4,4
18961,5,8
18962,1,3
18963,8,8
18964,3,7
18965,7,7
18966,3,4
18967,5,5
18968,2,5
18969,3,3
18970,2,3
18971,3,3
18972,4,8
18973,6,8
18974,2,4
18975,2,2
18976,2,2
18977,7,7
18978,0,2
18979,4,4
18980,2,2
18981,2,2
18982,0,5
18983,5,6
18984,1,8
18985,8,8
18986,4,5
18987,5,8
18988,3,6
18989,5,5
18990,8,8
18991,3,5
18992,3,5
18993,7,7
18994,6,8
18995,6,7
18996,1,3
18997,5,8
18998,3,6
18999,5,5
19000,1,4
19001,7,7
19002,4,8
19003,6,6
19004,0,2
19005,3,6
19006,3,5
19007,2,2
19008,3,3
19009,6,7
19010,3,7
19011,4,4
19012,7,8
19013,7,7
19014,1,2
19015,5,5
19016,1,2
19017,6,7
19018,1,2
19019,4,4
19020,3,6
19021,6,7
19022,0,3
19023,2,2
19024,6,6
19025,6,9
19026,0,7
19027,5,6
19028,0,7
19029,3,4
19030,0,3
19031,5,5
19032,4,4
19033,2,2
19034,2,2
19035,4,7
19036,5,5
19037,2,5
19038,2,2
19039,2,2
19040,4,7
19041,3,5
19042,3,4
19043,2,2
19044,1,6
19045,6,6
19046,0,5
19047,4,8
19048,1,4
19049,6,6
19050,6,6
19051,2,3
19052,3,5
19053,6,6
19054,4,4
19055,5,8
19056,5,7
19057,3,3
19058,5,6
19059,6,6
19060,1,8
19061,2,2
19062,0,2
19063,2,2
19064,2,2
19065,2,2
19066,4,6
19067,5,5
19068,7,9
19069,2,7
19070,1,6
19071,3,3
19072,1,2
19073,6,6
19074,3,6
19075,6,6
19076,1,8
19077,7,7
19078,6,8
19079,6,8
19080,4,7
19081,5,5
19082,2,5
19083,4,4
19084,4,7
19085,6,6
19086,4,6
19087,3,6
19088,4,6
19089,8,8
19090,6,7
19091,3,3
19092,0,5
19093,5,5
19094,3,5
19095,2,2
19096,1,4
19097,7,7
19098,2,6
19099,5,5
19100,1,2
19101,2,7
19102,6,7
19103,2,2
19104,4,6
19105,4,4
19106,4,4
19107,5,8
19108,4,6
19109,3,3
19110,4,7
19111,5,5
19112,1,2
19113,4,4
19114,4,6
19115,3,3
19116,3,4
19117,3,3
19118,2,3
19119,7,7
19120,7,8
19121,3,3
19122,3,3
19123,4,4
19124,2,7
19125,3,3
19126,2,3
19127,2,3
19128,3,6
19129,2,2
19130,3,5
19131,3,4
19132,2,4
19133,3,4
19134,3,3
19135,4,4
19136,0,6
19137,5,5
19138,0,4
19139,2,2
19140,2,2
19141,3,7
19142,2,5
19143,2,6
19144,0,6
19145,4,4
19146,2,4
19147,6,6
19148,4,4
19149,7,8
19150,1,4
19151,6,8
19152,4,6
19153,4,8
19154,3,5
19155,6,7
19156,2,4
19157,3,5
19158,2,3
19159,4,4
19160,5,7
19161,6,7
19162,2,6
19163,2,3
19164,4,7
19165,3,3
19166,6,6
19167,5,5
19168,2,3
19169,6,6
19170,6,6
19171,4,4
19172,0,2
19173,6,6
19174,5,7
19175,3,3
19176,2,4
19177,7,7
19178,1,5
19179,2,2
19180,2,6
19181,7,7
19182,3,4
19183,8,8
19184,1,3
19185,5,5
19186,1,2
19187,7,7
19188,2,6
19189,5,5
19190,4,6
19191,7,7
19192,4,6
19193,5,5
19194,5,6
19195,2,5
19196,2,6
19197,3,8
19198,1,2
19199,4,4
19200,3,4
19201,3,3
19202,6,8
19203,4,4
19204,2,8
19205,3,6
19206,3,7
19207,3,3
19208,4,7
19209,3,3
19210,1,2
19211,5,5
19212,0,5
19213,2,2
19214,3,4
19215,2,5
19216,5,6
19217,6,6
19218,1,3
19219,7,8
19220,1,3
19221,4,4
19222,5,8
19223,2,2
19224,3,6
19225,5,5
19226,2,4
19227,2,8
19228,0,2
19229,5,5
19230,4,5
19231,5,5
19232,3,4
19233,3,6
19234,2,3
19235,4,6
19236,4,5
19237,2,2
19238,0,4
19239,2,4
19240,4,7
19241,7,9
19242,0,2
19243,2,2
19244,2,2
19245,3,3
19246,5,5
19247,3,3
19248,3,6
19249,2,2
19250,2,7
19251,7,8
19252,2,2
19253,2,8
19254,2,5
19255,3,7
19256,2,5
19257,4,6
19258,4,5
19259,1,1
19260,2,7
19261,4,6
19262,2,2
19263,2,2
19264,6,6
19265,7,8
19266,2,2
19267,5,5
19268,2,4
19269,8,8
19270,3,4
19271,7,7
19272,0,5
19273,6,6
19274,4,5
19275,8,8
19276,5,8
19277,6,6
19278,2,4
19279,5,6
19280,2,5
19281,6,6
19282,5,6
19283,3,3
19284,0,6
19285,2,6
19286,2,2
19287,3,3
19288,1,2
19289,2,4
19290,2,4
19291,4,5
19292,4,4
19293,2,2
19294,2,4
19295,3,3
19296,2,6
19297,3,3
19298,6,7
19299,1,1
19300,4,4
19301,2,5
19302,2,4
19303,7,7
19304,4,4
19305,7,7
19306,0,4
19307,4,4
19308,4,5
19309,5,5
19310,5,8
19311,6,6
19312,0,3
19313,7,7
19314,3,7
19315,6,7
19316,2,3
19317,2,2
19318,4,5
19319,2,2
19320,4,7
19321,2,2
19322,2,3
19323,4,4
19324,5,7
19325,2,2
19326,1,2
19327,6,6
19328,3,4
19329,2,2
19330,3,7
19331,2,3
19332,4,7
19333,5,8
19334,1,2
19335,4,4
19336,0,4
19337,4,4
19338,4,7
19339,2,5
19340,3,8
19341,3,3
19342,4,5
19343,3,3
19344,0,6
19345,4,4
19346,1,2
19347,2,2
19348,0,8
19349,2,4
19350,1,2
19351,3,5
19352,3,7
19353,6,6
19354,4,4
19355,7,7
19356,5,8
19357,4,4
19358,2,2
19359,4,4
19360,3,3
19361,3,3
19362,4,4
19363,2,2
19364,3,4
19365,3,6
19366,5,6
19367,7,7
19368,1,7
19369,4,4
19370,3,3
19371,6,8
19372,2,7
19373,2,7
19374,3,4
19375,4,5
19376,1,10
19377,3,8
19378,2,4
19379,3,8
19380,6,8
19381,2,2
19382,1,4
19383,6,7
19384,1,7
19385,6,6
19386,0,4
19387,5,5
19388,1,2
19389,5,5
19390,5,6
19391,1,1
19392,7,8
19393,2,3
19394,4,7
19395,6,6
19396,1,9
19397,2,2
19398,5,7
19399,3,3
19400,5,7
19401,2,3
19402,1,3
19403,5,7
19404,0,5
19405,7,7
19406,4,5
19407,7,7
19408,0,6
19409,2,6
19410,5,7
19411,6,6
19412,4,7
19413,5,6
19414,2,5
19415,7,7
19416,3,8
19417,6,7
19418,4,4
19419,2,2
19420,2,5
19421,2,7
19422,0,2
19423,5,6
19424,2,6
19425,5,5
19426,4,4
19427,3,3
19428,3,6
19429,2,7
19430,3,4
19431,7,7
19432,0,4
19433,4,4
19434,1,6
19435,5,5
19436,5,5
19437,4,4
19438,0,4
19439,6,6
19440,3,6
19441,4,4
19442,0,8
19443,4,4
19444,4,5
19445,6,7
19446,6,8
19447,2,8
19448,5,7
19449,6,6
19450,1,3
19451,5,6
19452,2,5
19453,3,3
19454,1,7
19455,5,7
19456,6,8
19457,2,3
19458,6,7
19459,7,8
19460,5,8
19461,6,6
19462,1,4
19463,4,5
19464,1,3
19465,5,5
19466,3,4
19467,5,5
19468,1,4
19469,5,8
19470,1,2
19471,5,6
19472,4,6
19473,3,3
19474,3,4
19475,8,8
19476,3,4
19477,5,5
19478,1,2
19479,6,7
19480,1,4
19481,5,5
19482,4,5
19483,3,4
19484,3,6
19485,3,3
19486,6,7
19487,3,3
19488,4,4
19489,2,2
19490,2,2
19491,4,4
19492,5,8
19493,6,7
19494,4,4
19495,3,3
19496,1,2
19497,3,5
19498,1,8
19499,3,5
19500,5,7
19501,6,6
19502,5,6
19503,3,3
19504,5,7
19505,7,7
19506,4,6
19507,7,7
19508,5,5
19509,4,4
19510,1,8
19511,4,4
19512,5,8
19513,4,4
19514,0,5
19515,3,3
19516,4,7
19517,6,7
19518,1,2
19519,6,8
19520,2,4
19521,7,7
19522,3,3
19523,6,6
19524,3,5
19525,4,5
19526,4,4
19527,3,3
19528,5,6
19529,8,8
19530,5,5
19531,5,5
19532,1,3
19533,6,7
19534,4,8
19535,1,1
19536,1,4
19537,4,6
19538,3,3
19539,7,7
19540,4,5
19541,2,7
19542,1,2
19543,2,2
19544,3,4
19545,2,2
19546,1,8
19547,2,5
19548,0,7
19549,2,2
19550,2,3
19551,2,2
19552,3,4
19553,5,6
19554,1,4
19555,4,5
19556,2,9
19557,3,5
19558,4,5
19559,6,6
19560,3,4
19561,3,8
19562,1,2
19563,2,2
19564,1,4
19565,5,7
19566,2,6
19567,4,4
19568,5,5
19569,3,7
19570,3,5
19571,7,7
19572,1,4
19573,3,4
19574,5,7
19575,3,8
19576,4,5
19577,3,3
19578,5,5
19579,5,5
19580,1,2
19581,5,5
19582,2,3
19583,2,3
19584,1,2
19585,5,5
19586,1,2
19587,2,4
19588,5,7
19589,2,2
19590,1,3
19591,2,2
19592,1,5
19593,7,7
19594,4,7
19595,2,2
19596,0,2
19597,4,4
19598,5,6
19599,2,8
19600,1,2
19601,6,6
19602,5,6
19603,5,5
19604,2,4
19605,2,2
19606,3,7
19607,3,3
19608,4,7
19609,7,7
19610,0,7
19611,3,3
19612,1,2
19613,3,3
19614,1,2
19615,4,8
19616,5,6
19617,3,3
19618,1,2
19619,7,8
19620,0,2
19621,2,3
19622,1,2
19623,6,7
19624,3,5
19625,3,3
19626,5,8
19627,4,4
19628,3,7
19629,4,5
19630,0,4
19631,3,3
19632,7,9
19633,5,7
19634,7,8
19635,3,3
19636,3,3
19637,2,3
19638,1,3
19639,3,6
19640,2,5
19641,6,6
19642,7,8
19643,3,3
19644,1,4
19645,4,4
19646,1,5
19647,5,5
19648,3,7
19649,3,3
19650,5,7
19651,5,9
19652,4,8
19653,6,6
19654,2,2
19655,6,6
19656,1,6
19657,4,6
19658,2,3
19659,3,5
19660,4,4
19661,3,3
19662,3,3
19663,3,3
19664,5,7
19665,7,7
19666,3,7
19667,3,4
19668,3,6
19669,2,2
19670,2,3
19671,2,2
19672,0,6
19673,2,2
19674,2,3
19675,2,7
19676,0,2
19677,2,2
19678,4,6
19679,6,6
19680,3,3
19681,2,4
19682,3,4
19683,7,7
19684,2,3
19685,3,5
19686,6,8
19687,6,7
19688,0,4
19689,5,5
19690,1,2
19691,3,4
19692,2,4
19693,8,8
19694,4,7
19695,4,4
19696,2,3
19697,5,5
19698,3,5
19699,7,8
19700,1,2
19701,5,5
19702,2,3
19703,3,4
19704,4,7
19705,3,3
19706,1,3
19707,1,1
19708,5,5
19709,4,4
19710,1,2
19711,7,7
19712,5,6
19713,6,6
19714,3,3
19715,2,2
19716,2,3
19717,6,6
19718,5,6
19719,6,6
19720,4,7
19721,7,7
19722,3,6
19723,6,8
19724,4,5
19725,2,3
19726,4,6
19727,2,2
19728,1,5
19729,2,2
19730,0,2
19731,5,5
19732,3,4
19733,6,6
19734,4,6
19735,2,3
19736,0,5
19737,2,2
19738,0,2
19739,6,7
19740,5,6
19741,2,2
19742,1,3
19743,4,7
19744,3,4
19745,3,3
19746,2,5
19747,4,4
19748,2,4
19749,2,2
19750,1,6
19751,2,2
19752,4,8
19753,3,4
19754,4,5
19755,2,2
19756,4,7
19757,2,2
19758,2,2
19759,3,3
19760,2,6
19761,6,8
19762,2,2
19763,4,4
19764,1,7
19765,3,3
19766,1,2
19767,4,6
19768,2,2
19769,2,3
19770,4,8
19771,4,7
19772,5,6
19773,2,2
19774,1,8
19775,5,5
19776,4,4
19777,4,4
19778,0,3
19779,8,8
19780,6,9
19781,7,7
19782,2,6
19783,3,3
19784,2,7
19785,3,3
19786,4,5
19787,3,6
19788,3,7
19789,2,2
19790,3,6
19791,7,7
19792,3,7
19793,2,2
19794,5,7
19795,5,5
19796,2,3
19797,7,7
19798,3,5
19799,7,7
19800,5,5
19801,4,4
19802,1,7
19803,3,3
19804,1,5
19805,3,6
19806,3,3
19807,2,5
19808,2,2
19809,5,6
19810,5,7
19811,6,7
19812,4,8
19813,4,6
19814,1,2
19815,4,4
19816,3,3
19817,2,6
19818,5,7
19819,6,6
19820,5,5
19821,2,5
19822,4,4
19823,3,6
19824,0,7
19825,2,2
19826,2,7
19827,5,5
19828,3,4
19829,5,5
19830,6,7
19831,3,3
19832,6,7
19833,4,4
19834,1,5
19835,4,8
19836,1,4
19837,2,2
19838,1,5
19839,7,8
19840,2,6
19841,2,2
19842,2,6
19843,7,8
19844,3,7
19845,3,3
19846,0,2
19847,7,7
19848,0,8
19849,5,5
19850,4,6
19851,5,5
19852,2,3
19853,6,7
19854,4,7
19855,3,8
19856,3,6
19857,7,7
19858,1,8
19859,4,4
19860,5,6
19861,2,2
19862,2,2
19863,4,4
19864,1,1
19865,7,7
19866,3,3
19867,5,5
19868,2,6
19869,4,4
19870,3,5
19871,3,6
19872,1,3
19873,1,1
19874,6,8
19875,4,4
19876,1,9
19877,7,7
19878,0,2
19879,6,6
19880,3,7
19881,6,6
19882,2,2
19883,7,8
19884,5,5
19885,4,4
19886,2,2
19887,2,2
19888,3,7
19889,3,3
19890,2,3
19891,3,3
19892,4,5
19893,4,4
19894,5,8
19895,5,6
19896,6,7
19897,3,5
19898,5,6
19899,6,6
19900,3,3
19901,3,3
19902,6,6
19903,5,5
19904,3,3
19905,3,3
19906,5,7
19907,3,6
19908,2,4
19909,2,2
19910,2,2
19911,5,5
19912,4,7
19913,2,2
19914,2,3
19915,4,4
19916,0,7
19917,8,8
19918,4,4
19919,3,3
19920,5,5
19921,5,6
19922,1,2
19923,3,3
19924,3,8
19925,5,7
19926,3,6
19927,5,5
19928,1,3
19929,5,6
19930,5,6
19931,5,5
19932,4,6
19933,2,2
19934,3,7
19935,6,7
19936,0,8
19937,4,4
19938,3,3
19939,6,6
19940,4,8
19941,4,4
19942,3,6
19943,2,8
19944,1,4
19945,2,2
19946,3,4
19947,4,4
19948,2,2
19949,4,4
19950,1,6
19951,4,5
19952,1,2
19953,6,6
19954,1,7
19955,2,2
19956,3,3
19957,8,8
19958,3,3
19959,5,8
19960,1,3
19961,4,6
19962,5,6
19963,2,2
19964,4,4
19965,5,5
19966,0,5
19967,3,3
19968,1,2
19969,2,6
19970,1,3
19971,3,6
19972,4,5
19973,4,4
19974,3,4
19975,3,3
19976,3,5
19977,6,6
19978,2,2
19979,2,2
19980,3,4
19981,2,2
19982,2,4
19983,5,5
19984,3,3
19985,4,4
19986,2,8
19987,5,6
19988,2,2
19989,5,5
19990,4,7
19991,2,2
19992,4,5
19993,2,4
19994,0,4
19995,3,6
19996,6,7
19997,5,5
19998,6,8
19999,5,5
20000,0,4
20001,5,5
20002,0,5
20003,3,3
20004,3,3
20005,6,7
20006,0,4
20007,7,7
20008,0,3
20009,3,3
20010,3,4
20011,2,2
20012,4,5
20013,2,8
20014,4,7
20015,2,5
20016,3,3
20017,2,2
20018,3,4
20019,4,4
20020,6,6
20021,2,2
20022,2,3
20023,8,8
20024,4,5
20025,6,6
20026,1,1
20027,4,4
20028,7,7
20029,2,4
20030,0,5
20031,2,7
20032,3,4
20033,7,7
20034,0,4
20035,3,3
20036,1,3
20037,4,4
20038,1,4
20039,2,8
20040,2,2
20041,2,6
20042,1,4
20043,2,2
20044,2,7
20045,6,6
20046,2,3
20047,2,2
20048,4,7
20049,4,4
20050,1,2
20051,6,8
20052,2,2
20053,2,2
20054,4,4
20055,5,5
20056,2,3
20057,7,8
20058,2,2
20059,6,6
20060,1,6
20061,3,3
20062,3,4
20063,4,7
20064,6,7
20065,4,6
20066,2,2
20067,6,7
20068,1,7
20069,2,2
20070,2,3
20071,5,5
20072,1,4
20073,5,5
20074,2,6
20075,5,5
20076,0,6
20077,5,6
20078,1,5
20079,2,2
20080,3,4
20081,6,6
20082,7,8
20083,5,5
20084,4,4
20085,3,3
20086,0,6
20087,6,8
20088,4,6
20089,4,4
20090,2,4
20091,2,2
20092,2,3
20093,2,2
20094,5,8
20095,5,5
20096,3,7
20097,4,4
20098,3,6
20099,4,4
20100,5,6
20101,3,3
20102,2,8
20103,9,9
20104,0,4
20105,2,4
20106,4,4
20107,6,7
20108,6,7
20109,2,2
20110,1,3
20111,3,3
20112,3,3
20113,4,6
20114,1,5
20115,8,9
20116,0,3
20117,4,8
20118,2,2
20119,5,5
20120,3,4
20121,2,4
20122,2,3
20123,6,6
20124,2,2
20125,6,7
20126,5,8
20127,6,6
20128,2,2
20129,4,6
20130,4,5
20131,5,6
20132,1,2
20133,2,2
20134,2,3
20135,7,8
20136,3,3
20137,2,2
20138,2,7
20139,6,7
20140,7,8
20141,4,4
20142,1,3
20143,5,5
20144,2,4
20145,2,5
20146,5,8
20147,5,5
20148,5,5
20149,5,8
20150,4,6
20151,2,2
20152,4,4
20153,4,8
20154,4,4
20155,3,7
20156,6,7
20157,4,4
20158,2,7
20159,7,7
20160,0,4
20161,6,6
20162,0,2
20163,2,2
20164,1,4
20165,3,7
20166,1,1
20167,3,4
20168,5,7
20169,2,2
20170,4,6
20171,3,3
20172,2,2
20173,8,8
20174,4,6
20175,2,2
20176,2,6
20177,3,3
20178,1,8
20179,5,6
20180,4,6
20181,7,8
20182,2,3
20183,4,6
20184,2,5
20185,6,6
20186,0,2
20187,5,5
20188,6,6
20189,7,7
20190,1,6
20191,3,6
20192,2,7
20193,4,4
20194,1,3
20195,2,2
20196,7,7
20197,6,6
20198,5,7
20199,9,9
20200,1,6
20201,5,7
20202,5,6
20203,8,8
20204,6,7
20205,2,2
20206,3,4
20207,4,4
20208,8,9
20209,8,8
20210,4,7
20211,3,3
20212,2,2
20213,3,7
20214,0,2
20215,5,6
20216,4,6
20217,3,6
20218,1,6
20219,4,4
20220,1,2
20221,3,8
20222,2,2
20223,2,2
20224,3,6
20225,3,8
20226,2,2
20227,3,3
20228,1,2
20229,3,6
20230,1,2
20231,6,6
20232,0,2
20233,5,5
20234,4,4
20235,3,3
20236,6,8
20237,3,3
20238,4,7
20239,5,5
20240,3,5
20241,5,5
20242,2,3
20243,8,8
20244,1,4
20245,3,3
20246,2,5
20247,2,2
20248,2,3
20249,2,3
20250,5,6
20251,7,7
20252,1,6
20253,3,3
20254,1,4
20255,3,5
20256,1,5
20257,5,7
20258,0,3
20259,2,2
20260,3,5
20261,2,2
20262,3,7
20263,2,2
20264,2,6
20265,2,2
20266,3,5
20267,2,2
20268,5,5
20269,3,3
20270,0,5
20271,5,8
20272,0,5
20273,2,2
20274,2,3
20275,3,3
20276,5,6
20277,8,8
20278,1,2
20279,4,5
20280,3,7
20281,2,2
20282,4,5
20283,2,2
20284,4,5
20285,4,4
20286,3,4
20287,4,5
20288,1,3
20289,2,3
20290,5,7
20291,2,3
20292,4,4
20293,3,3
20294,5,6
20295,2,2
20296,4,5
20297,7,7
20298,2,3
20299,5,5
20300,5,7
20301,4,4
20302,1,6
20303,6,6
20304,3,4
20305,2,2
20306,1,3
20307,6,6
20308,5,7
20309,6,6
20310,2,4
20311,2,2
20312,3,5
20313,3,3
20314,1,3
20315,7,7
20316,3,9
20317,5,5
20318,1,4
20319,4,5
20320,6,8
20321,4,4
20322,0,3
20323,7,7
20324,5,5
20325,3,3
20326,1,7
20327,5,5
20328,5,6
20329,5,5
20330,2,5
20331,7,7
20332,2,2
20333,2,2
20334,4,4
20335,3,5
20336,2,4
20337,2,2
20338,3,6
20339,5,8
20340,5,5
20341,5,5
20342,3,6
20343,5,5
20344,5,5
20345,4,4
20346,1,2
20347,3,6
20348,4,6
20349,5,5
20350,6,7
20351,2,7
20352,3,4
20353,6,7
20354,3,7
20355,5,6
20356,2,2
20357,5,5
20358,3,7
20359,2,2
20360,1,4
20361,3,3
20362,3,5
20363,3,3
20364,0,2
20365,2,7
20366,3,7
20367,3,3
20368,0,3
20369,5,5
20370,1,2
20371,2,6
20372,3,3
20373,4,7
20374,2,2
20375,5,6
20376,0,1
20377,3,8
20378,2,7
20379,7,7
20380,2,2
20381,3,3
20382,1,8
20383,4,4
20384,2,2
20385,2,6
20386,2,3
20387,6,8
20388,4,4
20389,6,6
20390,4,5
20391,5,7
20392,3,3
20393,6,7
20394,6,7
20395,2,2
20396,1,1
20397,6,7
20398,5,7
20399,3,3
20400,2,3
20401,7,7
20402,2,4
20403,5,5
20404,0,7
20405,6,6
20406,7,8
20407,3,3
20408,6,7
20409,5,6
20410,4,5
20411,3,3
20412,3,5
20413,3,3
20414,5,6
20415,2,2
20416,2,3
20417,3,3
20418,2,6
20419,2,3
20420,6,7
20421,2,4
20422,0,2
20423,5,5
20424,0,2
20425,7,8
20426,3,5
20427,3,6
20428,4,4
20429,7,7
20430,2,4
20431,5,5
20432,1,4
20433,6,6
20434,3,4
20435,5,5
20436,1,2
20437,3,3
20438,3,4
20439,4,4
20440,4,5
20441,4,5
20442,4,4
20443,7,7
20444,5,5
20445,4,8
20446,2,3
20447,3,8
20448,3,8
20449,5,5
20450,0,3
20451,2,2
20452,2,7
20453,7,7
20454,5,6
20455,7,7
20456,1,2
20457,2,2
20458,1,4
20459,5,5
20460,2,3
20461,2,5
20462,4,7
20463,4,6
20464,1,5
20465,5,7
20466,6,6
20467,3,3
20468,0,7
20469,4,4
20470,1,3
20471,3,7
20472,5,7
20473,6,6
20474,6,9
20475,2,2
20476,2,2
20477,3,4
20478,3,5
20479,3,3
20480,1,8
20481,4,4
20482,1,6
20483,6,6
20484,1,3
20485,2,2
20486,4,7
20487,4,4
20488,4,6
20489,7,7
20490,2,5
20491,3,3
20492,4,5
20493,2,2
20494,2,4
20495,5,5
20496,1,7
20497,2,4
20498,1,3
20499,3,7
20500,3,4
20501,8,8
20502,3,4
20503,4,6
20504,1,2
20505,2,2
20506,4,6
20507,7,7
20508,1,3
20509,2,2
20510,1,2
20511,5,6
20512,1,5
20513,5,5
20514,4,6
20515,3,3
20516,1,7
20517,4,8
20518,6,8
20519,6,6
20520,7,7
20521,4,4
20522,5,7
20523,4,4
20524,2,7
20525,4,5
20526,2,6
20527,3,4
20528,1,2
20529,3,3
20530,1,3
20531,5,5
20532,1,5
20533,2,4
20534,2,5
20535,6,6
20536,0,2
20537,3,8
20538,7,8
20539,5,5
20540,1,2
20541,7,8
20542,1,5
20543,5,7
20544,4,4
20545,4,4
20546,1,4
20547,3,4
20548,5,7
20549,3,3
20550,3,4
20551,3,3
20552,3,4
20553,5,5
20554,2,4
20555,4,4
20556,6,8
20557,4,6
20558,1,1
20559,7,7
20560,3,4
20561,3,3
20562,0,5
20563,3,7
20564,4,8
20565,7,7
20566,0,2
20567,6,8
20568,5,5
20569,7,7
20570,5,8
20571,2,2
20572,1,3
20573,3,3
20574,4,6
20575,4,9
20576,5,6
20577,3,3
20578,4,6
20579,4,4
20580,4,4
20581,5,5
20582,3,5
20583,4,4
20584,1,3
20585,2,2
20586,4,8
20587,4,5
20588,4,5
20589,6,6
20590,2,3
20591,4,4
20592,8,8
20593,3,3
20594,1,3
20595,6,6
20596,3,6
20597,2,2
20598,0,7
20599,3,3
20600,4,5
20601,5,5
20602,3,4
20603,2,2
20604,0,2
20605,3,5
20606,2,6
20607,7,7
20608,2,2
20609,6,6
20610,5,6
20611,3,3
20612,3,5
20613,5,6
20614,3,5
20615,4,4
20616,6,8
20617,4,4
20618,2,2
20619,3,3
20620,4,6
20621,1,1
20622,2,2
20623,2,6
20624,3,5
20625,2,7
20626,5,6
20627,2,3
20628,2,7
20629,3,6
20630,2,3
20631,7,7
20632,1,2
20633,9,9
20634,2,2
20635,6,8
20636,1,3
20637,3,5
20638,4,4
20639,2,2
20640,0,2
20641,2,2
20642,5,5
20643,3,7
20644,4,5
20645,3,5
20646,3,5
20647,7,7
20648,6,7
20649,8,8
20650,8,8
20651,6,6
20652,0,4
20653,2,3
20654,3,4
20655,3,5
20656,6,7
20657,2,3
20658,3,3
20659,5,5
20660,5,7
20661,3,6
20662,3,4
20663,3,3
20664,1,3
20665,4,9
20666,5,8
20667,2,3
20668,2,5
20669,5,5
20670,2,3
20671,3,4
20672,0,5
20673,2,2
20674,3,3
20675,2,7
20676,2,2
20677,3,3
20678,4,7
20679,5,5
20680,4,6
20681,3,4
20682,3,5
20683,4,4
20684,2,6
20685,7,7
20686,4,6
20687,4,4
20688,4,7
20689,3,3
20690,7,7
20691,2,2
20692,6,8
20693,5,7
20694,2,4
20695,5,6
20696,4,8
20697,2,2
20698,4,4
20699,3,8
20700,4,5
20701,2,5
20702,4,5
20703,6,6
20704,1,4
20705,4,4
20706,6,6
20707,3,3
20708,6,8
20709,3,3
20710,0,5
20711,8,8
20712,4,5
20713,7,7
20714,5,6
20715,5,5
20716,2,4
20717,6,6
20718,0,7
20719,4,4
20720,3,4
20721,4,4
20722,3,4
20723,2,8
20724,2,2
20725,7,7
20726,2,3
20727,6,6
20728,4,4
20729,6,7
20730,2,5
20731,3,3
20732,3,4
20733,6,6
20734,1,5
20735,5,5
20736,3,3
20737,4,4
20738,3,3
20739,2,2
20740,0,1
20741,8,8
20742,5,6
20743,6,6
20744,2,6
20745,5,5
20746,4,7
20747,3,3
20748,3,6
20749,7,7
20750,3,4
20751,4,7
20752,1,4
20753,2,2
20754,4,4
20755,5,5
20756,1,8
20757,2,2
20758,3,6
20759,3,4
20760,5,7
20761,5,5
20762,4,6
20763,4,4
20764,6,6
20765,3,3
20766,5,7
20767,6,6
20768,4,8
20769,4,5
20770,4,7
20771,6,7
20772,0,4
20773,4,4
20774,3,5
20775,3,3
20776,2,6
20777,3,3
20778,3,6
20779,8,8
20780,0,6
20781,4,4
20782,2,3
20783,4,4
20784,3,3
20785,8,8
20786,2,4
20787,3,3
20788,7,7
20789,3,3
20790,5,7
20791,4,4
20792,2,3
20793,2,2
20794,1,8
20795,5,8
20796,2,4
20797,2,2
20798,0,2
20799,4,5
20800,0,1
20801,6,6
20802,3,3
20803,5,8
20804,4,5
20805,3,5
20806,2,4
20807,5,5
20808,5,5
20809,4,5
20810,1,3
20811,3,3
20812,1,2
20813,2,2
20814,0,1
20815,2,2
20816,1,2
20817,2,2
20818,6,7
20819,4,4
20820,4,5
20821,3,3
20822,5,8
20823,2,4
20824,5,6
20825,2,2
20826,3,4
20827,3,3
20828,2,3
20829,7,7
20830,2,4
20831,3,3
20832,3,6
20833,5,8
20834,4,7
20835,2,2
20836,3,4
20837,2,2
20838,3,3
20839,6,6
20840,3,6
20841,8,8
20842,4,5
20843,4,4
20844,6,8
20845,2,2
20846,3,3
20847,8,8
20848,2,3
20849,2,2
20850,2,2
20851,3,3
20852,6,6
20853,2,2
20854,4,6
20855,4,4
20856,3,8
20857,4,4
20858,0,5
20859,3,5
20860,4,4
20861,2,4
20862,1,3
20863,6,6
20864,4,6
20865,4,4
20866,3,5
20867,2,2
20868,3,3
20869,2,2
20870,2,5
20871,5,7
20872,2,7
20873,4,4
20874,4,5
20875,3,4
20876,4,4
20877,8,8
20878,2,5
20879,4,4
20880,2,4
20881,3,3
20882,3,6
20883,2,2
20884,1,2
20885,4,5
20886,4,6
20887,2,2
20888,4,7
20889,3,4
20890,2,3
20891,4,4
20892,3,6
20893,6,8
20894,1,6
20895,3,5
20896,3,6
20897,2,2
20898,1,2
20899,2,6
20900,1,1
20901,7,8
20902,1,6
20903,2,7
20904,2,5
20905,2,2
20906,1,5
20907,7,7
20908,4,4
20909,3,3
20910,7,7
20911,7,8
20912,5,5
20913,3,4
20914,1,2
20915,7,7
20916,1,4
20917,2,2
20918,3,4
20919,4,4
20920,5,5
20921,4,4
20922,0,7
20923,2,2
20924,5,7
20925,6,6
20926,4,7
20927,6,7
20928,0,1
20929,4,4
20930,0,6
20931,2,2
20932,3,4
20933,8,8
20934,2,2
20935,6,6
20936,2,2
20937,7,7
20938,3,4
20939,4,4
20940,0,5
20941,3,3
20942,1,6
20943,2,2
20944,4,8
20945,2,2
20946,1,2
20947,6,6
20948,3,4
20949,5,6
20950,5,5
20951,7,7
20952,0,6
20953,6,6
20954,1,4
20955,5,5
20956,1,5
20957,3,3
20958,6,6
20959,2,2
20960,4,5
20961,2,2
20962,3,4
20963,5,5
20964,2,3
20965,3,3
20966,4,7
20967,5,5
20968,6,8
20969,6,6
20970,1,4
20971,4,4
20972,5,8
20973,5,8
20974,2,3
20975,2,2
20976,2,4
20977,3,4
20978,2,3
20979,5,5
20980,3,3
20981,7,7
20982,3,3
20983,4,4
20984,4,5
20985,1,1
20986,2,6
20987,3,5
20988,2,2
20989,6,6
20990,5,7
20991,2,2
20992,3,4
20993,7,7
20994,3,3
20995,2,2
20996,1,7
20997,6,6
20998,2,2
20999,7,7
21000,3,4
21001,2,2
21002,0,6
21003,3,7
21004,3,8
21005,4,4
21006,2,4
21007,3,8
21008,3,4
21009,4,4
21010,3,7
21011,5,7
21012,2,6
21013,3,3
21014,3,5
21015,7,7
21016,3,6
21017,5,5
21018,3,6
21019,3,3
21020,3,3
21021,5,5
21022,2,2
21023,4,5
21024,1,8
21025,3,3
21026,0,3
21027,3,8
21028,4,5
21029,5,5
21030,4,6
21031,4,4
21032,5,5
21033,4,4
21034,5,6
21035,2,6
21036,3,4
21037,7,7
21038,4,7
21039,6,6
21040,2,3
21041,3,5
21042,2,6
21043,6,6
21044,6,6
21045,2,2
21046,2,4
21047,5,5
21048,5,5
21049,2,2
21050,4,6
21051,3,3
21052,2,7
21053,3,3
21054,3,5
21055,2,2
21056,6,6
21057,5,5
21058,3,4
21059,2,3
21060,4,8
21061,4,4
21062,6,7
21063,3,3
21064,3,5
21065,6,6
21066,1,5
21067,2,7
21068,6,8
21069,4,4
21070,4,6
21071,6,7
21072,7,8
21073,5,5
21074,1,5
21075,3,7
21076,0,4
21077,3,5
21078,2,3
21079,3,4
21080,3,5
21081,4,4
21082,1,2
21083,6,8
21084,6,8
21085,2,2
21086,6,7
21087,6,6
21088,1,4
21089,4,4
21090,3,4
21091,3,4
21092,2,7
21093,3,6
21094,1,5
21095,3,6
21096,4,8
21097,4,4
21098,1,4
21099,5,5
21100,4,4
21101,5,5
21102,1,3
21103,3,3
21104,2,7
21105,2,7
21106,1,3
21107,5,5
21108,3,3
21109,5,5
21110,1,3
21111,5,5
21112,3,4
21113,6,6
21114,1,2
21115,7,8
21116,1,2
21117,6,6
21118,1,4
21119,2,2
21120,2,2
21121,4,4
21122,5,6
21123,3,3
21124,2,7
21125,5,5
21126,1,2
21127,4,4
21128,2,2
21129,7,7
21130,7,8
21131,3,5
21132,3,7
21133,5,5
21134,5,8
21135,7,7
21136,4,4
21137,6,6
21138,0,7
21139,8,8
21140,2,4
21141,3,6
21142,1,2
21143,7,7
21144,2,3
21145,3,3
21146,4,4
21147,3,3
21148,6,6
21149,2,2
21150,3,8
21151,9,9
21152,0,7
21153,5,6
21154,2,7
21155,2,2
21156,1,7
21157,2,7
21158,2,3
21159,4,5
21160,5,7
21161,2,2
21162,5,6
21163,2,2
21164,3,5
21165,2,3
21166,0,2
21167,2,2
21168,2,6
21169,2,2
21170,3,3
21171,5,5
21172,1,1
21173,2,2
21174,3,4
21175,5,5
21176,2,2
21177,4,4
21178,0,6
21179,6,6
21180,2,6
21181,5,8
21182,6,7
21183,2,3
21184,2,8
21185,3,3
21186,3,6
21187,6,6
21188,1,2
21189,5,5
21190,3,4
21191,4,4
21192,4,4
21193,3,3
21194,0,2
21195,5,5
21196,5,7
21197,7,7
21198,3,5
21199,3,3
21200,3,3
21201,3,4
21202,2,5
21203,1,1
21204,3,6
21205,3,3
21206,6,7
21207,3,3
21208,6,7
21209,3,5
21210,6,7
21211,5,9
21212,3,3
21213,6,7
21214,1,8
21215,5,8
21216,1,4
21217,5,5
21218,4,7
21219,3,7
21220,3,4
21221,4,4
21222,4,5
21223,6,7
21224,5,6
21225,3,3
21226,2,5
21227,2,3
21228,1,2
21229,3,7
21230,6,8
21231,4,8
21232,2,2
21233,6,6
21234,3,3
21235,2,2
21236,4,4
21237,8,8
21238,2,5
21239,2,4
21240,4,8
21241,4,6
21242,2,2
21243,4,4
21244,4,8
21245,3,3
21246,2,4
21247,7,7
21248,3,7
21249,3,7
21250,5,7
21251,4,5
21252,3,7
21253,5,6
21254,2,3
21255,4,4
21256,1,6
21257,3,5
21258,3,4
21259,4,6
21260,4,5
21261,3,7
21262,3,4
21263,5,5
21264,2,2
21265,3,3
21266,3,3
21267,5,5
21268,0,4
21269,2,2
21270,5,5
21271,2,2
21272,0,3
21273,3,8
21274,0,5
21275,3,3
21276,1,5
21277,7,8
21278,0,2
21279,6,6
21280,2,3
21281,2,2
21282,1,7
21283,2,2
21284,1,2
21285,8,8
21286,4,6
21287,6,7
21288,1,1
21289,3,3
21290,2,7
21291,3,3
21292,3,3
21293,7,7
21294,4,4
21295,3,3
21296,4,7
21297,2,7
21298,0,3
21299,3,7
21300,2,3
21301,6,6
21302,3,4
21303,3,3
21304,1,3
21305,6,6
21306,4,6
21307,2,8
21308,0,4
21309,2,2
21310,6,8
21311,6,6
21312,2,5
21313,2,4
21314,4,7
21315,7,7
21316,5,6
21317,4,4
21318,4,5
21319,4,6
21320,5,6
21321,7,8
21322,1,5
21323,4,7
21324,1,2
21325,5,6
21326,0,3
21327,4,4
21328,4,4
21329,3,3
21330,4,4
21331,6,6
21332,3,9
21333,7,8
21334,2,8
21335,3,3
21336,3,5
21337,5,5
21338,4,4
21339,5,7
21340,2,4
21341,6,6
21342,1,2
21343,3,7
21344,6,7
21345,2,4
21346,2,3
21347,3,5
21348,2,3
21349,3,3
21350,1,5
21351,4,4
21352,2,3
21353,2,2
21354,2,2
21355,6,6
21356,1,3
21357,5,5
21358,4,4
21359,6,6
21360,1,5
21361,2,2
21362,2,6
21363,4,8
21364,1,2
21365,2,4
21366,2,2
21367,6,6
21368,3,3
21369,7,7
21370,1,4
21371,3,3
21372,3,7
21373,5,7
21374,4,7
21375,4,4
21376,4,7
21377,6,6
21378,4,5
21379,4,4
21380,1,8
21381,3,7
21382,2,3
21383,2,4
21384,3,4
21385,2,2
21386,4,6
21387,8,8
21388,1,6
21389,3,3
21390,2,5
21391,6,6
21392,3,3
21393,6,7
21394,3,4
21395,6,6
21396,0,4
21397,2,2
21398,5,5
21399,2,2
21400,5,8
21401,3,4
21402,7,8
21403,3,3
21404,0,5
21405,3,4
21406,2,4
21407,3,7
21408,6,8
21409,2,4
21410,1,4
21411,6,6
21412,0,2
21413,3,3
21414,4,5
21415,2,5
21416,2,8
21417,5,5
21418,3,3
21419,2,2
21420,4,5
21421,3,7
21422,3,5
21423,3,3
21424,4,6
21425,4,4
21426,3,7
21427,6,7
21428,5,7
21429,3,6
21430,5,8
21431,2,8
21432,1,4
21433,5,5
21434,3,4
21435,4,4
21436,4,5
21437,2,2
21438,1,8
21439,2,2
21440,0,2
21441,7,7
21442,4,6
21443,5,5
21444,3,7
21445,3,4
21446,2,2
21447,3,6
21448,1,2
21449,2,2
21450,4,6
21451,5,5
21452,3,5
21453,2,5
21454,3,6
21455,3,3
21456,1,4
21457,6,6
21458,5,5
21459,2,2
21460,5,6
21461,3,3
21462,2,2
21463,3,3
21464,1,6
21465,2,2
21466,3,3
21467,2,2
21468,4,5
21469,5,5
21470,5,6
21471,2,2
21472,3,5
21473,4,4
21474,4,7
21475,4,4
21476,4,6
21477,2,2
21478,2,2
21479,8,8
21480,0,2
21481,5,6
21482,1,8
21483,3,6
21484,3,7
21485,7,9
21486,2,4
21487,3,3
21488,6,7
21489,3,3
21490,6,8
21491,6,6
21492,1,3
21493,4,4
21494,0,7
21495,3,3
21496,5,6
21497,5,5
21498,1,2
21499,5,6
21500,5,6
21501,2,2
21502,5,5
21503,6,8
21504,0,5
21505,3,3
21506,4,6
21507,3,4
21508,2,2
21509,3,3
21510,3,6
21511,5,5
21512,2,7
21513,2,5
21514,3,4
21515,3,8
21516,1,6
21517,6,6
21518,1,2
21519,6,6
21520,4,7
21521,2,2
21522,3,3
21523,2,2
21524,2,3
21525,5,5
21526,3,5
21527,4,8
21528,3,4
21529,4,6
21530,2,5
21531,7,7
21532,1,2
21533,2,5
21534,2,2
21535,4,4
21536,6,6
21537,5,6
21538,1,5
21539,3,3
21540,3,7
21541,6,6
21542,4,5
21543,5,8
21544,2,5
21545,5,5
21546,2,2
21547,4,7
21548,2,5
21549,2,4
21550,3,6
21551,4,4
21552,3,6
21553,4,6
21554,3,5
21555,4,4
21556,5,6
21557,7,7
21558,2,2
21559,3,3
21560,0,2
21561,6,6
21562,7,7
21563,2,2
21564,3,4
21565,1,1
21566,8,8
21567,5,5
21568,2,3
21569,2,4
21570,1,5
21571,2,2
21572,1,6
21573,7,7
21574,1,7
21575,7,7
21576,0,2
21577,3,5
21578,1,7
21579,3,3
21580,3,3
21581,3,3
21582,2,3
21583,8,8
21584,3,6
21585,2,2
21586,0,3
21587,4,4
21588,1,3
21589,5,5
21590,1,4
21591,3,3
21592,3,3
21593,5,6
21594,1,6
21595,2,2
21596,5,7
21597,7,7
21598,6,6
21599,4,4
21600,0,7
21601,7,7
21602,5,8
21603,2,6
21604,6,8
21605,2,2
21606,4,6
21607,3,8
21608,4,6
21609,3,3
21610,2,5
21611,3,4
21612,1,8
21613,5,5
21614,4,6
21615,3,3
21616,2,8
21617,2,2
21618,1,2
21619,4,6
21620,2,5
21621,3,4
21622,4,5
21623,4,4
21624,1,4
21625,6,8
21626,4,4
21627,3,3
21628,2,2
21629,6,8
21630,2,4
21631,2,2
21632,3,4
21633,2,2
21634,2,5
21635,5,5
21636,6,7
21637,3,3
21638,5,6
21639,3,3
21640,2,3
21641,4,4
21642,2,2
21643,4,4
21644,1,4
21645,7,7
21646,1,3
21647,4,4
21648,6,8
21649,4,5
21650,3,6
21651,3,3
21652,2,2
21653,5,5
21654,3,4
21655,2,2
21656,2,2
21657,3,3
21658,4,4
21659,5,5
21660,0,6
21661,6,6
21662,1,6
21663,2,4
21664,0,8
21665,4,4
21666,1,2
21667,3,3
21668,2,2
21669,4,4
21670,4,7
21671,4,5
21672,1,5
21673,7,8
21674,3,5
21675,5,5
21676,4,4
21677,7,7
21678,6,7
21679,2,2
21680,6,8
21681,2,3
21682,1,7
21683,4,4
21684,4,7
21685,3,6
21686,4,5
21687,6,6
21688,5,6
21689,4,4
21690,4,4
21691,4,4
21692,1,5
21693,3,3
21694,2,2
21695,4,4
21696,1,7
21697,2,2
21698,5,5
21699,4,6
21700,6,8
21701,4,4
21702,2,4
21703,4,5
21704,4,4
21705,3,3
21706,2,6
21707,2,5
21708,1,2
21709,2,2
21710,3,3
21711,4,7
21712,2,3
21713,5,7
21714,4,6
21715,2,2
21716,3,8
21717,2,7
21718,2,3
21719,2,7
21720,2,3
21721,3,6
21722,3,4
21723,8,8
21724,0,4
21725,6,6
21726,0,2
21727,2,3
21728,0,2
21729,7,7
21730,3,4
21731,5,5
21732,1,7
21733,1,1
21734,3,5
21735,3,7
21736,6,6
21737,2,2
21738,3,7
21739,4,4
21740,1,7
21741,5,5
21742,3,5
21743,6,6
21744,3,3
21745,3,3
21746,5,5
21747,3,3
21748,0,3
21749,6,6
21750,2,5
21751,4,4
21752,3,3
21753,6,6
21754,0,3
21755,3,3
21756,4,6
21757,5,5
21758,6,7
21759,3,7
21760,5,5
21761,3,7
21762,3,3
21763,4,4
21764,1,4
21765,5,5
21766,3,5
21767,2,2
21768,5,6
21769,1,1
21770,3,4
21771,6,6
21772,2,3
21773,5,5
21774,1,7
21775,3,3
21776,3,6
21777,3,5
21778,4,7
21779,3,3
21780,3,7
21781,4,4
21782,1,6
21783,4,5
21784,2,5
21785,3,6
21786,4,7
21787,6,6
21788,2,2
21789,2,3
21790,3,3
21791,6,6
21792,5,7
21793,3,3
21794,2,6
21795,4,4
21796,4,6
21797,4,4
21798,7,8
21799,3,3
21800,1,7
21801,2,2
21802,1,2
21803,2,2
21804,2,2
21805,3,4
21806,8,8
21807,3,6
21808,0,2
21809,2,2
21810,2,4
21811,2,6
21812,2,2
21813,2,4
21814,3,3
21815,4,8
21816,2,3
21817,5,7
21818,4,6
21819,2,2
21820,2,2
21821,6,7
21822,2,8
21823,8,8
21824,1,7
21825,4,6
21826,1,2
21827,5,7
21828,5,7
21829,2,8
21830,2,2
21831,2,5
21832,0,2
21833,6,6
21834,3,5
21835,4,4
21836,3,4
21837,1,1
21838,1,3
21839,6,6
21840,2,2
21841,3,3
21842,0,2
21843,2,2
21844,6,7
21845,3,5
21846,2,2
21847,3,3
21848,0,3
21849,5,5
21850,3,5
21851,4,4
21852,2,6
21853,3,8
21854,4,8
21855,5,7
21856,3,7
21857,2,6
21858,1,7
21859,2,2
21860,0,3
21861,4,4
21862,0,2
21863,5,9
21864,2,2
21865,2,5
21866,1,3
21867,6,6
21868,5,6
21869,4,4
21870,1,2
21871,3,7
21872,0,7
21873,2,2
21874,2,6
21875,5,5
21876,3,3
21877,3,3
21878,1,4
21879,3,3
21880,1,3
21881,3,3
21882,1,7
21883,3,3
21884,2,3
21885,3,3
21886,2,2
21887,2,5
21888,0,8
21889,6,6
21890,2,2
21891,6,6
21892,1,2
21893,6,6
21894,4,4
21895,2,2
21896,3,5
21897,2,5
21898,4,8
21899,6,6
21900,0,4
21901,3,6
21902,4,5
21903,2,2
21904,3,5
21905,5,8
21906,5,8
21907,2,2
21908,4,6
21909,3,3
21910,7,8
21911,4,4
21912,4,7
21913,4,4
21914,0,2
21915,3,7
21916,3,4
21917,3,3
21918,4,4
21919,2,4
21920,5,5
21921,2,2
21922,7,9
21923,5,5
21924,1,5
21925,4,4
21926,1,2
21927,3,3
21928,1,3
21929,6,6
21930,4,5
21931,2,7
21932,2,2
21933,5,5
21934,2,8
21935,6,7
21936,3,6
21937,5,5
21938,1,4
21939,4,4
21940,4,6
21941,2,2
21942,2,3
21943,4,4
21944,1,2
21945,2,2
21946,1,4
21947,5,5
21948,2,6
21949,3,3
21950,0,4
21951,2,2
21952,5,5
21953,2,3
21954,4,5
21955,2,7
21956,3,5
21957,2,2
21958,2,5
21959,3,4
21960,2,4
21961,4,7
21962,4,6
21963,4,4
21964,1,3
21965,5,8
21966,2,2
21967,3,8
21968,3,7
21969,4,4
21970,2,3
21971,2,2
21972,2,3
21973,5,5
21974,2,2
21975,2,2
21976,0,3
21977,4,4
21978,2,5
21979,7,7
21980,3,6
21981,5,5
21982,6,6
21983,2,2
21984,2,7
21985,2,2
21986,4,5
21987,7,7
21988,4,8
21989,6,7
21990,1,5
21991,3,3
21992,1,5
21993,5,5
21994,2,2
21995,7,8
21996,5,6
21997,5,5
21998,1,3
21999,7,7
22000,5,5
22001,4,6
22002,7,8
22003,3,7
22004,6,7
22005,3,3
22006,6,6
22007,6,6
22008,0,7
22009,4,4
22010,4,6
22011,6,7
22012,1,8
22013,7,7
22014,2,8
22015,2,4
22016,6,7
22017,7,7
22018,2,5
22019,4,4
22020,2,8
22021,2,6
22022,2,2
22023,6,6
22024,1,2
22025,7,7
22026,3,3
22027,2,2
22028,1,2
22029,2,2
22030,2,4
22031,4,4
22032,1,7
22033,4,6
22034,1,4
22035,3,7
22036,2,7
22037,3,3
22038,3,6
22039,3,3
22040,3,3
22041,2,2
22042,0,2
22043,6,6
22044,3,6
22045,3,7
22046,0,3
22047,3,5
22048,6,8
22049,3,3
22050,2,5
22051,4,4
22052,3,6
22053,2,3
22054,5,8
22055,6,6
22056,2,7
22057,6,6
22058,0,3
22059,4,5
22060,6,7
22061,5,5
22062,1,1
22063,2,2
22064,1,8
22065,3,3
22066,2,4
22067,3,3
22068,1,8
22069,2,3
22070,4,5
22071,4,5
22072,4,5
22073,3,5
22074,5,7
22075,3,3
22076,4,6
22077,3,3
22078,0,2
22079,3,3
22080,3,5
22081,6,6
22082,5,5
22083,5,6
22084,5,5
22085,7,7
22086,5,7
22087,4,4
22088,5,5
22089,2,5
22090,0,5
22091,2,6
22092,4,4
22093,6,8
22094,4,5
22095,6,6
22096,2,5
22097,2,6
22098,3,4
22099,3,3
22100,3,4
22101,2,2
22102,1,1
22103,4,4
22104,1,4
22105,4,4
22106,2,2
22107,3,3
22108,3,3
22109,4,6
22110,4,6
22111,3,3
22112,5,8
22113,2,5
22114,2,3
22115,6,6
22116,1,4
22117,4,5
22118,2,7
22119,4,4
22120,0,3
22121,3,6
22122,1,2
22123,3,3
22124,1,6
22125,2,3
22126,3,3
22127,2,2
22128,3,8
22129,3,3
22130,4,5
22131,5,6
22132,5,7
22133,4,4
22134,4,8
22135,6,6
22136,2,2
22137,2,2
22138,5,8
22139,2,2
22140,5,6
22141,2,2
22142,3,3
22143,2,6
22144,3,3
22145,4,4
22146,0,7
22147,3,3
22148,7,8
22149,2,3
22150,5,7
22151,8,8
22152,5,5
22153,4,4
22154,7,7
22155,6,6
22156,7,8
22157,7,7
22158,4,5
22159,3,3
22160,1,2
22161,2,3
22162,5,7
22163,7,7
22164,1,2
22165,3,3
22166,1,4
22167,7,7
22168,0,6
22169,8,8
22170,4,5
22171,5,5
22172,2,2
22173,3,3
22174,3,5
22175,2,5
22176,3,7
22177,2,8
22178,4,7
22179,3,3
22180,0,3
22181,6,6
22182,4,5
22183,2,3
22184,6,7
22185,2,2
22186,4,7
22187,2,7
22188,0,1
22189,5,5
22190,3,4
22191,3,4
22192,3,3
22193,5,5
22194,1,3
22195,4,4
22196,1,7
22197,4,4
22198,3,3
22199,3,5
22200,5,5
22201,3,3
22202,6,7
22203,5,5
22204,5,7
22205,5,5
22206,3,3
22207,7,7
22208,2,2
22209,4,4
22210,3,4
22211,2,2
22212,1,4
22213,3,3
22214,1,6
22215,6,6
22216,4,4
22217,6,6
22218,6,7
22219,2,7
22220,3,6
22221,4,4
22222,3,5
22223,4,4
22224,2,5
22225,2,5
22226,3,5
22227,2,4
22228,6,7
22229,5,5
22230,2,2
22231,4,4
22232,4,7
22233,5,7
22234,2,7
22235,7,7
22236,4,4
22237,2,2
22238,4,6
22239,6,6
22240,3,6
22241,3,5
22242,2,6
22243,2,8
22244,1,3
22245,6,7
22246,2,2
22247,5,7
22248,4,5
22249,3,3
22250,3,5
22251,2,4
22252,1,1
22253,2,2
22254,3,6
22255,4,4
22256,2,2
22257,6,7
22258,5,6
22259,6,6
22260,3,8
22261,3,6
22262,1,2
22263,4,4
22264,2,2
22265,3,3
22266,0,5
22267,5,5
22268,4,5
22269,3,5
22270,6,7
22271,2,2
22272,1,5
22273,8,8
22274,4,5
22275,2,2
22276,2,2
22277,7,7
22278,3,4
22279,4,8
22280,1,3
22281,3,3
22282,2,2
22283,1,1
22284,3,6
22285,3,3
22286,0,4
22287,4,4
22288,2,4
22289,6,6
22290,3,4
22291,2,2
22292,1,4
22293,3,3
22294,4,6
22295,2,2
22296,4,5
22297,2,3
22298,0,3
22299,4,5
22300,2,4
22301,6,7
22302,4,7
22303,2,2
22304,1,7
22305,3,8
22306,5,5
22307,7,7
22308,2,8
22309,4,8
22310,1,4
22311,4,5
22312,2,3
22313,3,8
22314,1,1
22315,2,2
22316,1,4
22317,4,4
22318,6,6
22319,7,7
22320,2,2
22321,3,3
22322,3,5
22323,2,2
22324,3,3
22325,4,4
22326,3,5
22327,6,7
22328,3,7
22329,4,6
22330,5,7
22331,8,8
22332,5,6
22333,2,2
22334,2,6
22335,2,3
22336,1,2
22337,2,2
22338,1,3
22339,5,5
22340,2,3
22341,2,3
22342,4,5
22343,3,7
22344,1,2
22345,6,6
22346,5,7
22347,2,2
22348,3,6
22349,3,3
22350,4,6
22351,6,6
22352,5,7
22353,8,8
22354,1,2
22355,4,5
22356,1,4
22357,2,5
22358,3,4
22359,6,6
22360,4,6
22361,4,4
22362,4,7
22363,6,7
22364,2,6
22365,4,4
22366,7,7
22367,6,6
22368,5,6
22369,2,5
22370,1,5
22371,2,4
22372,1,2
22373,5,5
22374,2,4
22375,3,6
22376,2,2
22377,2,8
22378,5,6
22379,3,3
22380,3,3
22381,4,4
22382,2,2
22383,2,4
22384,3,7
22385,5,8
22386,3,5
22387,2,2
22388,2,4
22389,2,2
22390,6,8
22391,5,5
22392,2,6
22393,3,4
22394,7,9
22395,5,6
22396,5,7
22397,3,6
22398,4,4
22399,3,6
22400,1,5
22401,2,2
22402,5,5
22403,5,5
22404,2,3
22405,5,6
22406,5,7
22407,6,7
22408,3,4
22409,2,3
22410,1,2
22411,7,7
22412,4,4
22413,3,3
22414,1,7
22415,4,4
22416,0,2
22417,2,2
22418,2,2
22419,4,4
22420,2,2
22421,3,3
22422,2,3
22423,7,7
22424,4,4
22425,6,7
22426,4,4
22427,5,7
22428,0,5
22429,3,4
22430,0,6
22431,5,7
22432,4,5
22433,3,7
22434,3,4
22435,2,2
22436,2,7
22437,4,7
22438,3,6
22439,3,6
22440,2,6
22441,3,3
22442,2,3
22443,3,7
22444,4,7
22445,4,4
22446,0,3
22447,2,2
22448,2,2
22449,3,3
22450,4,8
22451,8,8
22452,2,6
22453,2,2
22454,6,7
22455,5,5
22456,3,5
22457,3,7
22458,1,3
22459,2,2
22460,0,7
22461,4,4
22462,6,7
22463,2,2
22464,5,7
22465,3,3
22466,0,4
22467,4,4
22468,1,2
22469,5,5
22470,1,3
22471,2,2
22472,2,2
22473,3,7
22474,6,8
22475,4,6
22476,7,7
22477,2,2
22478,0,6
22479,3,3
22480,2,2
22481,4,6
22482,1,8
22483,4,7
22484,1,3
22485,7,8
22486,2,7
22487,7,7
22488,3,5
22489,5,5
22490,3,4
22491,8,8
22492,1,3
22493,4,4
22494,4,6
22495,3,5
22496,3,4
22497,2,6
22498,4,8
22499,5,5
22500,3,4
22501,2,5
22502,3,4
22503,4,5
22504,3,5
22505,3,3
22506,2,8
22507,4,4
22508,1,4
22509,7,8
22510,2,2
22511,8,8
22512,2,5
22513,2,3
22514,1,6
22515,6,6
22516,0,5
22517,2,5
22518,6,6
22519,3,3
22520,4,7
22521,5,5
22522,3,5
22523,4,4
22524,2,5
22525,7,7
22526,5,7
22527,5,5
22528,3,4
22529,5,7
22530,1,3
22531,7,7
22532,1,8
22533,2,2
22534,2,2
22535,2,5
22536,7,8
22537,4,4
22538,4,7
22539,7,7
22540,1,4
22541,2,2
22542,2,2
22543,7,7
22544,0,1
22545,6,6
22546,4,5
22547,2,2
22548,3,4
22549,3,3
22550,3,5
22551,2,2
22552,5,8
22553,3,5
22554,2,3
22555,8,8
22556,2,3
22557,3,3
22558,0,5
22559,4,5
22560,3,5
22561,5,6
22562,3,6
22563,5,5
22564,3,5
22565,2,4
22566,1,3
22567,3,7
22568,6,6
22569,3,3
22570,1,2
22571,3,3
22572,4,6
22573,4,4
22574,1,3
22575,4,4
22576,4,8
22577,3,4
22578,3,8
22579,2,2
22580,5,7
22581,2,3
22582,4,5
22583,5,8
22584,6,7
22585,2,2
22586,2,7
22587,4,4
22588,0,5
22589,5,5
22590,6,7
22591,6,8
22592,1,4
22593,5,6
22594,0,2
22595,2,7
22596,2,2
22597,3,6
22598,6,6
22599,7,7
22600,5,7
22601,4,4
22602,2,4
22603,3,3
22604,1,5
22605,4,4
22606,4,4
22607,3,7
22608,0,7
22609,4,4
22610,5,8
22611,3,3
22612,1,2
22613,2,6
22614,4,7
22615,3,3
22616,4,4
22617,3,3
22618,3,4
22619,3,5
22620,3,3
22621,5,5
22622,1,3
22623,2,2
22624,4,8
22625,5,5
22626,6,7
22627,4,6
22628,1,5
22629,6,6
22630,2,2
22631,5,5
22632,4,5
22633,3,3
22634,0,3
22635,2,2
22636,3,5
22637,2,2
22638,4,7
22639,3,5
22640,5,7
22641,3,4
22642,3,6
22643,3,5
22644,0,2
22645,8,8
22646,5,6
22647,6,6
22648,1,3
22649,3,5
22650,5,6
22651,2,2
22652,1,4
22653,3,3
22654,2,5
22655,6,6
22656,4,5
22657,3,3
22658,1,2
22659,5,5
22660,4,4
22661,7,7
22662,0,3
22663,4,5
22664,4,5
22665,3,6
22666,2,2
22667,2,2
22668,4,7
22669,2,4
22670,3,3
22671,4,5
22672,5,7
22673,4,7
22674,0,3
22675,5,8
22676,3,5
22677,6,7
22678,3,5
22679,6,6
22680,0,2
22681,4,4
22682,3,3
22683,5,5
22684,0,4
22685,1,1
22686,6,8
22687,5,5
22688,4,7
22689,5,5
22690,7,8
22691,3,5
22692,4,6
22693,2,2
22694,3,5
22695,2,4
22696,3,4
22697,5,6
22698,1,2
22699,5,5
22700,0,7
22701,3,8
22702,1,1
22703,7,8
22704,1,3
22705,5,5
22706,3,5
22707,5,5
22708,1,2
22709,3,5
22710,3,7
22711,4,5
22712,0,7
22713,4,5
22714,4,4
22715,8,8
22716,2,4
22717,7,7
22718,7,7
22719,3,3
22720,2,2
22721,4,4
22722,5,7
22723,5,5
22724,2,5
22725,6,6
22726,4,5
22727,2,2
22728,2,4
22729,6,6
22730,1,7
22731,8,8
22732,2,2
22733,6,6
22734,3,4
22735,6,6
22736,3,4
22737,3,4
22738,1,5
22739,7,8
22740,2,4
22741,5,5
22742,3,5
22743,4,4
22744,2,3
22745,3,5
22746,1,7
22747,5,5
22748,3,5
22749,3,4
22750,0,4
22751,3,7
22752,4,5
22753,5,5
22754,1,2
22755,2,2
22756,0,2
22757,7,7
22758,1,5
22759,3,8
22760,1,4
22761,3,6
22762,0,5
22763,4,7
22764,4,4
22765,5,6
22766,2,2
22767,7,7
22768,1,2
22769,2,3
22770,3,8
22771,4,4
22772,0,3
22773,2,2
22774,2,3
22775,2,8
22776,3,6
22777,7,7
22778,3,7
22779,7,7
22780,1,2
22781,2,2
22782,3,4
22783,7,7
22784,3,4
22785,6,6
22786,2,3
22787,3,3
22788,3,7
22789,2,2
22790,0,5
22791,2,4
22792,2,2
22793,4,4
22794,4,6
22795,6,7
22796,5,8
22797,5,5
22798,1,4
22799,2,5
22800,7,8
22801,5,5
22802,5,6
22803,2,2
22804,0,6
22805,4,5
22806,3,3
22807,3,5
22808,5,6
22809,3,3
22810,1,2
22811,4,4
22812,0,8
22813,6,6
22814,4,7
22815,5,6
22816,1,2
22817,5,5
22818,1,2
22819,4,4
22820,2,4
22821,4,5
22822,3,3
22823,6,6
22824,6,8
22825,6,8
22826,1,5
22827,7,7
22828,3,3
22829,3,3
22830,6,8
22831,1,1
22832,3,7
22833,5,5
22834,4,6
22835,6,7
22836,1,2
22837,3,4
22838,4,4
22839,6,6
22840,5,5
22841,6,7
22842,4,8
22843,3,3
22844,0,5
22845,8,8
22846,1,3
22847,5,5
22848,0,2
22849,7,7
22850,4,6
22851,2,3
22852,3,4
22853,6,6
22854,4,8
22855,6,6
22856,2,3
22857,2,2
22858,2,2
22859,3,3
22860,5,6
22861,2,2
22862,2,6
22863,2,2
22864,0,4
22865,2,2
22866,3,5
22867,5,5
22868,5,6
22869,8,8
22870,0,6
22871,6,6
22872,1,5
22873,3,3
22874,1,7
22875,8,8
22876,3,7
22877,2,2
22878,0,6
22879,8,9
22880,6,7
22881,4,4
22882,1,2
22883,5,5
22884,4,6
22885,3,8
22886,2,3
22887,6,6
22888,3,6
22889,5,5
22890,3,5
22891,2,2
22892,4,8
22893,5,5
22894,5,5
22895,6,8
22896,5,8
22897,6,6
22898,5,8
22899,6,7
22900,5,6
22901,5,6
22902,3,5
22903,2,2
22904,2,4
22905,6,7
22906,2,4
22907,4,4
22908,2,3
22909,2,2
22910,0,3
22911,3,3
22912,7,7
22913,7,7
22914,2,3
22915,2,8
22916,5,9
22917,3,8
22918,2,4
22919,4,5
22920,6,7
22921,2,3
22922,3,6
22923,2,7
22924,0,3
22925,7,7
22926,4,4
22927,3,3
22928,3,3
22929,6,8
22930,1,5
22931,4,7
22932,3,3
22933,3,3
22934,3,6
22935,8,8
22936,0,5
22937,2,2
22938,4,5
22939,7,7
22940,5,7
22941,2,6
22942,7,7
22943,7,7
22944,2,3
22945,4,6
22946,5,6
22947,3,5
22948,5,7
22949,3,3
22950,2,2
22951,4,6
22952,7,8
22953,4,4
22954,2,2
22955,9,9
22956,3,5
22957,2,2
22958,2,8
22959,7,7
22960,1,7
22961,2,2
22962,0,5
22963,3,3
22964,0,5
22965,2,2
22966,2,6
22967,3,6
22968,1,2
22969,3,4
22970,1,4
22971,3,3
22972,4,6
22973,6,6
22974,1,1
22975,5,5
22976,0,7
22977,4,4
22978,2,7
22979,3,7
22980,1,1
22981,4,5
22982,4,4
22983,3,8
22984,1,3
22985,3,3
22986,2,4
22987,2,2
22988,5,5
22989,5,5
22990,2,2
22991,3,8
22992,4,4
22993,7,7
22994,4,7
22995,7,7
22996,1,2
22997,4,6
22998,6,7
22999,4,4
23000,4,8
23001,5,6
23002,5,8
23003,3,5
23004,5,7
23005,3,3
23006,1,5
23007,3,3
23008,0,8
23009,4,6
23010,3,4
23011,7,7
23012,2,4
23013,5,7
23014,0,5
23015,6,6
23016,4,6
23017,4,4
23018,1,6
23019,2,2
23020,2,6
23021,3,3
23022,3,4
23023,2,2
23024,1,6
23025,2,2
23026,2,4
23027,6,7
23028,3,6
23029,4,4
23030,2,4
23031,3,4
23032,6,8
23033,5,5
23034,2,4
23035,6,8
23036,1,2
23037,5,5
23038,2,4
23039,5,6
23040,4,7
23041,2,3
23042,4,8
23043,5,6
23044,6,7
23045,2,7
23046,0,2
23047,2,2
23048,3,3
23049,6,7
23050,4,8
23051,6,6
23052,2,2
23053,5,6
23054,3,4
23055,2,2
23056,2,2
23057,6,6
23058,1,6
23059,3,3
23060,2,4
23061,5,8
23062,3,3
23063,2,6
23064,1,2
23065,5,5
23066,1,4
23067,7,7
23068,4,7
23069,7,7
23070,1,2
23071,4,4
23072,1,4
23073,7,7
23074,3,3
23075,3,6
23076,0,2
23077,5,5
23078,1,2
23079,2,2
23080,1,2
23081,2,2
23082,1,4
23083,4,4
23084,1,2
23085,2,2
23086,4,4
23087,6,6
23088,2,4
23089,2,2
23090,1,2
23091,5,5
23092,3,3
23093,3,3
23094,2,2
23095,5,8
23096,1,5
23097,6,6
23098,3,7
23099,5,5
23100,2,2
23101,5,5
23102,4,5
23103,3,5
23104,5,5
23105,4,4
23106,2,3
23107,4,4
23108,0,3
23109,2,6
23110,1,3
23111,6,6
23112,3,3
23113,3,7
23114,4,6
23115,4,7
23116,4,6
23117,5,5
23118,0,6
23119,2,2
23120,2,3
23121,3,3
23122,5,5
23123,3,3
23124,2,3
23125,5,5
23126,3,5
23127,7,7
23128,3,3
23129,4,4
23130,4,6
23131,2,2
23132,5,7
23133,3,3
23134,5,7
23135,5,5
23136,3,3
23137,2,5
23138,2,2
23139,6,6
23140,3,3
23141,7,7
23142,4,5
23143,2,2
23144,1,4
23145,2,2
23146,3,4
23147,2,2
23148,3,6
23149,5,5
23150,5,7
23151,6,6
23152,4,5
23153,2,2
23154,1,3
23155,3,4
23156,0,3
23157,2,2
23158,0,5
23159,5,5
23160,2,3
23161,4,4
23162,7,8
23163,3,7
23164,4,5
23165,3,3
23166,3,4
23167,3,4
23168,2,2
23169,6,6
23170,5,7
23171,2,6
23172,5,6
23173,4,5
23174,3,6
23175,4,4
23176,4,6
23177,4,5
23178,2,4
23179,2,3
23180,2,5
23181,5,6
23182,1,3
23183,4,4
23184,3,3
23185,7,7
23186,2,7
23187,4,6
23188,6,7
23189,3,8
23190,4,5
23191,6,6
23192,2,2
23193,2,2
23194,2,2
23195,3,3
23196,2,2
23197,2,2
23198,3,3
23199,3,5
23200,2,3
23201,2,2
23202,5,7
23203,5,5
23204,4,9
23205,2,8
23206,1,3
23207,6,6
23208,0,1
23209,2,2
23210,5,7
23211,2,7
23212,0,5
23213,2,2
23214,3,7
23215,2,2
23216,3,6
23217,2,3
23218,2,4
23219,2,3
23220,2,3
23221,6,6
23222,4,6
23223,6,6
23224,4,7
23225,3,3
23226,4,5
23227,5,8
23228,5,7
23229,6,6
23230,3,4
23231,2,7
23232,4,7
23233,3,6
23234,3,5
23235,3,3
23236,3,7
23237,7,7
23238,2,3
23239,4,4
23240,4,5
23241,5,5
23242,2,2
23243,2,2
23244,3,3
23245,7,7
23246,0,2
23247,5,5
23248,2,5
23249,3,3
23250,2,7
23251,2,2
23252,1,4
23253,6,7
23254,3,4
23255,7,7
23256,5,5
23257,2,2
23258,2,3
23259,3,4
23260,1,3
23261,4,8
23262,2,3
23263,3,3
23264,1,3
23265,4,6
23266,0,2
23267,5,5
23268,1,1
23269,2,7
23270,0,6
23271,3,3
23272,5,6
23273,2,6
23274,0,4
23275,6,7
23276,7,7
23277,2,5
23278,7,8
23279,3,3
23280,3,5
23281,3,8
23282,1,2
23283,2,2
23284,1,7
23285,6,6
23286,1,2
23287,3,3
23288,6,6
23289,2,2
23290,3,6
23291,4,4
23292,3,3
23293,7,7
23294,3,7
23295,3,6
23296,1,2
23297,3,3
23298,1,2
23299,7,8
23300,6,7
23301,2,2
23302,2,2
23303,7,7
23304,3,4
23305,3,3
23306,6,6
23307,3,3
23308,1,2
23309,3,3
23310,3,5
23311,3,6
23312,1,2
23313,5,5
23314,2,3
23315,2,2
23316,3,5
23317,5,6
23318,6,8
23319,7,7
23320,1,4
23321,6,6
23322,0,4
23323,2,2
23324,6,7
23325,3,7
23326,2,2
23327,5,5
23328,2,3
23329,3,4
23330,4,7
23331,3,3
23332,0,8
23333,4,4
23334,6,7
23335,4,4
23336,2,8
23337,2,2
23338,4,5
23339,5,6
23340,5,6
23341,5,5
23342,0,3
23343,4,5
23344,2,3
23345,8,8
23346,2,4
23347,4,4
23348,6,6
23349,4,5
23350,3,6
23351,5,5
23352,7,7
23353,3,3
23354,2,4
23355,6,7
23356,1,6
23357,4,4
23358,5,7
23359,5,5
23360,5,7
23361,2,7
23362,4,7
23363,4,4
23364,6,8
23365,4,8
23366,1,3
23367,2,2
23368,0,7
23369,4,4
23370,5,7
23371,2,2
23372,3,3
23373,6,6
23374,3,4
23375,2,7
23376,3,4
23377,3,3
23378,3,8
23379,6,6
23380,4,6
23381,6,7
23382,0,3
23383,3,3
23384,4,4
23385,4,4
23386,2,6
23387,7,7
23388,5,6
23389,2,6
23390,4,5
23391,3,6
23392,2,3
23393,3,3
23394,2,2
23395,4,4
23396,4,7
23397,3,3
23398,4,6
23399,5,5
23400,2,3
23401,6,6
23402,0,4
23403,4,4
23404,4,7
23405,3,6
23406,1,4
23407,5,5
23408,0,3
23409,5,6
23410,4,4
23411,3,4
23412,4,8
23413,3,3
23414,5,7
23415,2,2
23416,3,4
23417,3,7
23418,4,5
23419,5,6
23420,2,5
23421,3,3
23422,3,5
23423,3,3
23424,5,8
23425,8,8
23426,4,7
23427,7,7
23428,2,2
23429,2,2
23430,6,7
23431,4,4
23432,2,6
23433,6,6
23434,2,8
23435,3,5
23436,4,5
23437,7,7
23438,6,8
23439,6,7
23440,5,6
23441,4,4
23442,1,3
23443,2,2
23444,2,2
23445,4,5
23446,6,8
23447,3,5
23448,3,5
23449,3,6
23450,1,3
23451,6,6
23452,2,3
23453,2,2
23454,1,7
23455,4,4
23456,4,6
23457,3,3
23458,0,3
23459,6,6
23460,5,7
23461,5,5
23462,1,3
23463,2,8
23464,5,5
23465,5,5
23466,3,3
23467,7,7
23468,0,7
23469,4,4
23470,3,4
23471,5,5
23472,1,5
23473,5,5
23474,2,5
23475,6,6
23476,5,7
23477,4,4
23478,3,3
23479,3,3
23480,0,3
23481,4,4
23482,3,3
23483,3,3
23484,5,5
23485,4,5
23486,0,3
23487,6,6
23488,2,3
23489,4,5
23490,5,7
23491,5,5
23492,0,8
23493,4,4
23494,2,4
23495,6,6
23496,4,6
23497,6,6
23498,2,3
23499,4,4
23500,3,6
23501,2,2
23502,2,4
23503,7,8
23504,4,5
23505,3,4
23506,2,3
23507,4,4
23508,1,3
23509,6,6
23510,4,5
23511,2,3
23512,3,6
23513,2,2
23514,0,3
23515,4,4
23516,3,6
23517,3,3
23518,4,4
23519,3,6
23520,1,7
23521,2,7
23522,4,7
23523,5,5
23524,3,5
23525,3,3
23526,4,8
23527,3,7
23528,4,4
23529,7,7
23530,0,4
23531,7,7
23532,1,3
23533,3,3
23534,1,4
23535,4,4
23536,2,7
23537,2,2
23538,3,6
23539,5,5
23540,0,4
23541,6,7
23542,5,5
23543,5,6
23544,1,2
23545,4,4
23546,0,3
23547,4,5
23548,2,4
23549,5,5
23550,6,6
23551,7,7
23552,3,3
23553,1,1
23554,2,3
23555,2,6
23556,3,4
23557,5,5
23558,1,8
23559,3,3
23560,3,5
23561,4,4
23562,3,4
23563,2,2
23564,2,3
23565,4,4
23566,3,6
23567,3,3
23568,2,3
23569,6,6
23570,0,3
23571,4,4
23572,6,7
23573,4,9
23574,2,3
23575,2,4
23576,4,7
23577,5,5
23578,1,2
23579,4,5
23580,1,2
23581,4,4
23582,1,5
23583,7,7
23584,2,8
23585,3,7
23586,1,2
23587,2,3
23588,5,5
23589,3,7
23590,4,6
23591,6,6
23592,1,5
23593,4,4
23594,1,4
23595,4,4
23596,3,5
23597,5,6
23598,4,5
23599,2,2
23600,4,6
23601,3,4
23602,1,5
23603,6,6
23604,3,3
23605,2,2
23606,5,7
23607,2,2
23608,1,2
23609,2,6
23610,2,3
23611,5,6
23612,4,7
23613,3,3
23614,5,6
23615,2,8
23616,2,3
23617,2,2
23618,3,5
23619,4,4
23620,4,6
23621,3,7
23622,2,3
23623,2,2
23624,2,5
23625,5,5
23626,3,6
23627,6,7
23628,2,3
23629,4,4
23630,2,2
23631,2,2
23632,7,7
23633,3,6
23634,1,5
23635,2,7
23636,2,6
23637,3,3
23638,1,4
23639,5,7
23640,3,3
23641,6,6
23642,2,6
23643,3,3
23644,1,4
23645,6,6
23646,5,6
23647,4,4
23648,7,8
23649,6,6
23650,1,2
23651,4,4
23652,4,6
23653,4,4
23654,0,5
23655,7,7
23656,2,2
23657,7,8
23658,3,4
23659,3,3
23660,4,6
23661,5,5
23662,0,1
23663,3,4
23664,4,9
23665,4,6
23666,1,2
23667,2,7
23668,1,2
23669,2,4
23670,0,2
23671,3,3
23672,3,6
23673,5,7
23674,3,4
23675,2,2
23676,6,6
23677,5,5
23678,1,1
23679,3,3
23680,1,2
23681,3,4
23682,1,6
23683,7,7
23684,1,5
23685,1,1
23686,6,8
23687,4,4
23688,3,4
23689,1,1
23690,4,5
23691,3,3
23692,2,3
23693,5,5
23694,3,7
23695,2,7
23696,5,7
23697,2,2
23698,0,6
23699,4,6
23700,4,7
23701,2,7
23702,2,4
23703,5,5
23704,2,4
23705,3,5
23706,4,4
23707,4,7
23708,4,5
23709,3,3
23710,1,4
23711,4,4
23712,5,5
23713,4,7
23714,2,2
23715,3,3
23716,2,2
23717,5,5
23718,0,3
23719,2,2
23720,1,1
23721,8,8
23722,4,7
23723,6,6
23724,4,4
23725,4,4
23726,0,2
23727,5,5
23728,1,3
23729,4,6
23730,3,5
23731,3,6
23732,4,4
23733,4,4
23734,0,4
23735,6,6
23736,4,7
23737,3,3
23738,2,6
23739,4,8
23740,1,8
23741,4,4
23742,2,6
23743,5,7
23744,2,7
23745,7,7
23746,2,2
23747,3,4
23748,6,6
23749,4,5
23750,3,3
23751,8,8
23752,2,2
23753,5,5
23754,6,6
23755,7,7
23756,7,7
23757,2,2
23758,3,4
23759,4,4
23760,4,5
23761,3,3
23762,6,7
23763,6,6
23764,3,7
23765,3,8
23766,2,4
23767,3,3
23768,2,3
23769,5,5
23770,3,6
23771,3,3
23772,6,6
23773,7,7
23774,2,5
23775,6,6
23776,4,5
23777,2,2
23778,4,8
23779,7,8
23780,2,5
23781,4,7
23782,2,4
23783,3,4
23784,1,4
23785,1,1
23786,2,5
23787,8,8
23788,2,2
23789,6,6
23790,2,3
23791,3,8
23792,1,5
23793,7,7
23794,5,5
23795,5,8
23796,2,5
23797,2,2
23798,2,2
23799,7,8
23800,3,3
23801,3,4
23802,3,5
23803,3,3
23804,3,7
23805,7,7
23806,1,5
23807,4,4
23808,1,2
23809,4,4
23810,4,6
23811,2,2
23812,2,5
23813,2,3
23814,2,4
23815,4,8
23816,5,6
23817,8,8
23818,4,4
23819,2,2
23820,4,8
23821,7,7
23822,0,3
23823,6,6
23824,6,7
23825,2,2
23826,4,6
23827,3,3
23828,2,2
23829,1,1
23830,4,5
23831,6,8
23832,2,5
23833,6,7
23834,6,7
23835,3,8
23836,7,8
23837,2,5
23838,4,7
23839,3,7
23840,3,4
23841,3,3
23842,4,7
23843,3,3
23844,5,5
23845,3,6
23846,5,7
23847,4,7
23848,0,2
23849,6,6
23850,3,6
23851,2,2
23852,1,2
23853,6,8
23854,2,2
23855,2,5
23856,1,2
23857,3,6
23858,1,3
23859,6,6
23860,2,4
23861,5,5
23862,6,7
23863,4,5
23864,4,8
23865,5,8
23866,1,7
23867,2,2
23868,0,7
23869,5,5
23870,3,5
23871,4,4
23872,2,8
23873,7,7
23874,5,5
23875,3,9
23876,3,6
23877,5,5
23878,3,4
23879,6,6
23880,0,2
23881,3,3
23882,2,8
23883,3,3
23884,4,7
23885,2,4
23886,2,2
23887,4,4
23888,3,5
23889,2,2
23890,6,6
23891,3,8
23892,5,6
23893,4,4
23894,1,2
23895,4,4
23896,1,4
23897,3,3
23898,4,7
23899,2,6
23900,2,8
23901,6,6
23902,2,8
23903,6,6
23904,4,4
23905,7,7
23906,4,4
23907,4,5
23908,1,2
23909,3,5
23910,2,2
23911,4,4
23912,0,4
23913,2,2
23914,7,8
23915,2,5
23916,2,2
23917,6,6
23918,0,4
23919,2,2
23920,5,10
23921,7,8
23922,5,7
23923,3,6
23924,6,6
23925,2,4
23926,1,3
23927,5,5
23928,3,5
23929,6,6
23930,2,5
23931,4,6
23932,2,3
23933,4,5
23934,1,4
23935,2,3
23936,3,6
23937,6,6
23938,2,6
23939,3,3
23940,4,4
23941,3,3
23942,2,8
23943,2,2
23944,5,5
23945,5,7
23946,5,6
23947,7,7
23948,5,6
23949,5,5
23950,2,2
23951,8,8
23952,1,4
23953,5,5
23954,4,7
23955,8,8
23956,4,5
23957,4,4
23958,1,6
23959,7,7
23960,2,2
23961,2,5
23962,1,6
23963,4,4
23964,1,5
23965,3,3
23966,2,4
23967,6,6
23968,0,7
23969,1,1
23970,1,2
23971,7,7
23972,2,3
23973,3,6
23974,2,3
23975,4,4
23976,0,2
23977,2,6
23978,3,4
23979,4,6
23980,1,5
23981,2,2
23982,2,3
23983,4,6
23984,1,3
23985,4,4
23986,6,7
23987,3,3
23988,2,3
23989,5,5
23990,7,7
23991,3,3
23992,5,7
23993,5,5
23994,4,5
23995,7,8
23996,5,7
23997,4,7
23998,2,2
23999,4,4
24000,4,8
24001,3,3
24002,0,4
24003,7,7
24004,5,8
24005,2,2
24006,1,1
24007,4,4
24008,2,3
24009,5,5
24010,2,4
24011,7,7
24012,1,5
24013,3,3
24014,1,2
24015,2,2
24016,1,4
24017,7,7
24018,2,2
24019,2,2
24020,3,3
24021,4,4
24022,5,7
24023,4,5
24024,1,4
24025,2,2
24026,5,7
24027,6,6
24028,2,4
24029,2,2
24030,2,3
24031,2,2
24032,1,2
24033,3,3
24034,2,4
24035,5,7
24036,1,2
24037,2,3
24038,2,7
24039,3,3
24040,3,4
24041,3,3
24042,2,3
24043,3,7
24044,2,2
24045,2,3
24046,4,5
24047,4,6
24048,0,5
24049,4,4
24050,0,2
24051,4,4
24052,4,7
24053,4,4
24054,5,7
24055,3,3
24056,1,3
24057,2,2
24058,2,3
24059,7,7
24060,4,5
24061,4,4
24062,2,7
24063,5,7
24064,4,5
24065,7,7
24066,4,10
24067,2,2
24068,4,4
24069,6,6
24070,4,5
24071,2,6
24072,5,5
24073,4,4
24074,3,5
24075,5,5
24076,6,6
24077,2,2
24078,1,3
24079,5,7
24080,3,5
24081,3,3
24082,0,2
24083,3,3
24084,6,6
24085,2,5
24086,4,8
24087,6,6
24088,4,8
24089,6,6
24090,2,3
24091,2,2
24092,5,8
24093,3,3
24094,1,6
24095,4,4
24096,4,6
24097,5,7
24098,3,5
24099,7,7
24100,1,1
24101,2,5
24102,0,2
24103,9,9
24104,1,5
24105,3,6
24106,3,3
24107,2,4
24108,0,4
24109,3,3
24110,2,5
24111,5,7
24112,3,6
24113,5,5
24114,1,8
24115,2,2
24116,6,7
24117,2,2
24118,2,6
24119,6,6
24120,0,2
24121,6,6
24122,2,7
24123,5,5
24124,2,5
24125,2,3
24126,4,4
24127,2,2
24128,4,4
24129,2,2
24130,0,3
24131,4,6
24132,1,5
24133,4,4
24134,4,6
24135,3,3
24136,2,7
24137,3,3
24138,6,8
24139,5,5
24140,1,6
24141,3,5
24142,0,8
24143,4,4
24144,3,7
24145,2,2
24146,4,8
24147,3,4
24148,0,2
24149,4,4
24150,5,7
24151,4,4
24152,2,4
24153,3,3
24154,0,4
24155,5,5
24156,4,5
24157,5,5
24158,3,5
24159,7,7
24160,1,2
24161,6,6
24162,3,3
24163,8,8
24164,4,6
24165,3,3
24166,6,7
24167,3,3
24168,1,3
24169,3,6
24170,4,7
24171,2,2
24172,3,4
24173,2,2
24174,1,5
24175,4,4
24176,1,1
24177,4,4
24178,0,4
24179,3,3
24180,2,2
24181,4,5
24182,2,3
24183,5,7
24184,3,4
24185,4,4
24186,2,8
24187,3,3
24188,3,5
24189,2,7
24190,3,6
24191,2,7
24192,0,3
24193,4,4
24194,5,5
24195,1,1
24196,4,5
24197,2,4
24198,4,4
24199,8,8
24200,3,3
24201,6,6
24202,3,3
24203,2,2
24204,2,7
24205,6,7
24206,5,5
24207,3,4
24208,2,5
24209,8,8
24210,4,4
24211,2,2
24212,3,4
24213,3,3
24214,1,7
24215,4,4
24216,4,4
24217,4,4
24218,2,8
24219,2,2
24220,3,5
24221,3,3
24222,3,4
24223,4,4
24224,4,6
24225,4,4
24226,1,3
24227,4,4
24228,1,6
24229,6,7
24230,1,7
24231,3,3
24232,0,4
24233,2,2
24234,1,5
24235,5,6
24236,4,7
24237,3,3
24238,2,2
24239,2,2
24240,1,6
24241,6,7
24242,4,7
24243,5,5
24244,6,8
24245,3,3
24246,2,3
24247,3,3
24248,4,7
24249,5,7
24250,1,5
24251,3,3
24252,6,8
24253,4,4
24254,1,2
24255,6,6
24256,5,6
24257,6,6
24258,2,5
24259,7,7
24260,3,8
24261,4,4
24262,5,6
24263,3,3
24264,0,3
24265,5,7
24266,3,3
24267,3,6
24268,2,6
24269,4,6
24270,4,4
24271,6,7
24272,2,2
24273,3,3
24274,3,6
24275,3,5
24276,4,6
24277,2,2
24278,3,7
24279,3,3
24280,3,5
24281,5,7
24282,5,8
24283,2,2
24284,3,4
24285,8,8
24286,6,8
24287,2,3
24288,2,4
24289,5,5
24290,1,3
24291,2,4
24292,2,5
24293,5,5
24294,6,7
24295,4,5
24296,1,3
24297,7,7
24298,1,2
24299,8,8
24300,4,4
24301,5,7
24302,4,5
24303,7,7
24304,5,5
24305,4,4
24306,5,6
24307,7,9
24308,2,8
24309,2,2
24310,2,3
24311,2,2
24312,2,5
24313,5,5
24314,1,5
24315,6,6
24316,1,2
24317,3,5
24318,4,8
24319,4,4
24320,3,7
24321,8,8
24322,2,5
24323,2,4
24324,4,5
24325,4,6
24326,3,7
24327,4,4
24328,0,3
24329,6,6
24330,1,7
24331,7,7
24332,5,6
24333,2,2
24334,4,7
24335,5,8
24336,2,2
24337,4,4
24338,2,3
24339,3,6
24340,5,7
24341,2,3
24342,7,7
24343,3,3
24344,6,7
24345,4,4
24346,1,3
24347,3,3
24348,4,4
24349,4,4
24350,3,3
24351,7,7
24352,4,4
24353,3,3
24354,1,2
24355,4,4
24356,2,6
24357,2,2
24358,1,2
24359,2,2
24360,7,8
24361,7,8
24362,3,4
24363,3,3
24364,7,8
24365,6,6
24366,2,3
24367,6,6
24368,5,6
24369,7,7
24370,3,8
24371,3,3
24372,1,4
24373,6,7
24374,1,6
24375,2,8
24376,4,7
24377,2,3
24378,5,5
24379,2,2
24380,5,6
24381,4,4
24382,4,8
24383,4,4
24384,2,2
24385,2,7
24386,0,7
24387,2,2
24388,6,7
24389,7,7
24390,4,4
24391,5,5
24392,2,2
24393,5,5
24394,2,5
24395,3,3
24396,2,5
24397,3,3
24398,0,4
24399,2,2
24400,4,6
24401,3,5
24402,0,7
24403,4,7
24404,2,3
24405,3,3
24406,5,6
24407,4,4
24408,2,4
24409,2,2
24410,1,7
24411,2,2
24412,3,5
24413,3,4
24414,5,6
24415,3,3
24416,1,3
24417,6,6
24418,2,3
24419,3,3
24420,7,8
24421,4,6
24422,4,8
24423,4,4
24424,0,2
24425,3,3
24426,2,4
24427,3,4
24428,1,3
24429,4,4
24430,3,5
24431,2,2
24432,1,3
24433,3,3
24434,5,7
24435,3,3
24436,3,7
24437,6,6
24438,3,4
24439,3,6
24440,4,5
24441,5,6
24442,3,4
24443,2,2
24444,3,5
24445,6,6
24446,2,2
24447,8,8
24448,0,6
24449,5,6
24450,4,7
24451,8,8
24452,3,3
24453,3,3
24454,5,7
24455,6,6
24456,1,5
24457,2,2
24458,3,3
24459,2,5
24460,4,5
24461,5,5
24462,1,5
24463,5,5
24464,1,7
24465,6,6
24466,1,2
24467,3,3
24468,3,5
24469,3,3
24470,4,5
24471,3,5
24472,4,4
24473,2,6
24474,4,5
24475,3,6
24476,1,2
24477,7,7
24478,4,5
24479,3,5
24480,1,2
24481,5,5
24482,2,8
24483,2,5
24484,2,3
24485,2,6
24486,2,4
24487,2,7
24488,2,3
24489,3,3
24490,2,2
24491,6,8
24492,1,2
24493,2,4
24494,5,7
24495,3,4
24496,5,8
24497,2,2
24498,5,6
24499,5,5
24500,0,4
24501,4,7
24502,3,3
24503,5,5
24504,5,6
24505,5,6
24506,1,3
24507,2,4
24508,4,7
24509,3,5
24510,3,6
24511,5,6
24512,1,5
24513,6,6
24514,3,4
24515,4,4
24516,3,4
24517,4,6
24518,6,6
24519,4,4
24520,2,3
24521,3,3
24522,2,5
24523,2,2
24524,6,7
24525,8,8
24526,3,5
24527,3,3
24528,4,5
24529,3,3
24530,2,8
24531,4,6
24532,0,4
24533,2,2
24534,3,5
24535,7,7
24536,2,2
24537,2,2
24538,1,3
24539,3,6
24540,5,6
24541,6,7
24542,4,7
24543,2,5
24544,3,3
24545,6,6
24546,1,4
24547,2,2
24548,3,3
24549,2,2
24550,4,6
24551,8,8
24552,4,5
24553,3,3
24554,0,3
24555,6,6
24556,1,4
24557,6,6
24558,2,2
24559,2,2
24560,3,5
24561,5,5
24562,7,7
24563,6,6
24564,1,2
24565,3,4
24566,0,3
24567,2,2
24568,1,3
24569,5,5
24570,5,6
24571,6,6
24572,3,5
24573,2,7
24574,0,3
24575,4,6
24576,2,2
24577,3,3
24578,2,3
24579,8,9
24580,1,4
24581,2,2
24582,3,7
24583,5,5
24584,1,2
24585,2,2
24586,0,1
24587,3,3
24588,4,6
24589,3,3
24590,5,6
24591,4,4
24592,2,2
24593,3,3
24594,5,6
24595,4,5
24596,3,7
24597,5,6
24598,2,2
24599,8,8
24600,7,7
24601,2,4
24602,0,3
24603,3,3
24604,0,4
24605,7,8
24606,2,3
24607,2,2
24608,0,4
24609,4,4
24610,4,4
24611,4,4
24612,2,3
24613,5,5
24614,3,4
24615,6,6
24616,4,7
24617,5,5
24618,1,2
24619,2,3
24620,5,6
24621,2,2
24622,3,3
24623,5,5
24624,3,4
24625,3,3
24626,1,4
24627,4,4
24628,0,6
24629,6,6
24630,6,6
24631,2,5
24632,2,2
24633,3,3
24634,2,3
24635,5,7
24636,4,7
24637,3,3
24638,5,8
24639,3,3
24640,5,6
24641,6,6
24642,1,3
24643,5,5
24644,4,6
24645,6,7
24646,1,7
24647,2,2
24648,0,4
24649,8,8
24650,0,7
24651,2,3
24652,3,4
24653,2,2
24654,3,3
24655,3,3
24656,5,7
24657,2,7
24658,3,4
24659,5,5
24660,0,1
24661,2,2
24662,0,7
24663,3,5
24664,3,3
24665,2,2
24666,1,6
24667,2,2
24668,4,5
24669,5,5
24670,2,4
24671,5,7
24672,2,5
24673,5,6
24674,5,7
24675,6,6
24676,1,6
24677,3,3
24678,2,8
24679,6,8
24680,7,8
24681,6,6
24682,1,6
24683,5,7
24684,4,7
24685,2,2
24686,4,6
24687,4,4
24688,0,6
24689,3,3
24690,4,6
24691,5,5
24692,1,3
24693,6,6
24694,1,5
24695,6,6
24696,2,5
24697,5,8
24698,7,8
24699,3,4
24700,3,4
24701,6,6
24702,1,5
24703,4,4
24704,4,8
24705,3,8
24706,3,3
24707,5,6
24708,4,5
24709,6,6
24710,5,7
24711,3,3
24712,3,6
24713,5,6
24714,2,3
24715,4,4
24716,0,2
24717,7,8
24718,1,3
24719,3,7
24720,1,2
24721,4,4
24722,3,3
24723,3,3
24724,5,8
24725,2,7
24726,3,6
24727,7,7
24728,2,3
24729,3,7
24730,2,5
24731,2,2
24732,4,7
24733,4,4
24734,4,4
24735,3,7
24736,2,3
24737,5,5
24738,3,3
24739,3,3
24740,2,4
24741,4,5
24742,4,7
24743,3,3
24744,4,7
24745,4,7
24746,1,6
24747,3,3
24748,3,3
24749,5,5
24750,1,3
24751,5,5
24752,2,4
24753,5,5
24754,2,3
24755,5,5
24756,1,3
24757,3,5
24758,1,3
24759,3,8
24760,4,5
24761,3,3
24762,4,5
24763,7,7
24764,6,7
24765,8,8
24766,1,4
24767,5,5
24768,4,6
24769,5,6
24770,2,7
24771,4,5
24772,2,5
24773,2,2
24774,2,3
24775,5,5
24776,3,7
24777,6,7
24778,1,1
24779,4,6
24780,0,2
24781,4,4
24782,4,6
24783,3,3
24784,0,2
24785,7,8
24786,1,3
24787,5,6
24788,1,3
24789,5,6
24790,3,4
24791,4,4
24792,3,5
24793,5,8
24794,2,4
24795,7,7
24796,3,7
24797,3,6
24798,4,4
24799,5,7
24800,3,4
24801,3,3
24802,1,3
24803,9,9
24804,6,7
24805,4,4
24806,0,5
24807,2,2
24808,2,5
24809,3,3
24810,3,4
24811,3,3
24812,4,8
24813,3,3
24814,3,4
24815,2,2
24816,0,6
24817,3,3
24818,2,3
24819,5,5
24820,4,8
24821,2,5
24822,1,5
24823,7,7
24824,4,5
24825,4,4
24826,5,5
24827,4,4
24828,3,5
24829,2,6
24830,3,6
24831,2,3
24832,0,2
24833,4,7
24834,3,3
24835,6,8
24836,4,7
24837,4,5
24838,0,2
24839,2,2
24840,3,3
24841,3,3
24842,0,3
24843,5,6
24844,2,3
24845,4,5
24846,2,2
24847,2,2
24848,1,3
24849,5,6
24850,3,5
24851,4,7
24852,2,2
24853,4,4
24854,0,6
24855,3,3
24856,0,3
24857,6,6
24858,3,5
24859,3,6
24860,0,3
24861,2,2
24862,1,7
24863,3,3
24864,5,6
24865,7,7
24866,3,4
24867,3,3
24868,3,5
24869,3,3
24870,6,8
24871,3,5
24872,3,4
24873,6,6
24874,5,7
24875,5,6
24876,1,7
24877,6,6
24878,4,4
24879,4,5
24880,2,3
24881,4,4
24882,2,4
24883,2,2
24884,2,3
24885,5,6
24886,3,6
24887,2,7
24888,3,6
24889,5,7
24890,3,5
24891,3,3
24892,3,4
24893,5,5
24894,7,7
24895,4,4
24896,3,5
24897,4,8
24898,4,4
24899,5,7
24900,3,7
24901,4,4
24902,2,7
24903,6,6
24904,2,4
24905,2,2
24906,2,7
24907,4,4
24908,2,2
24909,5,7
24910,2,3
24911,3,3
24912,4,6
24913,3,3
24914,1,5
24915,3,3
24916,4,6
24917,6,6
24918,4,7
24919,7,7
24920,4,7
24921,2,3
24922,6,6
24923,7,7
24924,1,3
24925,3,3
24926,2,5
24927,3,5
24928,2,8
24929,3,3
24930,1,4
24931,4,4
24932,3,3
24933,4,4
24934,4,5
24935,5,5
24936,3,3
24937,5,5
24938,1,2
24939,2,5
24940,6,7
24941,2,3
24942,1,4
24943,6,8
24944,6,7
24945,3,3
24946,3,5
24947,7,7
24948,2,4
24949,3,3
24950,2,3
24951,5,7
24952,0,5
24953,4,4
24954,5,5
24955,4,4
24956,1,6
24957,4,4
24958,4,4
24959,7,7
24960,5,7
24961,2,2
24962,4,5
24963,4,5
24964,5,5
24965,5,5
24966,1,3
24967,4,5
24968,2,6
24969,5,5
24970,1,1
24971,3,3
24972,3,4
24973,3,3
24974,0,2
24975,4,7
24976,2,8
24977,6,6
24978,6,7
24979,3,3
24980,1,4
24981,1,1
24982,0,2
24983,3,3
24984,4,6
24985,6,6
24986,5,6
24987,6,6
24988,5,6
24989,6,8
24990,1,1
24991,4,4
24992,4,5
24993,2,6
24994,0,5
24995,2,3
24996,3,4
24997,7,7
24998,2,3
24999,4,5
25000,2,7
25001,6,7
25002,3,6
25003,3,3
25004,3,6
25005,2,2
25006,0,6
25007,2,2
25008,3,5
25009,7,7
25010,4,5
25011,3,4
25012,4,6
25013,2,2
25014,1,5
25015,4,6
25016,3,5
25017,2,2
25018,5,7
25019,7,8
25020,3,8
25021,6,6
25022,2,4
25023,3,3
25024,4,4
25025,2,2
25026,1,2
25027,2,2
25028,6,6
25029,6,6
25030,5,7
25031,3,3
25032,2,2
25033,5,5
25034,2,5
25035,5,5
25036,6,7
25037,7,7
25038,1,2
25039,6,6
25040,2,3
25041,5,5
25042,0,3
25043,8,8
25044,3,5
25045,3,3
25046,3,5
25047,7,7
25048,1,1
25049,5,5
25050,5,6
25051,2,2
25052,1,8
25053,5,6
25054,5,7
25055,3,3
25056,4,5
25057,3,6
25058,1,1
25059,2,3
25060,1,2
25061,3,3
25062,2,2
25063,2,4
25064,2,2
25065,6,8
25066,5,7
25067,5,5
25068,3,3
25069,3,7
25070,1,7
25071,2,2
25072,4,6
25073,7,8
25074,4,7
25075,2,2
25076,5,5
25077,6,6
25078,5,6
25079,3,3
25080,1,2
25081,3,3
25082,3,7
25083,3,3
25084,3,5
25085,3,3
25086,1,2
25087,5,6
25088,2,2
25089,2,6
25090,5,6
25091,3,7
25092,3,3
25093,2,2
25094,6,6
25095,5,6
25096,2,8
25097,5,5
25098,1,5
25099,3,4
25100,0,2
25101,3,8
25102,2,4
25103,7,7
25104,3,5
25105,4,4
25106,2,3
25107,6,6
25108,0,9
25109,2,2
25110,4,9
25111,6,7
25112,2,2
25113,3,5
25114,1,8
25115,6,7
25116,3,3
25117,6,6
25118,0,8
25119,6,6
25120,4,6
25121,5,5
25122,1,3
25123,6,6
25124,0,6
25125,2,2
25126,4,6
25127,4,4
25128,6,7
25129,2,2
25130,3,4
25131,6,6
25132,1,2
25133,8,8
25134,4,4
25135,2,2
25136,3,5
25137,3,4
25138,2,4
25139,4,4
25140,3,7
25141,2,5
25142,1,2
25143,2,2
25144,0,2
25145,5,6
25146,5,7
25147,3,3
25148,3,7
25149,5,5
25150,2,3
25151,5,5
25152,2,8
25153,5,5
25154,1,8
25155,2,2
25156,2,2
25157,3,7
25158,2,3
25159,6,6
25160,4,6
25161,3,3
25162,4,5
25163,4,4
25164,0,6
25165,3,6
25166,1,6
25167,2,2
25168,2,3
25169,5,5
25170,0,6
25171,3,3
25172,2,3
25173,2,8
25174,0,2
25175,3,3
25176,5,8
25177,4,6
25178,1,2
25179,3,3
25180,2,2
25181,7,7
25182,0,5
25183,3,4
25184,1,7
25185,7,7
25186,4,5
25187,5,8
25188,7,7
25189,3,3
25190,1,7
25191,6,6
25192,1,3
25193,6,6
25194,4,8
25195,5,7
25196,2,3
25197,2,2
25198,2,4
25199,3,5
25200,1,2
25201,3,5
25202,3,4
25203,4,5
25204,6,7
25205,4,6
25206,6,8
25207,3,3
25208,0,7
25209,2,3
25210,5,6
25211,7,7
25212,1,4
25213,8,8
25214,0,7
25215,4,4
25216,3,5
25217,5,5
25218,5,6
25219,3,4
25220,0,6
25221,7,7
25222,1,2
25223,4,4
25224,4,6
25225,2,5
25226,4,4
25227,4,5
25228,1,2
25229,5,7
25230,0,3
25231,4,5
25232,7,8
25233,2,2
25234,3,5
25235,2,3
25236,2,8
25237,4,4
25238,2,6
25239,3,3
25240,0,3
25241,5,8
25242,5,5
25243,4,5
25244,2,3
25245,2,2
25246,0,6
25247,7,8
25248,3,4
25249,3,5
25250,1,6
25251,8,8
25252,2,2
25253,3,3
25254,7,8
25255,3,3
25256,4,8
25257,2,2
25258,2,2
25259,4,4
25260,0,6
25261,1,1
25262,3,4
25263,4,4
25264,2,2
25265,2,3
25266,0,4
25267,6,8
25268,0,5
25269,3,3
25270,2,3
25271,3,4
25272,3,7
25273,2,2
25274,2,2
25275,7,7
25276,8,8
25277,4,6
25278,3,5
25279,8,8
25280,2,2
25281,7,7
25282,2,4
25283,4,6
25284,1,3
25285,5,6
25286,7,8
25287,6,7
25288,2,2
25289,5,6
25290,4,5
25291,3,5
25292,2,4
25293,6,6
25294,3,4
25295,2,8
25296,5,7
25297,2,2
25298,1,5
25299,6,6
25300,0,9
25301,5,5
25302,4,8
25303,3,3
25304,1,4
25305,2,2
25306,0,5
25307,5,7
25308,0,2
25309,4,4
25310,1,2
25311,8,8
25312,1,3
25313,6,6
25314,6,6
25315,2,2
25316,3,4
25317,6,6
25318,1,2
25319,5,5
25320,6,7
25321,4,4
25322,2,3
25323,2,2
25324,2,2
25325,4,4
25326,5,7
25327,3,3
25328,2,7
25329,2,2
25330,5,7
25331,2,2
25332,1,4
25333,5,7
25334,2,7
25335,5,7
25336,2,2
25337,2,2
25338,3,5
25339,2,2
25340,4,5
25341,6,6
25342,4,7
25343,2,2
25344,3,3
25345,4,6
25346,2,6
25347,5,5
25348,4,6
25349,4,4
25350,2,4
25351,3,6
25352,4,4
25353,7,7
25354,5,6
25355,3,3
25356,4,5
25357,2,2
25358,3,3
25359,2,2
25360,3,6
25361,3,3
25362,1,3
25363,2,2
25364,0,2
25365,3,3
25366,2,2
25367,5,6
25368,0,3
25369,2,2
25370,4,5
25371,5,5
25372,3,3
25373,3,4
25374,5,6
25375,6,7
25376,2,3
25377,2,2
25378,2,6
25379,2,2
25380,0,3
25381,6,6
25382,2,2
25383,5,5
25384,2,5
25385,5,6
25386,1,2
25387,5,5
25388,0,7
25389,4,6
25390,2,7
25391,3,7
25392,2,2
25393,5,7
25394,2,2
25395,2,3
25396,1,7
25397,5,5
25398,3,8
25399,2,2
25400,4,5
25401,8,8
25402,4,8
25403,3,3
25404,2,4
25405,3,3
25406,3,5
25407,7,7
25408,1,2
25409,4,4
25410,4,5
25411,4,4
25412,4,8
25413,3,3
25414,1,6
25415,6,6
25416,1,3
25417,6,8
25418,3,8
25419,5,5
25420,2,5
25421,4,4
25422,4,4
25423,6,6
25424,4,5
25425,4,4
25426,5,7
25427,3,8
25428,1,5
25429,2,2
25430,2,3
25431,2,3
25432,1,7
25433,7,8
25434,2,4
25435,4,4
25436,4,7
25437,3,3
25438,1,7
25439,8,8
25440,2,6
25441,3,8
25442,0,5
25443,5,5
25444,4,4
25445,4,4
25446,1,5
25447,4,5
25448,0,5
25449,6,6
25450,1,3
25451,4,4
25452,1,4
25453,6,6
25454,5,6
25455,4,5
25456,2,3
25457,2,2
25458,5,7
25459,2,2
25460,0,3
25461,3,3
25462,1,4
25463,4,4
25464,1,5
25465,6,6
25466,4,4
25467,4,7
25468,2,3
25469,6,7
25470,5,8
25471,4,4
25472,2,3
25473,5,5
25474,4,4
25475,7,7
25476,3,3
25477,6,6
25478,2,4
25479,6,6
25480,2,3
25481,4,4
25482,3,5
25483,3,7
25484,3,3
25485,2,7
25486,2,2
25487,5,6
25488,0,5
25489,2,6
25490,3,3
25491,6,6
25492,3,3
25493,2,2
25494,2,2
25495,4,4
25496,3,4
25497,5,5
25498,2,5
25499,6,6
25500,0,2
25501,6,6
25502,2,4
25503,3,5
25504,7,9
25505,2,5
25506,1,3
25507,3,8
25508,4,5
25509,5,5
25510,3,5
25511,3,4
25512,3,6
25513,2,2
25514,1,4
25515,3,4
25516,0,2
25517,4,4
25518,2,2
25519,2,2
25520,2,6
25521,2,6
25522,3,7
25523,6,6
25524,0,6
25525,2,2
25526,3,3
25527,2,2
25528,1,3
25529,3,4
25530,3,7
25531,6,6
25532,7,8
25533,6,8
25534,3,3
25535,7,7
25536,3,4
25537,6,8
25538,0,3
25539,2,2
25540,3,3
25541,2,2
25542,2,6
25543,3,5
25544,3,9
25545,6,6
25546,4,6
25547,6,6
25548,2,5
25549,2,2
25550,5,5
25551,2,7
25552,2,3
25553,4,5
25554,1,3
25555,2,2
25556,2,5
25557,3,4
25558,2,7
25559,5,5
25560,3,3
25561,3,4
25562,3,6
25563,5,5
25564,0,5
25565,4,8
25566,6,7
25567,5,5
25568,1,4
25569,7,7
25570,4,6
25571,7,7
25572,5,6
25573,2,2
25574,0,3
25575,4,4
25576,4,4
25577,5,5
25578,5,7
25579,5,6
25580,1,8
25581,6,6
25582,3,7
25583,3,4
25584,1,4
25585,7,7
25586,4,6
25587,5,7
25588,7,8
25589,5,5
25590,2,3
25591,8,8
25592,4,8
25593,3,3
25594,8,9
25595,4,4
25596,6,8
25597,4,4
25598,1,2
25599,4,4
25600,2,5
25601,2,2
25602,5,7
25603,3,3
25604,6,7
25605,2,2
25606,1,4
25607,3,3
25608,2,2
25609,2,7
25610,0,3
25611,3,4
25612,1,2
25613,7,7
25614,5,7
25615,6,6
25616,0,6
25617,2,7
25618,4,6
25619,3,3
25620,4,6
25621,3,8
25622,3,7
25623,4,6
25624,1,5
25625,3,6
25626,2,3
25627,2,8
25628,0,2
25629,5,7
25630,1,2
25631,2,2
25632,3,4
25633,5,6
25634,1,7
25635,5,6
25636,3,6
25637,6,6
25638,1,4
25639,4,8
25640,3,3
25641,6,6
25642,3,7
25643,7,7
25644,1,2
25645,3,3
25646,0,3
25647,3,3
25648,3,6
25649,2,2
25650,0,3
25651,5,5
25652,0,5
25653,3,3
25654,4,4
25655,7,7
25656,3,7
25657,2,2
25658,3,3
25659,2,4
25660,2,4
25661,4,4
25662,3,6
25663,3,4
25664,3,6
25665,3,3
25666,3,4
25667,7,7
25668,3,4
25669,2,2
25670,0,2
25671,4,7
25672,4,5
25673,2,8
25674,3,5
25675,2,2
25676,5,7
25677,4,7
25678,2,2
25679,6,6
25680,4,7
25681,6,6
25682,3,8
25683,1,1
25684,2,5
25685,5,5
25686,2,2
25687,4,5
25688,2,4
25689,2,4
25690,4,7
25691,3,6
25692,1,6
25693,3,3
25694,6,7
25695,4,4
25696,2,2
25697,2,2
25698,2,2
25699,4,7
25700,2,5
25701,2,8
25702,6,6
25703,2,2
25704,5,8
25705,2,6
25706,5,8
25707,5,5
25708,6,8
25709,2,2
25710,2,3
25711,4,4
25712,4,7
25713,4,4
25714,2,3
25715,3,5
25716,2,7
25717,5,7
25718,2,5
25719,7,8
25720,3,5
25721,3,3
25722,4,6
25723,3,3
25724,0,3
25725,7,7
25726,1,2
25727,3,3
25728,2,2
25729,6,7
25730,3,6
25731,6,6
25732,4,6
25733,3,7
25734,1,3
25735,3,3
25736,5,7
25737,6,6
25738,1,4
25739,2,2
25740,2,2
25741,3,6
25742,4,7
25743,5,6
25744,2,3
25745,5,7
25746,2,4
25747,4,5
25748,2,2
25749,4,7
25750,2,3
25751,3,3
25752,1,5
25753,6,6
25754,7,8
25755,2,2
25756,2,5
25757,4,5
25758,2,7
25759,6,6
25760,2,4
25761,3,7
25762,4,6
25763,3,3
25764,2,5
25765,4,7
25766,0,5
25767,3,3
25768,1,4
25769,4,4
25770,1,7
25771,2,2
25772,2,3
25773,8,8
25774,2,2
25775,5,5
25776,3,6
25777,3,3
25778,2,3
25779,6,8
25780,4,7
25781,4,4
25782,1,2
25783,6,8
25784,2,3
25785,3,3
25786,1,2
25787,2,4
25788,1,3
25789,3,3
25790,0,8
25791,4,4
25792,1,6
25793,2,4
25794,1,7
25795,2,3
25796,2,2
25797,4,4
25798,1,3
25799,5,7
25800,1,2
25801,2,2
25802,4,4
25803,4,5
25804,6,8
25805,4,4
25806,0,4
25807,2,6
25808,2,2
25809,4,4
25810,1,3
25811,8,9
25812,3,4
25813,6,6
25814,4,5
25815,2,4
25816,3,4
25817,3,3
25818,2,5
25819,5,5
25820,2,3
25821,3,3
25822,2,2
25823,7,7
25824,2,3
25825,7,7
25826,2,2
25827,5,6
25828,0,4
25829,2,2
25830,3,3
25831,6,6
25832,1,2
25833,2,2
25834,3,3
25835,3,3
25836,3,3
25837,6,8
25838,0,1
25839,7,7
25840,0,3
25841,6,6
25842,3,4
25843,8,8
25844,1,4
25845,4,4
25846,7,8
25847,7,7
25848,0,2
25849,7,7
25850,3,9
25851,5,5
25852,1,2
25853,3,3
25854,2,3
25855,2,2
25856,1,5
25857,7,7
25858,5,8
25859,3,7
25860,3,4
25861,3,3
25862,3,3
25863,5,5
25864,5,6
25865,4,4
25866,3,4
25867,3,4
25868,6,6
25869,6,6
25870,3,3
25871,4,4
25872,1,3
25873,4,4
25874,6,6
25875,3,3
25876,3,5
25877,2,2
25878,5,6
25879,3,3
25880,4,6
25881,3,3
25882,2,2
25883,3,3
25884,5,8
25885,5,8
25886,1,2
25887,6,6
25888,2,6
25889,7,7
25890,2,4
25891,4,4
25892,1,6
25893,3,7
25894,1,6
25895,6,6
25896,1,2
25897,6,6
25898,1,8
25899,7,7
25900,0,6
25901,6,6
25902,4,7
25903,6,6
25904,2,5
25905,6,7
25906,2,4
25907,6,6
25908,1,5
25909,4,4
25910,2,7
25911,5,5
25912,2,6
25913,5,5
25914,1,7
25915,4,4
25916,6,6
25917,3,8
25918,2,7
25919,5,6
25920,6,7
25921,5,5
25922,4,6
25923,2,3
25924,5,6
25925,5,6
25926,2,7
25927,6,6
25928,1,7
25929,6,8
25930,3,4
25931,3,5
25932,1,2
25933,3,3
25934,2,6
25935,2,2
25936,0,2
25937,5,6
25938,4,4
25939,4,4
25940,4,7
25941,7,9
25942,5,7
25943,3,3
25944,0,8
25945,6,7
25946,1,3
25947,4,4
25948,4,7
25949,7,7
25950,1,6
25951,2,7
25952,1,5
25953,4,4
25954,5,7
25955,5,5
25956,0,5
25957,4,4
25958,4,4
25959,4,5
25960,5,6
25961,5,5
25962,2,2
25963,3,4
25964,4,6
25965,5,5
25966,4,8
25967,2,2
25968,2,5
25969,3,3
25970,2,7
25971,2,5
25972,0,2
25973,3,3
25974,3,4
25975,4,7
25976,1,5
25977,3,5
25978,0,4
25979,4,5
25980,5,8
25981,5,8
25982,6,6
25983,7,8
25984,1,3
25985,3,7
25986,1,8
25987,4,4
25988,2,7
25989,5,5
25990,5,6
25991,3,3
25992,2,4
25993,2,2
25994,4,5
25995,4,4
25996,6,6
25997,2,4
25998,1,3
25999,5,5
26000,0,2
26001,2,2
26002,4,7
26003,2,4
26004,4,7
26005,9,9
26006,7,8
26007,2,2
26008,1,4
26009,5,5
26010,3,3
26011,3,9
26012,6,6
26013,4,4
26014,1,2
26015,2,2
26016,2,2
26017,6,6
26018,5,5
26019,7,8
26020,5,7
26021,7,8
26022,0,5
26023,2,5
26024,2,3
26025,2,4
26026,4,5
26027,2,2
26028,3,4
26029,5,5
26030,3,3
26031,2,2
26032,2,2
26033,2,2
26034,4,4
26035,6,6
26036,6,7
26037,5,5
26038,0,3
26039,4,5
26040,2,4
26041,3,3
26042,5,7
26043,3,3
26044,0,5
26045,7,7
26046,3,3
26047,6,6
26048,1,3
26049,8,8
26050,3,4
26051,3,3
26052,1,2
26053,4,7
26054,1,5
26055,6,6
26056,0,2
26057,3,7
26058,5,6
26059,5,5
26060,2,7
26061,3,3
26062,4,4
26063,6,8
26064,4,4
26065,3,3
26066,1,2
26067,3,6
26068,3,4
26069,4,4
26070,2,6
26071,3,4
26072,2,3
26073,6,6
26074,2,8
26075,3,5
26076,3,3
26077,6,6
26078,6,6
26079,3,3
26080,1,5
26081,3,7
26082,4,4
26083,6,6
26084,2,4
26085,5,5
26086,3,5
26087,5,7
26088,5,5
26089,3,6
26090,4,4
26091,6,6
26092,4,6
26093,2,2
26094,3,7
26095,2,2
26096,1,3
26097,4,7
26098,0,3
26099,2,3
26100,4,6
26101,3,6
26102,2,3
26103,7,7
26104,3,6
26105,4,5
26106,2,2
26107,2,2
26108,7,7
26109,4,4
26110,4,5
26111,4,7
26112,1,5
26113,2,2
26114,3,3
26115,7,7
26116,6,8
26117,2,2
26118,1,2
26119,6,7
26120,5,7
26121,5,5
26122,3,6
26123,8,8
26124,4,7
26125,3,6
26126,4,8
26127,2,2
26128,2,3
26129,3,3
26130,4,5
26131,2,5
26132,2,2
26133,4,4
26134,3,7
26135,5,5
26136,2,5
26137,5,5
26138,6,7
26139,6,7
26140,0,2
26141,7,7
26142,2,3
26143,3,3
26144,7,7
26145,5,8
26146,5,5
26147,2,2
26148,2,7
26149,6,6
26150,1,3
26151,4,7
26152,7,8
26153,5,6
26154,3,7
26155,3,3
26156,2,3
26157,4,8
26158,1,3
26159,2,3
26160,2,5
26161,7,7
26162,3,3
26163,6,6
26164,1,3
26165,2,2
26166,1,2
26167,2,2
26168,5,8
26169,3,3
26170,5,7
26171,3,3
26172,3,6
26173,4,4
26174,6,6
26175,2,5
26176,4,6
26177,6,6
26178,1,7
26179,3,6
26180,1,5
26181,4,6
26182,1,3
26183,3,4
26184,5,7
26185,8,8
26186,4,8
26187,3,4
26188,2,3
26189,2,2
26190,1,3
26191,3,6
26192,1,4
26193,2,2
26194,5,6
26195,3,3
26196,2,3
26197,7,8
26198,4,5
26199,4,4
26200,3,4
26201,2,2
26202,2,5
26203,4,7
26204,1,2
26205,3,3
26206,0,3
26207,3,3
26208,4,8
26209,3,3
26210,4,6
26211,5,5
26212,6,7
26213,3,4
26214,3,6
26215,4,4
26216,3,4
26217,7,7
26218,2,3
26219,6,6
26220,3,8
26221,5,5
26222,0,3
26223,6,6
26224,3,5
26225,5,5
26226,5,8
26227,2,3
26228,3,4
26229,3,3
26230,3,8
26231,3,4
26232,3,3
26233,2,3
26234,1,2
26235,2,3
26236,0,2
26237,8,8
26238,3,4
26239,2,4
26240,7,7
26241,6,6
26242,4,7
26243,3,6
26244,2,4
26245,6,6
26246,2,2
26247,3,3
26248,3,4
26249,1,1
26250,5,6
26251,5,7
26252,1,4
26253,3,3
26254,2,2
26255,6,7
26256,6,6
26257,6,6
26258,3,7
26259,5,5
26260,1,1
26261,5,7
26262,1,2
26263,5,5
26264,2,3
26265,7,7
26266,2,3
26267,4,5
26268,1,3
26269,5,6
26270,2,3
26271,3,6
26272,6,7
26273,3,3
26274,3,6
26275,4,5
26276,3,4
26277,7,7
26278,4,7
26279,3,3
26280,2,2
26281,2,2
26282,3,4
26283,3,3
26284,3,4
26285,3,3
26286,6,8
26287,7,7
26288,3,4
26289,7,7
26290,1,2
26291,8,8
26292,1,2
26293,2,2
26294,5,6
26295,3,3
26296,0,7
26297,6,7
26298,5,6
26299,2,4
26300,6,8
26301,2,2
26302,2,2
26303,4,8
26304,1,7
26305,2,2
26306,6,6
26307,2,2
26308,2,3
26309,3,5
26310,2,2
26311,5,7
26312,3,3
26313,2,2
26314,2,3
26315,4,4
26316,3,3
26317,3,4
26318,1,4
26319,3,3
26320,3,3
26321,6,6
26322,0,2
26323,2,2
26324,3,3
26325,4,4
26326,2,8
26327,4,4
26328,6,7
26329,4,4
26330,4,4
26331,4,4
26332,5,7
26333,2,2
26334,6,6
26335,3,4
26336,8,8
26337,2,2
26338,6,7
26339,2,2
26340,0,6
26341,7,7
26342,5,6
26343,3,6
26344,5,6
26345,4,4
26347,1,2
26348,2,2
26349,2,2
26350,7,7
26351,4,6
26352,3,6
26353,4,5
26354,2,8
26355,0,8
26356,2,3
26357,2,2
26358,3,3
26359,5,6
26360,5,8
26361,2,7
26362,4,4
26363,3,3
26364,3,3
26365,1,2
26366,2,2
26367,2,3
26368,2,2
26369,2,2
26370,6,6
26371,6,7
26372,5,5
26373,5,8
26374,5,6
26375,3,5
26376,7,8
26377,3,4
26378,4,4
26379,4,8
26380,3,6
26381,6,7
26382,3,3
26383,5,8
26384,6,7
26385,3,5
26386,6,6
26387,0,2
26388,7,7
26389,2,2
26390,2,4
26391,0,2
26392,3,4
26393,1,5
26394,3,3
26395,2,5
26396,2,2
26397,3,6
26398,3,3
26399,5,7
26400,3,3
26401,2,4
26402,5,6
26403,5,7
26404,2,2
26405,1,7
26406,4,6
26407,1,5
26408,8,8
26409,0,7
26410,5,5
26411,1,6
26412,7,7
26413,0,3
26414,5,5
26415,4,6
26416,5,5
26417,5,6
26418,2,2
26419,0,8
26420,5,6
26421,2,7
26422,4,4
26423,2,6
26424,3,3
26425,2,3
26426,2,2
26427,1,6
26428,1,1
26429,5,5
26430,2,2
26431,2,7
26432,2,3
26433,5,5
26434,7,8
26435,3,5
26436,5,8
26437,4,7
26438,3,7
26439,2,6
26440,4,4
26441,3,7
26442,2,4
26443,0,5
26444,4,4
26445,4,4
26446,4,4
26447,2,3
26448,5,6
26449,0,5
26450,3,3
26451,2,2
26452,5,5
26453,6,8
26454,4,8
26455,3,6
26456,6,6
26457,4,6
26458,4,5
26459,0,7
26460,3,3
26461,2,2
26462,2,6
26463,1,2
26464,4,4
26465,2,2
26466,6,6
26467,2,2
26468,2,3
26469,3,3
26470,3,7
26471,2,3
26472,5,5
26473,2,3
26474,3,3
26475,1,3
26476,5,5
26477,2,3
26478,5,5
26479,4,4
26480,5,7
26481,4,4
26482,7,7
26483,2,3
26484,4,7
26485,1,4
26486,5,5
26487,1,2
26488,7,8
26489,4,8
26490,6,7
26491,5,5
26492,3,7
26493,3,5
26494,5,5
26495,0,5
26496,5,5
26497,3,4
26498,7,7
26499,6,8
26500,3,5
26501,6,9
26502,5,11
26503,0,6
26504,5,5
26505,3,4
26506,3,3
26507,4,6
26508,5,8
26509,7,7
26510,2,2
26511,3,5
26512,2,2
26513,0,6
26514,3,3
26515,5,8
26516,3,3
26517,4,4
26518,3,3
26519,0,6
26520,4,5
26521,4,5
26522,1,1
26523,2,2
26524,3,3
26525,3,3
26526,3,6
26527,6,8
26528,5,6
26529,0,3
26530,2,2
26531,1,2
26532,8,8
26533,0,6
26534,2,2
26535,4,5
26536,7,7
26537,3,5
26538,4,4
26539,1,4
26540,4,4
26541,5,6
26542,6,8
26543,3,4
26544,5,6
26545,2,2
26546,5,7
26547,4,7
26548,3,3
26549,2,2
26550,7,8
26551,2,2
26552,2,6
26553,1,4
26554,4,4
26555,2,2
26556,2,2
26557,0,5
26558,5,5
26559,3,6
26560,2,2
26561,5,5
26562,3,5
26563,1,3
26564,7,7
26565,1,3
26566,2,3
26567,3,4
26568,4,4
26569,3,4
26570,2,2
26571,3,5
26572,2,2
26573,7,9
26574,3,3
26575,3,3
26576,2,3
26577,3,3
26578,4,4
26579,3,5
26580,3,3
26581,2,3
26582,2,2
26583,2,5
26584,5,6
26585,2,2
26586,6,6
26587,1,4
26588,4,7
26589,2,3
26590,6,6
26591,2,2
26592,5,5
26593,6,7
26594,5,5
26595,3,3
26596,7,7
26597,2,2
26598,3,4
26599,1,7
26600,2,2
26601,1,7
26602,2,2
26603,1,1
26604,3,3
26605,1,2
26606,6,6
26607,3,5
26608,6,6
26609,3,3
26610,7,7
26611,4,6
26612,5,7
26613,3,4
26614,7,7
26615,2,3
26616,4,4
26617,5,7
26618,3,3
26619,4,7
26620,8,8
26621,2,3
26622,6,6
26623,2,3
26624,4,4
26625,3,6
26626,5,5
26627,0,7
26628,4,4
26629,2,3
26630,4,4
26631,1,2
26632,2,2
26633,4,5
26634,2,2
26635,3,4
26636,1,1
26637,0,3
26638,5,5
26639,4,6
26640,2,2
26641,2,8
26642,4,4
26643,2,2
26644,2,6
26645,3,3
26646,3,6
26647,2,2
26648,2,6
26649,3,3
26650,5,7
26651,3,4
26652,2,2
26653,2,4
26654,2,2
26655,6,6
26656,2,2
26657,2,2
26658,3,3
26659,0,6
26660,3,4
26661,3,8
26662,6,6
26663,4,5
26664,4,4
26665,2,3
26666,6,7
26667,5,5
26668,3,3
26669,5,6
26670,3,4
26671,5,7
26672,3,3
26673,5,5
26674,2,2
26675,4,5
26676,4,4
26677,1,2
26678,6,6
26679,6,9
26680,7,7
26681,6,7
26682,5,5
26683,6,6
26684,6,6
26685,4,6
26686,4,4
26687,5,6
26688,2,2
26689,0,2
26690,5,5
26691,4,5
26692,2,2
26693,1,6
26694,3,3
26695,7,8
26696,7,8
26697,4,7
26698,2,2
26699,1,2
26700,4,4
26701,0,7
26702,4,4
26703,1,3
26704,6,7
26705,0,3
26706,2,2
26707,5,5
26708,3,3
26709,3,3
26710,2,2
26711,4,7
26712,5,8
26713,6,8
26714,6,6
26715,1,5
26716,2,2
26717,0,5
26718,6,6
26719,6,9
26720,4,4
26721,2,4
26722,2,2
26723,1,2
26724,4,5
26725,1,4
26726,3,6
26727,1,4
26728,6,6
26729,2,2
26730,4,4
26731,0,4
26732,3,6
26733,0,2
26734,4,8
26735,4,4
26736,4,4
26737,4,5
26738,4,5
26739,1,5
26740,6,9
26741,0,4
26742,7,7
26743,5,7
26744,3,6
26745,0,5
26746,3,6
26747,1,2
26748,6,6
26749,2,2
26750,5,5
26751,3,3
26752,5,5
26753,7,8
26754,7,7
26755,5,7
26756,4,5
26757,4,6
26758,2,2
26759,4,7
26760,3,3
26761,2,2
26762,4,5
26763,4,7
26764,2,4
26765,3,6
26766,4,4
26767,2,5
26768,6,6
26769,5,7
26770,6,7
26771,3,3
26772,5,6
26773,3,3
26774,2,2
26775,1,3
26776,6,7
26777,1,2
26778,5,5
26779,2,4
26780,5,6
26781,3,6
26782,6,7
26783,0,8
26784,6,6
26785,4,7
26786,7,7
26787,3,3
26788,3,3
26789,6,7
26790,5,5
26791,2,3
26792,3,5
26793,4,4
26794,3,3
26795,5,6
26796,3,3
26797,2,5
26798,2,2
26799,6,8
26800,4,5
26801,1,7
26802,3,3
26803,3,8
26804,2,2
26805,3,8
26806,5,6
26807,7,7
26808,3,4
26809,2,5
26810,8,8
26811,3,7
26812,2,2
26813,0,5
26814,6,8
26815,1,6
26816,3,3
26817,5,5
26818,8,8
26819,3,3
26820,2,2
26821,4,5
26822,8,8
26823,3,3
26824,4,4
26825,2,3
26826,4,7
26827,3,6
26828,6,6
26829,2,7
26830,5,5
26831,1,1
26832,3,8
26833,0,8
26834,4,5
26835,0,3
26836,4,5
26837,0,6
26838,7,7
26839,0,2
26840,8,8
26841,1,5
26842,6,6
26843,1,3
26844,4,6
26845,4,6
26846,5,5
26847,2,5
26848,2,8
26849,2,3
26850,4,4
26851,4,6
26852,3,3
26853,4,7
26854,3,3
26855,6,9
26856,4,4
26857,2,6
26858,5,6
26859,3,4
26860,2,2
26861,5,5
26862,7,7
26863,1,1
26864,7,7
26865,5,7
26866,2,8
26867,4,4
26868,5,5
26869,1,2
26870,6,6
26871,4,4
26872,3,3
26873,5,7
26874,9,9
26875,0,4
26876,2,4
26877,1,2
26878,3,4
26879,1,2
26880,2,5
26881,4,6
26882,5,7
26883,4,4
26884,5,8
26885,3,5
26886,7,7
26887,1,8
26888,1,1
26889,2,4
26890,2,2
26891,1,3
26892,3,6
26893,3,3
26894,6,6
26895,3,3
26896,3,3
26897,1,2
26898,2,4
26899,3,3
26900,4,4
26901,2,5
26902,2,4
26903,3,7
26904,3,3
26905,4,5
26906,7,7
26907,2,2
26908,5,6
26909,4,5
26910,3,8
26911,4,7
26912,3,3
26913,3,3
26914,7,7
26915,1,3
26916,5,8
26917,6,6
26918,6,6
26919,3,4
26920,7,8
26921,5,7
26922,3,6
26923,1,3
26924,5,5
26925,1,2
26926,3,3
26927,2,5
26928,3,3
26929,2,5
26930,5,6
26931,1,6
26932,4,4
26933,5,6
26934,5,5
26935,3,3
26936,1,1
26937,2,3
26938,5,5
26939,1,3
26940,2,6
26941,6,6
26942,6,7
26943,2,3
26944,7,7
26945,5,7
26946,3,3
26947,5,8
26948,2,2
26949,6,8
26950,5,5
26951,4,7
26952,6,6
26953,1,5
26954,5,5
26955,5,6
26956,3,6
26957,0,4
26958,6,6
26959,5,7
26960,2,2
26961,4,6
26962,6,8
26963,2,2
26964,2,2
26965,2,3
26966,6,6
26967,5,5
26968,4,4
26969,2,7
26970,2,5
26971,6,8
26972,5,8
26973,3,7
26974,7,7
26975,2,3
26976,7,7
26977,1,4
26978,5,5
26979,1,2
26980,7,7
26981,1,3
26982,5,5
26983,2,2
26984,4,4
26985,0,6
26986,4,8
26987,0,2
26988,3,3
26989,0,8
26990,5,5
26991,4,4
26992,2,5
26993,2,2
26994,4,4
26995,2,2
26996,4,4
26997,0,6
26998,2,8
26999,3,4
27000,7,8
27001,5,7
27002,6,6
27003,2,8
27004,6,6
27005,3,7
27006,2,2
27007,1,2
27008,4,5
27009,2,3
27010,5,5
27011,3,4
27012,8,8
27013,2,2
27014,3,5
27015,2,4
27016,2,6
27017,1,6
27018,7,7
27019,2,3
27020,4,7
27021,2,4
27022,4,8
27023,2,4
27024,3,3
27025,3,7
27026,3,3
27027,5,5
27028,2,2
27029,3,5
27030,2,2
27031,3,3
27032,3,4
27033,3,5
27034,7,7
27035,5,5
27036,4,4
27037,3,7
27038,5,6
27039,2,6
27040,2,4
27041,0,6
27042,7,7
27043,5,8
27044,2,2
27045,2,2
27046,3,4
27047,0,3
27048,4,4
27049,2,4
27050,2,2
27051,5,7
27052,5,5
27053,7,8
27054,2,3
27055,2,4
27056,2,2
27057,2,2
27058,5,5
27059,4,4
27060,4,7
27061,1,6
27062,2,3
27063,2,3
27064,7,8
27065,0,7
27066,2,2
27067,2,4
27068,2,2
27069,0,7
27070,6,6
27071,1,2
27072,5,5
27073,3,4
27074,5,5
27075,4,4
27076,2,4
27077,5,6
27078,4,4
27079,3,5
27080,2,2
27081,3,3
27082,2,5
27083,1,6
27084,5,5
27085,1,6
27086,5,5
27087,2,2
27088,1,1
27089,1,5
27090,5,5
27091,3,3
27092,2,2
27093,4,5
27094,4,4
27095,4,8
27096,2,2
27097,4,6
27098,6,6
27099,5,6
27100,2,2
27101,7,7
27102,5,5
27103,5,7
27104,3,3
27105,1,1
27106,7,9
27107,1,2
27108,4,4
27109,0,4
27110,4,4
27111,2,2
27112,3,3
27113,6,7
27114,2,3
27115,2,2
27116,5,5
27117,2,2
27118,3,3
27119,0,2
27120,7,7
27121,1,1
27122,5,7
27123,5,8
27124,2,5
27125,3,3
27126,2,4
27127,3,5
27128,3,3
27129,2,2
27130,2,6
27131,2,3
27132,5,5
27133,4,4
27134,4,5
27135,0,3
27136,3,7
27137,0,2
27138,6,6
27139,2,2
27140,2,4
27141,0,4
27142,4,6
27143,0,4
27144,5,6
27145,3,3
27146,3,6
27147,3,5
27148,3,3
27149,3,3
27150,4,4
27151,4,4
27152,6,6
27153,3,4
27154,2,5
27155,3,4
27156,2,3
27157,1,2
27158,6,7
27159,3,3
27160,3,6
27161,1,2
27162,2,5
27163,2,6
27164,6,8
27165,3,6
27166,3,4
27167,2,2
27168,2,2
27169,1,2
27170,5,5
27171,5,9
27172,3,3
27173,0,3
27174,5,5
27175,3,6
27176,2,6
27177,6,7
27178,3,3
27179,3,5
27180,5,5
27181,5,8
27182,4,5
27183,2,2
27184,5,5
27185,2,4
27186,5,5
27187,3,5
27188,3,3
27189,3,5
27190,3,3
27191,5,6
27192,3,6
27193,1,6
27194,2,2
27195,2,4
27196,2,5
27197,0,5
27198,5,5
27199,3,4
27200,2,3
27201,2,7
27202,2,2
27203,1,6
27204,5,7
27205,3,5
27206,3,5
27207,1,2
27208,4,7
27209,3,5
27210,3,5
27211,3,3
27212,5,8
27213,2,4
27214,4,4
27215,1,4
27216,3,3
27217,3,3
27218,3,7
27219,2,6
27220,4,5
27221,1,6
27222,3,3
27223,2,6
27224,6,6
27225,1,3
27226,3,4
27227,3,8
27228,4,6
27229,3,4
27230,4,6
27231,4,7
27232,7,7
27233,6,7
27234,4,4
27235,1,6
27236,2,2
27237,2,5
27238,4,4
27239,3,5
27240,7,7
27241,0,3
27242,2,2
27243,7,7
27244,7,7
27245,1,2
27246,2,4
27247,6,7
27248,5,5
27249,2,2
27250,2,2
27251,1,1
27252,2,2
27253,3,3
27254,3,5
27255,2,3
27256,4,6
27257,4,5
27258,6,6
27259,2,2
27260,2,7
27261,4,5
27262,7,7
27263,2,2
27264,3,7
27265,0,6
27266,6,7
27267,6,8
27268,2,5
27269,2,5
27270,2,2
27271,1,3
27272,6,8
27273,3,6
27274,5,5
27275,4,7
27276,5,7
27277,4,5
27278,4,4
27279,2,4
27280,7,7
27281,3,3
27282,2,4
27283,0,8
27284,6,6
27285,5,6
27286,3,7
27287,4,5
27288,3,3
27289,2,5
27290,4,6
27291,5,5
27292,4,4
27293,2,2
27294,6,6
27295,5,7
27296,5,7
27297,4,5
27298,7,7
27299,4,7
27300,2,2
27301,5,7
27302,2,3
27303,4,8
27304,3,3
27305,6,7
27306,7,7
27307,5,7
27308,3,3
27309,3,3
27310,3,3
27311,2,6
27312,4,4
27313,1,3
27314,6,6
27315,5,6
27316,3,3
27317,2,2
27318,6,6
27319,1,2
27320,5,5
27321,2,2
27322,5,5
27323,5,6
27324,4,4
27325,2,2
27326,8,8
27327,6,8
27328,2,2
27329,3,3
27330,3,7
27331,3,3
27332,2,6
27333,1,2
27334,6,6
27335,5,6
27336,2,2
27337,3,5
27338,5,9
27339,1,5
27340,4,4
27341,2,4
27342,6,6
27343,3,8
27344,2,2
27345,4,8
27346,3,6
27347,4,5
27348,7,7
27349,2,2
27350,5,5
27351,1,4
27352,3,9
27353,1,2
27354,2,3
27355,3,7
27356,2,2
27357,0,5
27358,2,8
27359,3,3
27360,3,3
27361,5,7
27362,6,6
27363,3,3
27364,2,2
27365,5,6
27366,3,3
27367,0,5
27368,7,7
27369,5,7
27370,5,5
27371,2,3
27372,5,6
27373,1,2
27374,6,7
27375,1,8
27376,3,7
27377,2,6
27378,6,6
27379,3,3
27380,6,6
27381,3,5
27382,6,7
27383,3,4
27384,4,7
27385,4,7
27386,7,8
27387,1,4
27388,5,5
27389,2,2
27390,3,6
27391,5,7
27392,6,6
27393,1,2
27394,3,4
27395,6,7
27396,2,2
27397,1,3
27398,4,4
27399,5,5
27400,2,2
27401,8,9
27402,2,5
27403,2,2
27404,5,6
27405,1,2
27406,3,3
27407,1,7
27408,4,5
27409,1,8
27410,6,6
27411,1,4
27412,3,3
27413,5,7
27414,5,8
27415,5,5
27416,5,7
27417,2,5
27418,7,7
27419,6,8
27420,6,6
27421,1,4
27422,2,2
27423,5,6
27424,6,8
27425,1,3
27426,4,6
27427,1,5
27428,4,7
27429,2,5
27430,8,8
27431,1,2
27432,6,7
27433,2,2
27434,4,4
27435,3,4
27436,2,2
27437,2,3
27438,7,7
27439,2,2
27440,4,4
27441,2,4
27442,4,4
27443,1,2
27444,3,7
27445,3,5
27446,3,3
27447,1,3
27448,7,7
27449,2,3
27450,3,3
27451,2,3
27452,3,3
27453,0,5
27454,2,2
27455,1,2
27456,4,5
27457,2,4
27458,4,4
27459,3,6
27460,4,6
27461,3,7
27462,6,6
27463,6,6
27464,4,4
27465,4,8
27466,2,3
27467,4,6
27468,3,3
27469,2,6
27470,8,8
27471,1,3
27472,2,2
27473,3,8
27474,2,2
27475,1,2
27476,4,5
27477,0,4
27478,4,4
27479,1,6
27480,4,4
27481,3,5
27482,3,3
27483,6,6
27484,2,6
27485,1,3
27486,4,6
27487,0,4
27488,4,4
27489,3,3
27490,7,7
27491,2,2
27492,3,3
27493,3,5
27494,4,4
27495,0,3
27496,4,4
27497,0,4
27498,6,6
27499,5,7
27500,3,3
27501,3,5
27502,7,9
27503,2,7
27504,4,8
27505,3,4
27506,5,8
27507,3,4
27508,5,7
27509,4,5
27510,5,7
27511,1,5
27512,3,3
27513,5,8
27514,4,4
27515,1,6
27516,2,3
27517,1,8
27518,6,6
27519,3,4
27520,4,9
27521,5,5
27522,2,2
27523,1,2
27524,2,2
27525,2,5
27526,5,6
27527,4,7
27528,2,4
27529,2,2
27530,6,6
27531,3,6
27532,7,7
27533,3,8
27534,3,5
27535,0,2
27536,4,4
27537,3,6
27538,2,7
27539,2,4
27540,2,2
27541,4,5
27542,3,4
27543,7,8
27544,4,7
27545,0,2
27546,5,5
27547,5,8
27548,7,7
27549,3,4
27550,5,6
27551,4,5
27552,4,4
27553,3,6
27554,8,8
27555,4,6
27556,5,6
27557,0,3
27558,3,5
27559,4,6
27560,2,8
27561,0,8
27562,6,6
27563,3,6
27564,1,1
27565,1,8
27566,3,9
27567,2,2
27568,5,8
27569,2,3
27570,4,4
27571,2,2
27572,6,7
27573,4,5
27574,2,3
27575,1,8
27576,5,5
27577,3,4
27578,2,2
27579,2,3
27580,8,8
27581,0,7
27582,4,4
27583,0,5
27584,7,7
27585,1,4
27586,3,3
27587,4,8
27588,7,7
27589,3,3
27590,6,6
27591,2,3
27592,4,8
27593,3,3
27594,5,5
27595,3,8
27596,4,4
27597,3,8
27598,7,7
27599,2,2
27600,5,5
27601,6,6
27602,2,2
27603,2,5
27604,6,6
27605,5,9
27606,2,2
27607,4,4
27608,3,3
27609,2,2
27610,6,9
27611,5,5
27612,3,4
27613,3,6
27614,5,5
27615,3,4
27616,7,7
27617,5,8
27618,7,7
27619,2,2
27620,3,3
27621,2,4
27622,3,5
27623,3,7
27624,5,6
27625,3,4
27626,5,5
27627,4,6
27628,4,4
27629,3,3
27630,5,6
27631,1,4
27632,4,4
27633,2,7
27634,4,4
27635,0,6
27636,3,6
27637,1,8
27638,4,4
27639,2,3
27640,3,3
27641,1,7
27642,4,7
27643,2,3
27644,4,5
27645,3,4
27646,8,8
27647,2,3
27648,2,2
27649,0,7
27650,7,7
27651,2,5
27652,7,7
27653,2,3
27654,2,2
27655,0,4
27656,4,4
27657,3,6
27658,2,2
27659,2,6
27660,6,6
27661,3,4
27662,2,3
27663,1,2
27664,4,6
27665,2,5
27666,2,3
27667,1,5
27668,6,8
27669,7,7
27670,2,2
27671,2,4
27672,5,9
27673,3,5
27674,5,6
27675,3,5
27676,4,8
27677,2,3
27678,2,2
27679,1,8
27680,2,2
27681,2,2
27682,3,3
27683,0,7
27684,4,4
27685,1,7
27686,4,7
27687,3,3
27688,5,5
27689,2,2
27690,6,6
27691,5,6
27692,6,6
27693,2,3
27694,4,4
27695,2,3
27696,3,6
27697,3,5
27698,5,6
27699,3,3
27700,3,3
27701,1,8
27702,2,6
27703,5,5
27704,2,4
27705,3,5
27706,3,6
27707,4,5
27708,6,6
27709,2,7
27710,2,8
27711,4,8
27712,5,7
27713,0,2
27714,7,7
27715,0,6
27716,3,4
27717,1,4
27718,4,5
27719,3,3
27720,3,5
27721,2,3
27722,7,7
27723,1,6
27724,5,6
27725,0,2
27726,3,3
27727,2,7
27728,2,2
27729,2,3
27730,2,4
27731,1,8
27732,3,3
27733,5,8
27734,2,2
27735,3,4
27736,2,6
27737,3,8
27738,5,7
27739,3,7
27740,6,7
27741,1,4
27742,2,5
27743,6,7
27744,6,6
27745,3,3
27746,8,8
27747,4,6
27748,3,3
27749,2,7
27750,3,3
27751,1,8
27752,3,3
27753,2,3
27754,4,8
27755,3,6
27756,4,4
27757,2,3
27758,6,7
27759,1,4
27760,2,3
27761,0,6
27762,7,7
27763,4,5
27764,6,7
27765,3,4
27766,2,2
27767,2,4
27768,2,4
27769,5,7
27770,4,8
27771,1,4
27772,6,6
27773,1,6
27774,6,6
27775,2,3
27776,2,2
27777,2,2
27778,2,5
27779,2,3
27780,2,2
27781,5,6
27782,3,3
27783,5,7
27784,5,5
27785,5,5
27786,8,8
27787,4,7
27788,3,3
27789,3,5
27790,4,4
27791,0,1
27792,4,4
27793,2,2
27794,8,8
27795,1,3
27796,2,2
27797,3,4
27798,2,2
27799,1,6
27800,2,4
27801,4,4
27802,4,4
27803,2,2
27804,4,7
27805,1,4
27806,3,4
27807,4,6
27808,3,4
27809,0,6
27810,3,5
27811,4,4
27812,8,8
27813,2,3
27814,3,5
27815,4,5
27816,6,8
27817,1,2
27818,5,9
27819,4,5
27820,5,5
27821,4,7
27822,4,4
27823,5,6
27824,4,6
27825,0,2
27826,6,7
27827,7,8
27828,5,5
27829,0,5
27830,2,2
27831,1,2
27832,7,7
27833,4,6
27834,5,5
27835,1,5
27836,7,8
27837,2,5
27838,7,8
27839,7,7
27840,5,6
27841,3,4
27842,3,4
27843,5,8
27844,6,6
27845,1,3
27846,6,7
27847,3,3
27848,6,8
27849,7,8
27850,6,7
27851,0,6
27852,6,6
27853,0,4
27854,3,6
27855,3,4
27856,5,5
27857,4,6
27858,5,5
27859,6,6
27860,4,8
27861,1,2
27862,6,6
27863,2,3
27864,6,6
27865,2,7
27866,2,2
27867,3,6
27868,2,2
27869,3,3
27870,7,8
27871,4,6
27872,4,4
27873,1,7
27874,7,7
27875,2,5
27876,3,3
27877,4,6
27878,2,2
27879,4,5
27880,3,7
27881,5,8
27882,5,5
27883,4,7
27884,2,6
27885,4,5
27886,5,5
27887,3,5
27888,6,6
27889,1,2
27890,3,3
27891,1,3
27892,6,6
27893,3,5
27894,5,5
27895,3,4
27896,2,5
27897,2,2
27898,3,5
27899,2,5
27900,2,2
27901,4,7
27902,7,8
27903,2,2
27904,3,4
27905,3,5
27906,2,5
27907,2,5
27908,2,3
27909,3,7
27910,2,5
27911,2,3
27912,7,7
27913,1,3
27914,3,3
27915,2,6
27916,3,3
27917,3,5
27918,3,3
27919,0,2
27920,7,7
27921,4,6
27922,3,3
27923,6,7
27924,3,3
27925,0,3
27926,2,2
27927,1,8
27928,5,5
27929,6,8
27930,5,8
27931,1,5
27932,1,1
27933,2,8
27934,7,7
27935,2,6
27936,6,6
27937,3,4
27938,2,2
27939,3,4
27940,4,4
27941,1,2
27942,2,2
27943,3,5
27944,7,7
27945,6,8
27946,2,2
27947,1,4
27948,7,7
27949,1,4
27950,5,5
27951,3,5
27952,5,8
27953,3,7
27954,5,5
27955,2,2
27956,3,3
27957,0,4
27958,3,3
27959,4,5
27960,5,5
27961,0,2
27962,2,2
27963,2,6
27964,3,3
27965,7,7
27966,4,7
27967,4,5
27968,6,6
27969,3,4
27970,7,8
27971,3,7
27972,2,2
27973,1,2
27974,7,7
27975,2,7
27976,6,6
27977,1,9
27978,7,7
27979,3,6
27980,3,7
27981,4,7
27982,6,7
27983,2,2
27984,3,5
27985,3,3
27986,6,6
27987,4,7
27988,5,5
27989,2,3
27990,4,6
27991,2,3
27992,2,7
27993,4,6
27994,4,5
27995,3,6
27996,2,2
27997,2,2
27998,5,5
27999,1,2
28000,3,4
28001,5,7
28002,5,8
28003,5,7
28004,4,4
28005,1,2
28006,3,3
28007,2,6
28008,2,2
28009,2,7
28010,2,2
28011,5,7
28012,3,5
28013,3,7
28014,2,2
28015,3,4
28016,5,9
28017,2,2
28018,6,6
28019,1,8
28020,5,7
28021,0,3
28022,2,5
28023,4,8
28024,2,4
28025,6,7
28026,4,4
28027,3,5
28028,6,6
28029,1,8
28030,5,6
28031,0,4
28032,3,3
28033,0,2
28034,3,7
28035,5,7
28036,4,4
28037,5,6
28038,3,5
28039,4,8
28040,7,7
28041,1,6
28042,3,3
28043,2,6
28044,2,4
28045,3,3
28046,8,8
28047,5,8
28048,3,3
28049,4,4
28050,4,4
28051,1,5
28052,7,7
28053,1,2
28054,2,2
28055,5,6
28056,7,8
28057,1,2
28058,3,5
28059,2,2
28060,5,9
28061,0,3
28062,7,7
28063,1,7
28064,3,4
28065,4,5
28066,5,7
28067,1,2
28068,8,8
28069,3,4
28070,7,8
28071,2,2
28072,3,3
28073,1,1
28074,6,6
28075,2,2
28076,3,3
28077,3,3
28078,6,6
28079,2,3
28080,6,6
28081,1,4
28082,5,8
28083,2,5
28084,5,5
28085,0,3
28086,2,2
28087,3,6
28088,5,5
28089,4,7
28090,3,6
28091,2,3
28092,3,5
28093,0,8
28094,3,8
28095,0,4
28096,3,3
28097,3,8
28098,6,6
28099,0,2
28100,2,6
28101,2,2
28102,5,5
28103,1,2
28104,3,3
28105,2,5
28106,6,8
28107,3,7
28108,3,3
28109,1,8
28110,6,6
28111,4,4
28112,3,3
28113,3,4
28114,6,6
28115,4,5
28116,6,6
28117,1,6
28118,3,7
28119,0,2
28120,5,7
28121,3,3
28122,3,3
28123,1,5
28124,2,3
28125,6,6
28126,4,4
28127,3,3
28128,7,7
28129,3,6
28130,3,3
28131,4,5
28132,2,2
28133,1,8
28134,8,9
28135,0,4
28136,7,7
28137,4,7
28138,7,7
28139,1,6
28140,5,8
28141,0,6
28142,4,5
28143,6,7
28144,4,4
28145,0,3
28146,4,5
28147,0,6
28148,3,3
28149,1,3
28150,2,2
28151,5,5
28152,3,5
28153,0,3
28154,5,5
28155,1,6
28156,4,4
28157,0,7
28158,2,2
28159,4,6
28160,2,4
28161,6,7
28162,2,2
28163,3,4
28164,4,4
28165,5,5
28166,2,3
28167,2,5
28168,4,4
28169,1,3
28170,3,3
28171,2,2
28172,2,2
28173,5,8
28174,7,7
28175,2,3
28176,8,8
28177,5,7
28178,4,7
28179,5,5
28180,4,4
28181,1,2
28182,4,6
28183,4,8
28184,4,4
28185,3,7
28186,5,5
28187,0,3
28188,3,4
28189,6,6
28190,5,7
28191,0,3
28192,8,8
28193,3,7
28194,2,2
28195,2,2
28196,4,4
28197,3,7
28198,5,7
28199,1,3
28200,2,2
28201,2,7
28202,2,4
28203,0,7
28204,7,7
28205,2,3
28206,2,2
28207,2,3
28208,6,6
28209,3,3
28210,3,3
28211,1,2
28212,2,6
28213,5,6
28214,4,4
28215,0,2
28216,2,3
28217,3,5
28218,3,5
28219,1,1
28220,4,4
28221,4,6
28222,3,3
28223,6,8
28224,2,7
28225,2,2
28226,3,3
28227,0,7
28228,2,2
28229,7,8
28230,4,4
28231,2,7
28232,5,5
28233,2,7
28234,3,6
28235,4,5
28236,7,9
28237,4,4
28238,5,5
28239,3,6
28240,3,8
28241,5,7
28242,6,6
28243,5,5
28244,6,6
28245,1,2
28246,3,3
28247,3,7
28248,2,2
28249,0,2
28250,5,5
28251,6,7
28252,3,8
28253,3,7
28254,3,3
28255,2,7
28256,5,5
28257,3,7
28258,5,6
28259,4,4
28260,5,6
28261,1,3
28262,4,6
28263,3,3
28264,6,8
28265,0,6
28266,7,7
28267,2,4
28268,2,2
28269,3,6
28270,3,3
28271,3,6
28272,3,3
28273,0,5
28274,2,2
28275,4,8
28276,3,4
28277,2,2
28278,5,5
28279,4,5
28280,3,3
28281,2,6
28282,2,6
28283,1,5
28284,7,7
28285,3,3
28286,4,8
28287,6,8
28288,4,4
28289,4,7
28290,2,2
28291,4,4
28292,4,5
28293,3,4
28294,3,3
28295,7,8
28296,6,6
28297,0,7
28298,3,3
28299,3,3
28300,5,5
28301,6,10
28302,6,6
28303,0,3
28304,3,3
28305,4,5
28306,4,6
28307,2,2
28308,3,4
28309,4,8
28310,4,5
28311,3,3
28312,5,5
28313,0,1
28314,2,2
28315,4,6
28316,5,5
28317,6,8
28318,7,7
28319,2,2
28320,2,2
28321,1,4
28322,3,5
28323,4,5
28324,3,6
28325,3,8
28326,6,6
28327,3,4
28328,5,5
28329,4,4
28330,5,5
28331,1,5
28332,4,8
28333,6,7
28334,4,4
28335,0,2
28336,7,8
28337,0,4
28338,2,6
28339,1,3
28340,6,7
28341,2,2
28342,4,4
28343,3,6
28344,4,4
28345,5,6
28346,2,2
28347,0,1
28348,3,3
28349,3,4
28350,6,6
28351,3,5
28352,4,8
28353,3,5
28354,6,6
28355,5,6
28356,3,6
28357,2,4
28358,2,2
28359,0,3
28360,4,4
28361,2,4
28362,2,2
28363,2,3
28364,5,7
28365,6,6
28366,3,7
28367,5,8
28368,2,3
28369,4,7
28370,5,5
28371,6,7
28372,3,8
28373,3,4
28374,6,6
28375,1,2
28376,4,5
28377,5,6
28378,2,2
28379,2,4
28380,3,3
28381,3,5
28382,4,5
28383,2,4
28384,3,3
28385,1,4
28386,9,9
28387,5,6
28388,4,4
28389,4,6
28390,2,2
28391,2,2
28392,7,7
28393,5,7
28394,4,6
28395,2,7
28396,3,3
28397,1,6
28398,2,2
28399,3,5
28400,3,3
28401,2,7
28402,3,3
28403,3,3
28404,3,3
28405,3,3
28406,3,3
28407,1,7
28408,3,3
28409,3,6
28410,2,3
28411,4,5
28412,8,8
28413,1,5
28414,7,7
28415,0,3
28416,6,6
28417,1,6
28418,3,3
28419,4,7
28420,2,2
28421,1,2
28422,4,5
28423,3,3
28424,3,6
28425,5,7
28426,4,6
28427,3,4
28428,7,7
28429,1,5
28430,5,5
28431,1,3
28432,7,7
28433,4,5
28434,3,3
28435,3,6
28436,4,4
28437,3,5
28438,2,2
28439,3,3
28440,7,7
28441,5,5
28442,2,4
28443,5,5
28444,7,7
28445,2,3
28446,5,5
28447,1,3
28448,2,2
28449,7,8
28450,6,6
28451,3,5
28452,8,8
28453,1,6
28454,4,4
28455,4,4
28456,2,2
28457,1,6
28458,6,6
28459,0,4
28460,5,6
28461,5,6
28462,3,3
28463,5,6
28464,4,4
28465,5,8
28466,2,2
28467,1,2
28468,5,6
28469,3,3
28470,4,5
28471,0,1
28472,8,8
28473,1,4
28474,4,4
28475,3,3
28476,6,7
28477,2,5
28478,3,5
28479,1,6
28480,3,3
28481,2,2
28482,5,5
28483,3,3
28484,5,5
28485,5,5
28486,4,4
28487,3,6
28488,3,6
28489,1,5
28490,2,2
28491,2,3
28492,2,5
28493,5,8
28494,2,2
28495,1,2
28496,8,9
28497,2,3
28498,3,3
28499,4,5
28500,5,5
28501,5,5
28502,5,5
28503,2,4
28504,2,5
28505,0,8
28506,6,7
28507,6,7
28508,6,6
28509,3,4
28510,3,3
28511,5,6
28512,2,4
28513,3,6
28514,5,7
28515,1,6
28516,7,9
28517,6,7
28518,5,5
28519,4,5
28520,4,4
28521,3,5
28522,2,2
28523,1,4
28524,4,4
28525,4,7
28526,5,5
28527,4,4
28528,4,4
28529,0,2
28530,6,6
28531,2,6
28532,3,3
28533,0,8
28534,4,4
28535,4,8
28536,5,5
28537,3,7
28538,3,3
28539,0,5
28540,5,5
28541,0,2
28542,3,3
28543,1,5
28544,8,8
28545,3,7
28546,3,3
28547,3,6
28548,4,4
28549,3,3
28550,2,3
28551,0,2
28552,6,6
28553,5,9
28554,5,5
28555,2,5
28556,5,6
28557,6,8
28558,6,6
28559,0,7
28560,8,8
28561,4,4
28562,5,5
28563,2,2
28564,2,6
28565,4,6
28566,4,4
28567,3,7
28568,7,7
28569,2,7
28570,5,5
28571,0,2
28572,3,4
28573,6,8
28574,2,2
28575,4,8
28576,5,5
28577,4,7
28578,7,8
28579,4,7
28580,3,5
28581,5,6
28582,2,2
28583,3,5
28584,3,3
28585,3,7
28586,4,7
28587,0,4
28588,6,6
28589,2,3
28590,5,6
28591,4,6
28592,4,8
28593,6,7
28594,4,4
28595,2,3
28596,3,3
28597,2,3
28598,2,5
28599,1,5
28600,4,4
28601,3,3
28602,5,5
28603,0,2
28604,2,2
28605,0,6
28606,4,6
28607,2,3
28608,4,8
28609,4,4
28610,5,7
28611,4,7
28612,5,5
28613,1,1
28614,3,3
28615,2,5
28616,5,5
28617,2,3
28618,5,7
28619,6,7
28620,5,7
28621,2,3
28622,6,6
28623,3,4
28624,6,7
28625,1,2
28626,4,7
28627,0,6
28628,4,4
28629,1,5
28630,3,3
28631,4,7
28632,3,3
28633,4,6
28634,2,2
28635,5,5
28636,5,7
28637,3,4
28638,4,4
28639,3,6
28640,2,2
28641,4,4
28642,2,7
28643,2,3
28644,4,8
28645,1,4
28646,3,3
28647,3,6
28648,6,6
28649,1,6
28650,2,2
28651,5,7
28652,5,5
28653,3,8
28654,3,6
28655,3,8
28656,3,4
28657,1,2
28658,5,6
28659,1,3
28660,4,5
28661,2,2
28662,5,8
28663,1,2
28664,8,8
28665,7,7
28666,4,4
28667,2,3
28668,6,7
28669,2,7
28670,4,4
28671,1,8
28672,3,3
28673,5,6
28674,2,2
28675,0,3
28676,4,7
28677,5,5
28678,4,5
28679,3,5
28680,2,3
28681,4,6
28682,5,6
28683,1,2
28684,4,4
28685,3,7
28686,2,2
28687,5,5
28688,6,7
28689,7,7
28690,5,9
28691,4,5
28692,4,4
28693,6,6
28694,3,3
28695,4,4
28696,6,6
28697,5,5
28698,5,5
28699,0,4
28700,5,6
28701,2,8
28702,4,8
28703,6,6
28704,5,5
28705,4,7
28706,3,5
28707,2,6
28708,5,5
28709,0,5
28710,2,2
28711,1,4
28712,8,8
28713,4,8
28714,4,5
28715,3,7
28716,4,4
28717,5,8
28718,4,4
28719,3,4
28720,3,3
28721,6,6
28722,5,7
28723,8,8
28724,3,3
28725,1,2
28726,3,8
28727,3,4
28728,4,5
28729,2,2
28730,2,7
28731,5,6
28732,3,6
28733,1,6
28734,2,2
28735,1,2
28736,2,6
28737,1,6
28738,3,6
28739,4,4
28740,8,8
28741,2,2
28742,3,4
28743,1,6
28744,3,5
28745,2,4
28746,4,4
28747,4,6
28748,10,10
28749,5,7
28750,4,4
28751,5,5
28752,3,3
28753,3,7
28754,3,3
28755,6,7
28756,3,5
28757,1,3
28758,2,4
28759,3,3
28760,4,4
28761,1,2
28762,2,2
28763,1,3
28764,2,2
28765,2,3
28766,2,2
28767,4,6
28768,6,6
28769,2,2
28770,3,3
28771,4,7
28772,4,4
28773,6,7
28774,4,4
28775,1,2
28776,7,7
28777,3,5
28778,7,8
28779,1,5
28780,4,4
28781,3,4
28782,6,7
28783,1,3
28784,1,1
28785,4,5
28786,7,7
28787,5,6
28788,3,6
28789,1,3
28790,2,2
28791,2,6
28792,2,4
28793,1,2
28794,4,4
28795,5,8
28796,3,3
28797,1,2
28798,5,5
28799,5,6
28800,5,5
28801,1,3
28802,2,2
28803,1,4
28804,5,8
28805,5,6
28806,4,4
28807,3,3
28808,7,8
28809,2,7
28810,5,5
28811,4,5
28812,4,4
28813,2,6
28814,4,7
28815,5,6
28816,7,7
28817,0,5
28818,5,6
28819,0,2
28820,6,6
28821,2,6
28822,8,8
28823,0,5
28824,5,5
28825,1,7
28826,8,8
28827,2,2
28828,3,3
28829,2,7
28830,2,2
28831,2,3
28832,5,5
28833,3,3
28834,3,3
28835,1,3
28836,5,5
28837,5,5
28838,2,2
28839,4,4
28840,3,3
28841,1,6
28842,5,6
28843,2,4
28844,4,4
28845,6,7
28846,6,6
28847,2,5
28848,6,6
28849,5,5
28850,2,3
28851,5,7
28852,2,2
28853,3,4
28854,2,6
28855,4,8
28856,5,5
28857,4,4
28858,5,5
28859,0,3
28860,3,3
28861,4,4
28862,3,3
28863,1,6
28864,6,6
28865,3,4
28866,1,1
28867,4,7
28868,5,5
28869,2,2
28870,2,2
28871,2,7
28872,4,4
28873,3,6
28874,3,5
28875,0,5
28876,8,8
28877,0,4
28878,2,4
28879,5,8
28880,4,4
28881,0,5
28882,3,5
28883,6,7
28884,4,4
28885,3,4
28886,2,2
28887,5,7
28888,2,3
28889,4,7
28890,4,6
28891,3,4
28892,7,7
28893,4,4
28894,5,5
28895,2,2
28896,4,6
28897,3,5
28898,3,7
28899,0,5
28900,4,4
28901,2,4
28902,6,7
28903,2,2
28904,2,2
28905,3,8
28906,2,4
28907,2,5
28908,6,6
28909,3,3
28910,2,2
28911,1,5
28912,4,5
28913,5,8
28914,8,8
28915,2,3
28916,8,8
28917,1,5
28918,2,2
28919,3,3
28920,3,5
28921,0,2
28922,3,4
28923,4,5
28924,8,8
28925,3,3
28926,7,7
28927,5,7
28928,6,7
28929,2,7
28930,7,7
28931,2,2
28932,7,7
28933,2,4
28934,2,6
28935,4,5
28936,6,8
28937,2,3
28938,3,3
28939,3,4
28940,7,7
28941,2,6
28942,2,5
28943,0,8
28944,3,3
28945,3,5
28946,5,5
28947,4,5
28948,4,4
28949,0,4
28950,7,7
28951,1,4
28952,4,4
28953,3,8
28954,2,4
28955,0,4
28956,2,2
28957,1,5
28958,3,3
28959,2,5
28960,4,4
28961,1,6
28962,5,8
28963,3,7
28964,4,4
28965,2,2
28966,2,2
28967,0,5
28968,3,6
28969,2,3
28970,2,3
28971,2,2
28972,5,5
28973,3,3
28974,4,6
28975,6,6
28976,3,3
28977,2,6
28978,5,5
28979,2,6
28980,6,6
28981,2,4
28982,3,3
28983,2,8
28984,4,4
28985,1,2
28986,7,7
28987,3,5
28988,5,5
28989,5,5
28990,6,6
28991,4,5
28992,6,6
28993,3,4
28994,6,6
28995,1,2
28996,4,4
28997,3,6
28998,6,6
28999,5,8
29000,3,3
29001,3,4
29002,5,6
29003,3,8
29004,4,4
29005,2,3
29006,3,3
29007,1,6
29008,2,3
29009,2,2
29010,7,7
29011,1,3
29012,3,3
29013,2,2
29014,3,8
29015,1,4
29016,5,6
29017,1,2
29018,5,5
29019,3,4
29020,7,8
29021,4,7
29022,3,3
29023,2,3
29024,2,7
29025,5,8
29026,4,4
29027,6,7
29028,2,2
29029,4,5
29030,3,3
29031,1,7
29032,8,9
29033,0,4
29034,5,5
29035,1,5
29036,7,7
29037,3,4
29038,4,8
29039,5,7
29040,3,7
29041,4,7
29042,4,4
29043,1,5
29044,2,2
29045,2,2
29046,5,5
29047,1,2
29048,4,7
29049,2,3
29050,3,3
29051,3,3
29052,5,5
29053,0,4
29054,4,6
29055,5,6
29056,4,4
29057,1,3
29058,3,3
29059,2,2
29060,5,6
29061,5,6
29062,7,7
29063,4,6
29064,8,8
29065,2,3
29066,4,4
29067,3,4
29068,5,5
29069,1,5
29070,2,2
29071,2,3
29072,3,6
29073,3,3
29074,3,4
29075,3,3
29076,7,7
29077,2,2
29078,9,9
29079,2,3
29080,3,5
29081,1,3
29082,3,3
29083,4,6
29084,3,3
29085,3,4
29086,2,2
29087,4,4
29088,2,3
29089,1,3
29090,3,3
29091,3,3
29092,3,7
29093,6,6
29094,6,6
29095,1,4
29096,5,6
29097,1,8
29098,2,2
29099,5,7
29100,5,5
29101,2,6
29102,2,7
29103,2,2
29104,2,5
29105,3,4
29106,4,6
29107,6,7
29108,3,3
29109,3,4
29110,3,3
29111,4,4
29112,2,2
29113,3,5
29114,3,6
29115,4,7
29116,2,2
29117,2,3
29118,5,6
29119,4,6
29120,7,8
29121,4,6
29122,5,6
29123,4,4
29124,2,2
29125,1,5
29126,2,3
29127,5,5
29128,3,3
29129,1,2
29130,5,5
29131,4,6
29132,2,2
29133,2,2
29134,2,2
29135,3,4
29136,2,7
29137,3,5
29138,7,7
29139,1,3
29140,3,3
29141,2,3
29142,3,5
29143,3,5
29144,3,3
29145,0,3
29146,6,6
29147,3,8
29148,4,6
29149,4,7
29150,7,8
29151,3,3
29152,4,4
29153,0,3
29154,5,5
29155,1,5
29156,3,3
29157,4,6
29158,4,7
29159,1,4
29160,3,3
29161,4,4
29162,4,4
29163,4,6
29164,2,2
29165,2,5
29166,5,6
29167,1,2
29168,4,4
29169,3,3
29170,4,4
29171,1,2
29172,4,4
29173,5,8
29174,4,6
29175,6,8
29176,2,2
29177,3,3
29178,4,4
29179,2,2
29180,5,6
29181,0,5
29182,4,4
29183,1,2
29184,3,5
29185,4,8
29186,5,5
29187,5,5
29188,3,6
29189,3,4
29190,2,2
29191,5,8
29192,4,7
29193,4,6
29194,3,3
29195,4,5
29196,3,3
29197,2,2
29198,6,6
29199,5,5
29200,4,4
29201,1,2
29202,3,5
29203,0,6
29204,6,6
29205,5,8
29206,5,5
29207,1,6
29208,8,8
29209,2,4
29210,4,4
29211,2,5
29212,2,3
29213,5,6
29214,3,3
29215,4,6
29216,8,8
29217,3,8
29218,3,3
29219,2,3
29220,3,3
29221,3,3
29222,2,6
29223,3,5
29224,8,9
29225,7,7
29226,3,3
29227,4,6
29228,3,6
29229,1,3
29230,5,6
29231,5,6
29232,3,3
29233,1,7
29234,3,3
29235,2,4
29236,4,4
29237,1,5
29238,6,7
29239,2,3
29240,7,7
29241,0,4
29242,7,7
29243,1,2
29244,3,3
29245,5,8
29246,3,4
29247,2,2
29248,6,6
29249,6,8
29250,2,5
29251,3,3
29252,7,7
29253,2,2
29254,5,5
29255,1,3
29256,3,3
29257,2,7
29258,5,5
29259,2,5
29260,2,2
29261,2,2
29262,4,4
29263,2,4
29264,2,2
29265,5,8
29266,6,6
29267,2,4
29268,3,6
29269,3,3
29270,6,6
29271,6,7
29272,5,5
29273,3,7
29274,2,2
29275,6,7
29276,5,5
29277,2,2
29278,2,2
29279,5,6
29280,5,6
29281,0,3
29282,2,2
29283,5,6
29284,4,5
29285,5,6
29286,2,2
29287,3,8
29288,3,3
29289,5,6
29290,5,5
29291,7,8
29292,4,4
29293,2,2
29294,2,4
29295,4,5
29296,4,7
29297,5,8
29298,4,4
29299,5,6
29300,2,5
29301,4,5
29302,4,4
29303,0,3
29304,4,4
29305,2,3
29306,5,5
29307,5,6
29308,4,6
29309,2,6
29310,3,4
29311,3,5
29312,7,7
29313,3,4
29314,2,5
29315,3,3
29316,5,5
29317,2,6
29318,2,2
29319,2,5
29320,7,7
29321,2,3
29322,6,6
29323,1,4
29324,5,5
29325,4,7
29326,2,2
29327,5,8
29328,4,6
29329,1,5
29330,6,7
29331,4,6
29332,3,3
29333,4,4
29334,5,5
29335,3,3
29336,8,8
29337,6,6
29338,4,6
29339,5,6
29340,4,4
29341,2,2
29342,5,5
29343,5,7
29344,2,5
29345,3,4
29346,2,2
29347,4,5
29348,3,3
29349,4,6
29350,2,2
29351,3,4
29352,5,5
29353,3,3
29354,8,8
29355,1,2
29356,6,6
29357,2,3
29358,6,6
29359,3,3
29360,3,3
29361,3,3
29362,7,7
29363,4,6
29364,2,3
29365,1,6
29366,5,5
29367,6,8
29368,7,7
29369,3,4
29370,4,4
29371,4,4
29372,4,8
29373,0,3
29374,2,7
29375,6,8
29376,6,6
29377,0,2
29378,6,6
29379,3,4
29380,2,2
29381,4,5
29382,8,8
29383,3,7
29384,8,8
29385,2,2
29386,4,4
29387,3,3
29388,2,6
29389,1,2
29390,2,2
29391,4,5
29392,2,2
29393,0,7
29394,4,4
29395,3,4
29396,2,2
29397,2,2
29398,5,8
29399,6,7
29400,5,6
29401,8,8
29402,5,8
29403,4,5
29404,2,2
29405,1,4
29406,1,1
29407,5,7
29408,3,3
29409,1,5
29410,2,6
29411,2,8
29412,6,6
29413,5,5
29414,7,7
29415,4,9
29416,6,6
29417,2,6
29418,5,9
29419,5,7
29420,4,4
29421,0,5
29422,4,6
29423,2,3
29424,3,5
29425,2,7
29426,2,2
29427,1,3
29428,5,5
29429,2,2
29430,8,8
29431,2,3
29432,7,7
29433,3,8
29434,2,2
29435,3,6
29436,4,4
29437,4,5
29438,4,5
29439,3,4
29440,5,9
29441,0,2
29442,6,6
29443,1,5
29444,6,7
29445,3,5
29446,7,7
29447,1,3
29448,7,7
29449,2,6
29450,4,4
29451,2,2
29452,6,6
29453,6,8
29454,7,8
29455,1,3
29456,3,3
29457,4,6
29458,2,5
29459,2,3
29460,5,6
29461,5,6
29462,8,8
29463,2,2
29464,3,3
29465,4,6
29466,2,3
29467,1,3
29468,2,2
29469,1,7
29470,2,5
29471,5,7
29472,3,6
29473,0,7
29474,5,5
29475,1,1
29476,2,3
29477,1,8
29478,3,4
29479,3,6
29480,2,5
29481,5,6
29482,2,2
29483,3,3
29484,3,3
29485,2,4
29486,7,7
29487,1,6
29488,2,2
29489,3,3
29490,5,6
29491,2,2
29492,6,7
29493,1,3
29494,3,3
29495,1,9
29496,3,6
29497,2,2
29498,4,4
29499,3,5
29500,5,5
29501,2,5
29502,4,5
29503,5,5
29504,3,7
29505,2,2
29506,3,3
29507,2,2
29508,3,3
29509,4,5
29510,2,2
29511,3,4
29512,7,8
29513,2,6
29514,3,3
29515,0,5
29516,2,2
29517,3,6
29518,7,8
29520,1,8
29521,3,7
29522,5,5
29523,2,2
29524,2,2
29525,4,4
29526,1,5
29527,5,5
29528,1,4
29529,7,7
29530,3,5
29531,2,7
29532,4,5
29533,6,6
29534,3,8
29535,2,2
29536,0,8
29537,5,6
29538,0,8
29539,2,7
29540,2,3
29541,5,5
29542,2,3
29543,3,7
29544,6,9
29545,6,6
29546,2,4
29547,4,5
29548,6,6
29549,7,7
29550,2,3
29551,6,6
29552,0,5
29553,4,5
29554,3,5
29555,6,6
29556,2,5
29557,4,4
29558,2,3
29559,4,4
29560,2,3
29561,2,9
29562,0,7
29563,6,7
29564,2,2
29565,3,3
29566,2,2
29567,3,5
29568,1,6
29569,2,2
29570,1,1
29571,3,3
29572,5,5
29573,2,2
29574,1,4
29575,6,8
29576,1,7
29577,5,7
29578,1,3
29579,5,5
29580,1,1
29581,5,5
29582,4,6
29583,2,2
29584,0,2
29585,8,8
29586,2,2
29587,2,5
29588,0,2
29589,2,6
29590,3,3
29591,3,5
29592,2,2
29593,7,7
29594,3,8
29595,4,7
29596,2,3
29597,3,3
29598,4,5
29599,5,7
29600,0,3
29601,5,6
29602,1,3
29603,4,8
29604,2,8
29605,4,4
29606,3,7
29607,4,4
29608,1,6
29609,5,5
29610,5,7
29611,7,7
29612,3,6
29613,6,6
29614,3,6
29615,4,5
29616,1,7
29617,2,7
29618,2,5
29619,3,3
29620,2,4
29621,4,4
29622,3,3
29623,4,4
29624,2,3
29625,2,2
29626,3,6
29627,3,3
29628,1,3
29629,2,3
29630,4,5
29631,4,4
29632,2,2
29633,6,7
29634,4,7
29635,6,8
29636,7,8
29637,2,2
29638,4,6
29639,4,4
29640,2,5
29641,2,2
29642,6,7
29643,6,7
29644,2,7
29645,6,6
29646,2,6
29647,2,6
29648,5,5
29649,5,5
29650,2,2
29651,7,7
29652,2,2
29653,2,2
29654,2,2
29655,3,4
29656,1,7
29657,3,3
29658,0,2
29659,6,6
29660,3,6
29661,7,7
29662,1,5
29663,5,5
29664,2,6
29665,2,2
29666,0,2
29667,3,3
29668,1,6
29669,5,8
29670,0,2
29671,6,8
29672,2,5
29673,5,5
29674,6,7
29675,6,6
29676,6,7
29677,6,8
29678,2,3
29679,7,7
29680,3,4
29681,2,2
29682,2,4
29683,5,6
29684,6,8
29685,7,7
29686,3,6
29687,3,3
29688,1,4
29689,2,2
29690,0,7
29691,3,3
29692,4,7
29693,3,3
29694,3,7
29695,2,2
29696,1,5
29697,2,5
29698,2,2
29699,5,5
29700,2,3
29701,5,5
29702,0,3
29703,7,8
29704,3,6
29705,7,7
29706,5,8
29707,3,3
29708,0,1
29709,2,2
29710,1,7
29711,3,6
29712,3,5
29713,3,4
29714,4,4
29715,3,5
29716,1,6
29717,6,6
29718,2,2
29719,3,3
29720,2,4
29721,2,2
29722,7,8
29723,3,5
29724,2,3
29725,3,3
29726,4,7
29727,3,3
29728,4,6
29729,5,5
29730,7,8
29731,6,6
29732,3,6
29733,3,6
29734,3,3
29735,2,2
29736,2,5
29737,4,4
29738,6,6
29739,6,6
29740,3,7
29741,2,6
29742,2,3
29743,5,6
29744,6,7
29745,3,9
29746,6,7
29747,5,7
29748,1,3
29749,3,3
29750,0,6
29751,7,7
29752,2,7
29753,2,2
29754,1,3
29755,5,5
29756,2,4
29757,2,2
29758,3,4
29759,4,4
29760,3,5
29761,5,5
29762,1,4
29763,2,2
29764,2,3
29765,9,9
29766,0,6
29767,2,2
29768,3,3
29769,3,6
29770,6,7
29771,2,7
29772,4,5
29773,4,4
29774,1,4
29775,2,6
29776,5,9
29777,8,8
29778,2,3
29779,4,5
29780,1,6
29781,1,1
29782,3,3
29783,6,6
29784,3,7
29785,2,3
29786,1,2
29787,5,5
29788,2,2
29789,6,6
29790,2,6
29791,4,4
29792,4,5
29793,4,4
29794,6,8
29795,4,4
29796,0,3
29797,1,1
29798,4,7
29799,3,3
29800,2,7
29801,5,5
29802,1,2
29803,7,7
29804,5,6
29805,4,6
29806,4,7
29807,2,2
29808,2,3
29809,2,2
29810,4,5
29811,2,2
29812,3,5
29813,5,5
29814,1,4
29815,2,5
29816,2,5
29817,2,4
29818,0,2
29819,2,2
29820,3,5
29821,4,5
29822,5,7
29823,5,8
29824,1,5
29825,3,3
29826,0,6
29827,2,2
29828,2,4
29829,2,2
29830,4,8
29831,3,3
29832,1,4
29833,3,3
29834,1,2
29835,7,7
29836,2,3
29837,1,1
29838,3,5
29839,5,7
29840,2,2
29841,6,6
29842,5,6
29843,2,2
29844,1,7
29845,5,5
29846,4,6
29847,4,7
29848,4,5
29849,2,2
29850,5,6
29851,7,7
29852,4,5
29853,5,6
29854,1,4
29855,1,1
29856,3,3
29857,5,5
29858,1,6
29859,2,2
29860,1,3
29861,3,8
29862,0,2
29863,2,2
29864,0,4
29865,4,4
29866,0,4
29867,2,2
29868,2,2
29869,4,4
29870,4,5
29871,3,4
29872,3,6
29873,5,7
29874,1,4
29875,3,3
29876,5,7
29877,5,7
29878,2,4
29879,2,2
29880,6,7
29881,4,4
29882,0,7
29883,6,6
29884,3,3
29885,3,3
29886,2,6
29887,5,5
29888,1,5
29889,7,7
29890,2,4
29891,2,4
29892,2,4
29893,6,6
29894,2,5
29895,6,6
29896,2,2
29897,3,3
29898,4,6
29899,3,4
29900,1,4
29901,5,7
29902,3,3
29903,4,6
29904,1,1
29905,2,4
29906,2,3
29907,6,6
29908,2,2
29909,6,6
29910,2,2
29911,2,2
29912,1,4
29913,3,3
29914,3,7
29915,2,2
29916,5,6
29917,4,4
29918,2,2
29919,3,5
29920,2,5
29921,2,2
29922,3,3
29923,8,8
29924,1,2
29925,3,3
29926,6,8
29927,7,7
29928,1,5
29929,4,4
29930,3,4
29931,5,5
29932,0,5
29933,2,2
29934,1,2
29935,2,2
29936,4,5
29937,5,5
29938,4,4
29939,3,3
29940,1,2
29941,5,5
29942,1,5
29943,8,8
29944,2,3
29945,2,6
29946,1,6
29947,5,5
29948,3,4
29949,4,5
29950,1,6
29951,4,4
29952,3,3
29953,2,2
29954,6,7
29955,2,2
29956,3,7
29957,6,6
29958,2,4
29959,4,6
29960,1,3
29961,3,3
29962,0,3
29963,8,8
29964,1,8
29965,4,5
29966,2,5
29967,2,2
29968,2,2
29969,5,7
29970,4,5
29971,3,3
29972,1,5
29973,3,8
29974,3,8
29975,8,8
29976,6,7
29977,7,7
29978,0,6
29979,3,7
29980,2,6
29981,5,5
29982,3,4
29983,4,4
29984,1,2
29985,3,4
29986,0,5
29987,7,7
29988,1,4
29989,4,4
29990,3,5
29991,2,5
29992,2,2
29993,4,4
29994,1,4
29995,3,3
29996,0,6
29997,6,6
29998,2,2
29999,2,5
30000,3,3
30001,2,2
30002,6,7
30003,2,3
30004,4,5
30005,5,5
30006,7,7
30007,3,3
30008,2,8
30009,4,4
30010,3,6
30011,5,7
30012,6,7
30013,8,8
30014,4,5
30015,5,5
30016,5,5
30017,3,3
30018,5,6
30019,7,7
30020,4,5
30021,3,3
30022,3,4
30023,3,3
30024,1,5
30025,2,2
30026,2,4
30027,6,6
30028,3,4
30029,4,4
30030,3,5
30031,5,6
30032,5,7
30033,2,2
30034,2,5
30035,4,8
30036,0,2
30037,5,5
30038,2,5
30039,5,5
30040,3,4
30041,4,4
30042,3,6
30043,5,5
30044,2,2
30045,2,2
30046,4,4
30047,7,7
30048,2,3
30049,3,3
30050,2,3
30051,2,2
30052,2,5
30053,5,5
30054,2,8
30055,7,7
30056,1,2
30057,4,4
30058,1,5
30059,4,5
30060,2,4
30061,2,2
30062,3,6
30063,3,3
30064,1,2
30065,5,7
30066,0,5
30067,4,6
30068,0,4
30069,3,3
30070,1,4
30071,7,7
30072,2,2
30073,5,7
30074,3,3
30075,3,3
30076,2,5
30077,3,3
30078,0,4
30079,2,4
30080,2,4
30081,5,7
30082,1,8
30083,6,6
30084,2,3
30085,1,1
30086,3,5
30087,6,6
30088,5,7
30089,3,3
30090,3,6
30091,3,3
30092,1,6
30093,7,7
30094,3,5
30095,3,3
30096,3,3
30097,4,4
30098,3,6
30099,3,7
30100,1,2
30101,3,3
30102,8,9
30103,8,8
30104,3,5
30105,2,2
30106,3,7
30107,6,7
30108,2,4
30109,6,6
30110,2,6
30111,2,2
30112,3,4
30113,5,6
30114,2,2
30115,4,4
30116,6,7
30117,3,3
30118,0,2
30119,5,5
30120,3,4
30121,6,6
30122,2,6
30123,5,7
30124,3,3
30125,6,6
30126,1,2
30127,2,2
30128,4,5
30129,2,5
30130,5,5
30131,3,6
30132,0,2
30133,7,8
30134,2,3
30135,2,2
30136,1,5
30137,4,4
30138,5,6
30139,4,5
30140,1,2
30141,2,3
30142,2,2
30143,7,7
30144,1,7
30145,2,2
30146,3,5
30147,2,2
30148,5,7
30149,3,3
30150,4,7
30151,5,5
30152,1,8
30153,4,4
30154,3,3
30155,2,4
30156,3,6
30157,2,2
30158,0,5
30159,3,3
30160,6,9
30161,2,2
30162,1,8
30163,3,4
30164,3,3
30165,7,7
30166,1,7
30167,9,9
30168,5,7
30169,7,7
30170,7,8
30171,4,5
30172,5,7
30173,1,1
30174,0,4
30175,4,5
30176,5,6
30177,6,7
30178,4,6
30179,1,1
30180,0,6
30181,3,3
30182,1,4
30183,2,4
30184,3,5
30185,5,7
30186,1,9
30187,7,7
30188,2,5
30189,7,7
30190,3,5
30191,6,7
30192,1,4
30193,3,3
30194,0,2
30195,5,5
30196,0,8
30197,4,5
30198,2,7
30199,6,6
30200,1,2
30201,5,5
30202,3,7
30203,2,2
30204,4,5
30205,5,5
30206,0,3
30207,4,6
30208,4,5
30209,4,7
30210,1,4
30211,3,3
30212,4,6
30213,2,3
30214,6,7
30215,5,5
30216,0,3
30217,4,4
30218,3,6
30219,7,7
30220,5,8
30221,3,8
30222,2,4
30223,8,8
30224,2,4
30225,3,3
30226,5,5
30227,4,6
30228,2,2
30229,2,2
30230,3,4
30231,7,7
30232,2,3
30233,3,3
30234,0,4
30235,4,6
30236,2,4
30237,6,6
30238,1,3
30239,4,4
30240,2,3
30241,4,5
30242,4,7
30243,3,3
30244,4,6
30245,5,5
30246,4,6
30247,5,5
30248,2,6
30249,2,2
30250,1,3
30251,6,8
30252,4,8
30253,7,7
30254,2,2
30255,6,6
30256,4,4
30257,2,2
30258,5,5
30259,5,5
30260,2,4
30261,2,4
30262,3,7
30263,5,5
30264,6,8
30265,4,4
30266,5,8
30267,4,4
30268,4,9
30269,6,7
30270,2,3
30271,5,8
30272,0,6
30273,8,8
30274,5,5
30275,6,8
30276,7,7
30277,5,5
30278,0,3
30279,3,5
30280,1,2
30281,5,6
30282,2,5
30283,4,7
30284,1,3
30285,2,2
30286,1,4
30287,2,3
30288,2,5
30289,2,3
30290,5,7
30291,6,6
30292,0,5
30293,2,2
30294,3,8
30295,4,4
30296,5,8
30297,6,6
30298,3,8
30299,2,3
30300,2,2
30301,2,2
30302,4,5
30303,5,5
30304,0,4
30305,1,1
30306,0,3
30307,5,5
30308,2,3
30309,6,7
30310,1,1
30311,5,7
30312,3,8
30313,2,2
30314,1,3
30315,3,3
30316,2,2
30317,3,3
30318,0,6
30319,3,3
30320,2,3
30321,3,7
30322,3,6
30323,6,6
30324,5,7
30325,6,7
30326,1,5
30327,2,2
30328,0,2
30329,2,2
30330,2,6
30331,3,3
30332,0,6
30333,6,7
30334,2,2
30335,4,6
30336,2,4
30337,3,3
30338,0,4
30339,3,4
30340,3,5
30341,4,6
30342,4,7
30343,3,3
30344,2,5
30345,5,5
30346,0,1
30347,6,6
30348,4,4
30349,3,3
30350,1,3
30351,3,3
30352,2,4
30353,6,7
30354,0,3
30355,4,4
30356,1,4
30357,2,2
30358,4,4
30359,3,3
30360,2,3
30361,5,5
30362,2,5
30363,3,6
30364,5,5
30365,5,5
30366,3,3
30367,6,6
30368,5,8
30369,2,2
30370,2,6
30371,3,3
30372,2,7
30373,3,3
30374,3,5
30375,4,5
30376,1,9
30377,5,5
30378,2,6
30379,3,3
30380,1,2
30381,4,6
30382,3,5
30383,3,6
30384,1,6
30385,5,5
30386,4,5
30387,5,5
30388,1,4
30389,6,6
30390,5,5
30391,2,7
30392,1,5
30393,2,5
30394,1,8
30395,6,6
30396,3,7
30397,2,2
30398,4,4
30399,5,7
30400,4,5
30401,4,4
30402,4,8
30403,6,7
30404,2,2
30405,6,6
30406,6,8
30407,4,4
30408,0,2
30409,2,2
30410,4,5
30411,5,6
30412,4,7
30413,3,3
30414,3,4
30415,2,2
30416,5,6
30417,6,6
30418,1,2
30419,3,5
30420,0,4
30421,4,7
30422,6,7
30423,3,3
30424,3,5
30425,3,3
30426,0,3
30427,5,6
30428,4,4
30429,4,5
30430,5,7
30431,3,4
30432,1,4
30433,3,3
30434,2,5
30435,6,6
30436,5,6
30437,2,2
30438,3,3
30439,4,4
30440,6,7
30441,2,2
30442,1,5
30443,5,5
30444,2,7
30445,3,3
30446,1,5
30447,2,7
30448,3,3
30449,3,5
30450,1,4
30451,2,2
30452,0,2
30453,3,3
30454,0,4
30455,6,8
30456,2,2
30457,2,2
30458,5,6
30459,6,6
30460,4,5
30461,4,4
30462,7,8
30463,2,2
30464,4,4
30465,2,2
30466,2,5
30467,4,4
30468,4,7
30469,4,4
30470,4,4
30471,3,3
30472,2,7
30473,3,3
30474,0,6
30475,4,4
30476,5,6
30477,4,4
30478,3,7
30479,7,7
30480,2,2
30481,4,7
30482,4,7
30483,5,6
30484,1,2
30485,2,2
30486,1,2
30487,2,2
30488,3,5
30489,3,6
30490,7,8
30491,5,5
30492,4,6
30493,3,3
30494,2,2
30495,2,2
30496,3,5
30497,5,6
30498,2,6
30499,2,2
30500,2,6
30501,3,5
30502,1,4
30503,6,6
30504,0,7
30505,6,7
30506,1,2
30507,6,7
30508,2,6
30509,5,5
30510,2,4
30511,2,6
30512,5,6
30513,2,2
30514,5,8
30515,2,6
30516,6,8
30517,7,7
30518,3,5
30519,4,7
30520,0,3
30521,5,7
30522,5,6
30523,2,2
30524,0,2
30525,2,2
30526,5,8
30527,6,6
30528,5,7
30529,3,3
30530,1,5
30531,5,5
30532,1,2
30533,6,6
30534,2,3
30535,4,4
30536,0,8
30537,3,4
30538,5,5
30539,2,2
30540,1,3
30541,3,6
30542,4,4
30543,6,7
30544,3,8
30545,6,6
30546,5,6
30547,3,4
30548,2,2
30549,2,6
30550,2,5
30551,3,3
30552,1,2
30553,2,2
30554,1,5
30555,2,2
30556,1,4
30557,3,3
30558,1,2
30559,5,8
30560,2,5
30561,6,7
30562,6,8
30563,3,3
30564,2,7
30565,2,2
30566,4,5
30567,2,2
30568,1,9
30569,4,6
30570,1,3
30571,6,7
30572,1,7
30573,5,6
30574,4,7
30575,4,4
30576,1,3
30577,3,4
30578,4,7
30579,4,6
30580,7,8
30581,5,5
30582,7,7
30583,3,3
30584,6,6
30585,2,2
30586,5,6
30587,2,2
30588,0,3
30589,4,7
30590,3,4
30591,5,5
30592,2,2
30593,4,6
30594,1,2
30595,2,2
30596,4,4
30597,3,3
30598,6,7
30599,2,4
30600,2,4
30601,4,7
30602,2,4
30603,4,4
30604,1,2
30605,3,3
30606,0,2
30607,5,5
30608,6,8
30609,6,6
30610,1,2
30611,2,7
30612,1,2
30613,5,5
30614,5,5
30615,5,5
30616,0,1
30617,2,2
30618,2,2
30619,2,4
30620,2,3
30621,3,5
30622,0,2
30623,5,5
30624,2,5
30625,2,2
30626,0,2
30627,6,6
30628,4,5
30629,3,7
30630,1,2
30631,2,7
30632,3,4
30633,7,7
30634,3,4
30635,5,6
30636,2,5
30637,2,2
30638,3,3
30639,3,6
30640,4,5
30641,3,5
30642,1,4
30643,6,8
30644,1,2
30645,7,7
30646,3,6
30647,2,2
30648,6,6
30649,2,3
30650,2,2
30651,3,3
30652,3,7
30653,6,6
30654,3,4
30655,5,6
30656,5,6
30657,7,7
30658,5,9
30659,4,4
30660,2,2
30661,3,4
30662,0,5
30663,4,4
30664,7,9
30665,7,7
30666,4,5
30667,5,6
30668,3,3
30669,5,7
30670,0,5
30671,6,6
30672,6,8
30673,2,2
30674,6,7
30675,5,5
30676,5,6
30677,3,8
30678,4,4
30679,6,7
30680,4,5
30681,3,6
30682,0,3
30683,4,4
30684,3,3
30685,2,4
30686,2,3
30687,2,6
30688,1,2
30689,5,5
30690,6,6
30691,5,7
30692,4,5
30693,3,3
30694,3,7
30695,2,4
30696,3,6
30697,4,5
30698,0,5
30699,2,4
30700,3,6
30701,2,6
30702,0,4
30703,5,5
30704,3,3
30705,3,3
30706,3,3
30707,5,5
30708,1,1
30709,2,2
30710,2,2
30711,2,2
30712,7,9
30713,5,5
30714,2,3
30715,2,2
30716,5,6
30717,6,7
30718,2,4
30719,4,4
30720,0,7
30721,3,3
30722,0,3
30723,5,6
30724,0,3
30725,2,2
30726,3,7
30727,2,2
30728,5,7
30729,2,2
30730,5,5
30731,5,5
30732,4,6
30733,5,5
30734,2,8
30735,6,6
30736,4,5
30737,3,7
30738,4,7
30739,5,5
30740,4,6
30741,2,2
30742,2,9
30743,2,2
30744,3,6
30745,3,3
30746,2,3
30747,6,7
30748,1,4
30749,8,8
30750,2,2
30751,2,2
30752,4,6
30753,2,8
30754,1,2
30755,3,5
30756,3,7
30757,4,6
30758,2,3
30759,4,4
30760,3,7
30761,6,6
30762,3,3
30763,2,2
30764,1,2
30765,3,3
30766,1,4
30767,6,6
30768,1,8
30769,6,6
30770,3,5
30771,4,4
30772,3,3
30773,3,3
30774,0,2
30775,4,7
30776,4,5
30777,3,5
30778,0,5
30779,3,8
30780,2,5
30781,3,4
30782,4,7
30783,4,4
30784,2,5
30785,6,7
30786,4,4
30787,3,3
30788,1,3
30789,4,4
30790,4,5
30791,6,6
30792,4,6
30793,6,8
30794,4,7
30795,2,2
30796,0,2
30797,4,4
30798,4,6
30799,4,6
30800,7,8
30801,7,7
30802,4,7
30803,4,4
30804,0,6
30805,6,6
30806,3,3
30807,4,4
30808,1,3
30809,3,8
30810,0,6
30811,3,3
30812,4,4
30813,6,6
30814,3,3
30815,4,4
30816,2,3
30817,5,5
30818,4,6
30819,5,6
30820,1,2
30821,5,5
30822,0,1
30823,3,3
30824,2,6
30825,3,3
30826,2,7
30827,5,5
30828,3,4
30829,3,3
30830,3,4
30831,3,3
30832,5,7
30833,3,3
30834,3,3
30835,3,3
30836,2,4
30837,2,3
30838,1,7
30839,7,8
30840,0,3
30841,3,3
30842,1,6
30843,5,6
30844,3,4
30845,5,5
30846,2,2
30847,4,4
30848,5,6
30849,8,9
30850,0,2
30851,6,7
30852,2,6
30853,5,5
30854,3,3
30855,3,4
30856,6,6
30857,6,6
30858,0,3
30859,3,3
30860,3,6
30861,6,7
30862,2,4
30863,6,6
30864,3,3
30865,8,8
30866,1,5
30867,6,6
30868,4,7
30869,8,8
30870,2,7
30871,5,7
30872,5,7
30873,5,5
30874,1,2
30875,2,2
30876,5,8
30877,6,6
30878,4,6
30879,5,7
30880,1,4
30881,3,8
30882,2,2
30883,3,7
30884,4,5
30885,2,2
30886,3,5
30887,4,4
30888,1,4
30889,4,4
30890,2,3
30891,5,5
30892,2,3
30893,3,3
30894,3,3
30895,5,5
30896,0,5
30897,2,2
30898,1,2
30899,5,5
30900,1,2
30901,4,4
30902,2,7
30903,5,5
30904,2,3
30905,7,7
30906,0,5
30907,3,4
30908,2,4
30909,4,6
30910,2,2
30911,6,6
30912,3,3
30913,2,2
30914,1,7
30915,6,7
30916,1,2
30917,4,4
30918,2,2
30919,6,6
30920,4,8
30921,3,5
30922,6,6
30923,8,8
30924,3,6
30925,3,3
30926,2,2
30927,2,2
30928,0,2
30929,2,2
30930,3,6
30931,3,8
30932,2,4
30933,4,4
30934,6,7
30935,6,6
30936,4,4
30937,3,3
30938,1,6
30939,2,2
30940,4,5
30941,5,5
30942,1,7
30943,5,5
30944,4,6
30945,6,6
30946,6,7
30947,4,4
30948,2,5
30949,3,3
30950,3,4
30951,4,4
30952,0,2
30953,4,8
30954,1,2
30955,6,6
30956,2,3
30957,6,6
30958,1,4
30959,5,5
30960,4,8
30961,2,3
30962,3,4
30963,2,5
30964,4,4
30965,4,4
30966,4,8
30967,4,4
30968,2,2
30969,6,6
30970,1,3
30971,5,7
30972,0,2
30973,2,2
30974,2,4
30975,2,5
30976,0,6
30977,4,7
30978,3,4
30979,4,7
30980,4,6
30981,6,8
30982,2,6
30983,6,7
30984,0,5
30985,2,6
30986,4,8
30987,7,7
30988,2,2
30989,2,2
30990,5,6
30991,5,6
30992,3,4
30993,2,2
30994,2,3
30995,5,7
30996,0,2
30997,5,5
30998,2,2
30999,2,2
31000,2,4
31001,2,2
31002,3,6
31003,3,3
31004,4,6
31005,3,3
31006,1,6
31007,5,7
31008,2,2
31009,4,4
31010,6,7
31011,3,5
31012,2,2
31013,2,2
31014,1,2
31015,7,7
31016,2,8
31017,1,1
31018,2,4
31019,7,7
31020,1,2
31021,6,7
31022,3,4
31023,4,7
31024,0,4
31025,4,4
31026,0,4
31027,4,6
31028,5,5
31029,7,7
31030,5,6
31031,3,3
31032,5,5
31033,5,5
31034,5,8
31035,4,4
31036,1,3
31037,7,8
31038,1,3
31039,5,7
31040,3,7
31041,2,2
31042,1,7
31043,2,6
31044,4,8
31045,3,3
31046,3,4
31047,2,6
31048,2,4
31049,7,7
31050,5,5
31051,5,6
31052,1,2
31053,4,4
31054,0,5
31055,7,7
31056,2,7
31057,2,2
31058,2,6
31059,7,7
31060,3,5
31061,2,2
31062,4,4
31063,3,3
31064,5,5
31065,5,6
31066,1,4
31067,6,6
31068,1,2
31069,6,6
31070,4,7
31071,5,5
31072,4,6
31073,3,3
31074,2,5
31075,6,8
31076,2,4
31077,4,4
31078,4,8
31079,4,4
31080,1,2
31081,6,6
31082,0,8
31083,5,5
31084,1,6
31085,2,2
31086,3,4
31087,2,4
31088,2,3
31089,5,7
31090,5,5
31091,3,3
31092,6,6
31093,5,7
31094,3,3
31095,5,5
31096,1,5
31097,2,2
31098,3,5
31099,3,3
31100,1,2
31101,4,4
31102,4,7
31103,6,7
31104,1,2
31105,2,2
31106,4,4
31107,3,3
31108,0,8
31109,7,7
31110,4,4
31111,8,8
31112,3,3
31113,4,4
31114,5,8
31115,4,7
31116,2,3
31117,6,7
31118,0,2
31119,4,4
31120,2,2
31121,3,6
31122,1,2
31123,5,5
31124,4,6
31125,4,4
31126,4,6
31127,3,6
31128,4,7
31129,4,5
31130,6,7
31131,5,5
31132,5,6
31133,7,8
31134,6,7
31135,4,4
31136,2,2
31137,3,3
31138,2,2
31139,6,6
31140,4,7
31141,6,6
31142,2,7
31143,2,3
31144,4,5
31145,5,5
31146,3,6
31147,2,2
31148,6,8
31149,3,3
31150,4,5
31151,4,5
31152,2,7
31153,3,6
31154,0,5
31155,6,7
31156,2,6
31157,4,6
31158,0,2
31159,4,4
31160,2,5
31161,2,6
31162,2,7
31163,4,4
31164,5,7
31165,5,5
31166,8,8
31167,7,8
31168,2,5
31169,3,3
31170,1,4
31171,7,8
31172,2,2
31173,7,7
31174,3,5
31175,6,7
31176,2,3
31177,4,6
31178,1,2
31179,3,3
31180,0,5
31181,2,2
31182,7,7
31183,6,6
31184,2,2
31185,5,6
31186,0,4
31187,4,5
31188,4,5
31189,3,5
31190,1,6
31191,2,2
31192,1,3
31193,5,5
31194,3,3
31195,4,5
31196,6,7
31197,4,5
31198,2,5
31199,6,6
31200,5,7
31201,5,5
31202,4,4
31203,2,4
31204,2,6
31205,5,5
31206,1,3
31207,3,3
31208,1,3
31209,5,5
31210,5,6
31211,2,2
31212,7,8
31213,3,3
31214,2,3
31215,5,6
31216,2,2
31217,6,7
31218,1,2
31219,2,3
31220,1,6
31221,2,5
31222,2,6
31223,5,8
31224,5,5
31225,3,6
31226,4,4
31227,4,4
31228,2,3
31229,4,5
31230,5,6
31231,3,6
31232,4,4
31233,5,5
31234,6,6
31235,3,7
31236,1,5
31237,6,7
31238,2,2
31239,6,6
31240,3,4
31241,4,4
31242,4,7
31243,2,2
31244,1,4
31245,2,6
31246,1,7
31247,3,4
31248,5,6
31249,3,5
31250,1,4
31251,3,3
31252,4,6
31253,6,8
31254,4,7
31255,7,7
31256,0,1
31257,5,6
31258,0,6
31259,5,7
31260,1,5
31261,4,4
31262,3,3
31263,4,4
31264,2,7
31265,3,4
31266,2,2
31267,2,2
31268,0,8
31269,2,2
31270,4,4
31271,2,2
31272,1,5
31273,8,8
31274,2,4
31275,2,3
31276,3,5
31277,7,7
31278,1,4
31279,3,6
31280,3,3
31281,7,7
31282,2,2
31283,6,8
31284,6,7
31285,3,4
31286,4,7
31287,5,5
31288,2,2
31289,2,2
31290,1,3
31291,4,4
31292,5,6
31293,2,2
31294,2,2
31295,6,6
31296,2,3
31297,6,6
31298,2,2
31299,4,5
31300,0,5
31301,6,8
31302,2,4
31303,5,5
31304,7,8
31305,4,4
31306,3,3
31307,3,7
31308,2,2
31309,5,5
31310,2,3
31311,5,5
31312,2,2
31313,2,7
31314,1,2
31315,2,7
31316,1,3
31317,5,5
31318,1,3
31319,3,3
31320,1,2
31321,5,5
31322,1,2
31323,5,5
31324,1,3
31325,2,2
31326,3,4
31327,6,7
31328,2,4
31329,4,8
31330,4,5
31331,2,5
31332,3,3
31333,3,3
31334,0,5
31335,4,7
31336,1,1
31337,2,2
31338,1,2
31339,4,4
31340,1,3
31341,5,5
31342,3,3
31343,3,7
31344,1,5
31345,3,3
31346,1,3
31347,4,5
31348,4,6
31349,5,5
31350,0,3
31351,4,4
31352,2,3
31353,8,8
31354,4,4
31355,6,6
31356,3,5
31357,6,7
31358,2,2
31359,4,7
31360,5,6
31361,4,4
31362,6,7
31363,3,3
31364,3,5
31365,3,3
31366,3,4
31367,4,7
31368,3,8
31369,2,2
31370,2,6
31371,3,5
31372,1,1
31373,3,7
31374,4,5
31375,4,4
31376,2,3
31377,5,5
31378,0,6
31379,6,6
31380,3,4
31381,6,6
31382,3,4
31383,3,4
31384,0,2
31385,3,5
31386,3,8
31387,4,5
31388,2,8
31389,4,4
31390,2,3
31391,7,7
31392,0,4
31393,3,3
31394,3,4
31395,3,5
31396,1,5
31397,5,5
31398,1,2
31399,5,6
31400,3,5
31401,7,7
31402,4,6
31403,7,8
31404,3,5
31405,2,2
31406,4,7
31407,3,3
31408,3,6
31409,4,4
31410,3,3
31411,5,5
31412,4,4
31413,8,8
31414,3,5
31415,6,6
31416,1,4
31417,5,8
31418,2,8
31419,7,7
31420,2,2
31421,4,4
31422,3,3
31423,5,5
31424,4,6
31425,2,2
31426,5,6
31427,5,6
31428,4,7
31429,3,3
31430,1,1
31431,5,6
31432,3,6
31433,4,4
31434,1,7
31435,2,3
31436,0,3
31437,4,4
31438,2,2
31439,4,4
31440,5,8
31441,5,5
31442,4,5
31443,3,4
31444,1,5
31445,6,6
31446,2,3
31447,7,7
31448,4,6
31449,3,3
31450,0,8
31451,2,2
31452,0,2
31453,7,7
31454,3,4
31455,8,8
31456,3,4
31457,3,4
31458,5,6
31459,2,4
31460,2,3
31461,1,1
31462,0,2
31463,2,2
31464,3,4
31465,6,7
31466,3,7
31467,2,2
31468,0,3
31469,3,3
31470,2,6
31471,3,3
31472,6,7
31473,4,4
31474,1,1
31475,5,5
31476,2,9
31477,3,3
31478,4,7
31479,3,5
31480,2,8
31481,8,8
31482,0,6
31483,4,5
31484,4,5
31485,4,7
31486,2,2
31487,2,2
31488,3,3
31489,4,6
31490,1,2
31491,2,3
31492,4,5
31493,2,6
31494,2,4
31495,4,6
31496,6,8
31497,7,7
31498,5,8
31499,4,4
31500,2,2
31501,5,8
31502,3,8
31503,3,5
31504,2,7
31505,2,7
31506,2,2
31507,8,10
31508,1,2
31509,5,5
31510,1,2
31511,6,6
31512,2,7
31513,5,5
31514,3,5
31515,5,6
31516,6,8
31517,5,6
31518,2,6
31519,5,5
31520,1,2
31521,3,3
31522,2,6
31523,4,4
31524,4,6
31525,4,4
31526,2,3
31527,7,7
31528,0,3
31529,3,3
31530,3,7
31531,3,3
31532,3,3
31533,3,3
31534,1,2
31535,6,6
31536,2,3
31537,2,2
31538,5,5
31539,5,5
31540,3,3
31541,6,8
31542,3,7
31543,2,2
31544,1,5
31545,5,5
31546,3,4
31547,3,3
31548,2,6
31549,4,5
31550,2,3
31551,3,8
31552,1,6
31553,3,6
31554,1,6
31555,3,3
31556,1,2
31557,2,5
31558,3,8
31559,2,2
31560,3,4
31561,8,8
31562,0,7
31563,7,7
31564,1,4
31565,2,3
31566,0,2
31567,7,7
31568,3,6
31569,3,6
31570,3,4
31571,8,8
31572,3,5
31573,3,3
31574,0,3
31575,2,4
31576,1,3
31577,4,4
31578,2,8
31579,4,4
31580,3,3
31581,5,5
31582,4,8
31583,2,6
31584,4,4
31585,6,6
31586,4,5
31587,2,2
31588,3,3
31589,1,1
31590,1,5
31591,4,4
31592,2,6
31593,4,4
31594,2,3
31595,3,5
31596,1,2
31597,2,4
31598,4,4
31599,3,8
31600,1,3
31601,2,6
31602,2,6
31603,2,2
31604,2,3
31605,5,8
31606,0,5
31607,5,6
31608,1,7
31609,5,5
31610,1,5
31611,4,4
31612,3,4
31613,3,3
31614,6,8
31615,4,6
31616,1,3
31617,2,2
31618,1,2
31619,3,9
31620,3,6
31621,4,6
31622,5,6
31623,4,4
31624,3,4
31625,6,6
31626,4,6
31627,6,7
31628,5,6
31629,4,4
31630,1,6
31631,7,7
31632,2,4
31633,3,3
31634,4,5
31635,4,4
31636,2,3
31637,3,4
31638,1,5
31639,8,8
31640,0,2
31641,4,4
31642,2,7
31643,4,4
31644,6,6
31645,3,3
31646,2,2
31647,7,8
31648,1,6
31649,6,6
31650,7,8
31651,8,8
31652,1,7
31653,2,2
31654,2,4
31655,4,4
31656,0,6
31657,1,1
31658,6,8
31659,3,6
31660,4,4
31661,2,2
31662,0,5
31663,4,4
31664,4,4
31665,2,2
31666,2,7
31667,2,2
31668,2,3
31669,3,7
31670,2,7
31671,3,6
31672,3,3
31673,1,1
31674,4,6
31675,2,2
31676,2,8
31677,3,3
31678,0,3
31679,2,2
31680,0,2
31681,7,7
31682,1,3
31683,4,5
31684,3,3
31685,3,3
31686,1,5
31687,7,7
31688,2,5
31689,3,7
31690,1,2
31691,5,8
31692,2,3
31693,3,5
31694,4,6
31695,5,7
31696,5,6
31697,2,3
31698,2,3
31699,3,7
31700,0,5
31701,6,8
31702,3,3
31703,6,6
31704,4,5
31705,2,2
31706,1,7
31707,5,5
31708,2,3
31709,3,3
31710,4,7
31711,6,6
31712,4,7
31713,4,4
31714,1,2
31715,4,4
31716,6,6
31717,3,3
31718,3,5
31719,3,3
31720,1,5
31721,5,5
31722,6,7
31723,5,6
31724,4,6
31725,6,8
31726,4,5
31727,5,5
31728,4,7
31729,5,6
31730,2,4
31731,5,5
31732,2,2
31733,5,6
31734,0,5
31735,3,3
31736,1,4
31737,6,6
31738,4,4
31739,7,7
31740,0,4
31741,6,6
31742,1,4
31743,6,6
31744,4,5
31745,2,5
31746,1,5
31747,3,6
31748,2,2
31749,3,3
31750,2,3
31751,4,9
31752,3,4
31753,4,4
31754,2,3
31755,6,7
31756,1,6
31757,3,7
31758,5,8
31759,6,8
31760,1,2
31761,3,3
31762,3,6
31763,3,6
31764,3,7
31765,2,2
31766,2,3
31767,2,4
31768,2,5
31769,6,9
31770,1,2
31771,6,7
31772,4,4
31773,3,6
31774,1,2
31775,2,2
31776,2,4
31777,7,7
31778,6,8
31779,2,5
31780,1,5
31781,5,5
31782,3,3
31783,3,3
31784,0,4
31785,3,7
31786,2,2
31787,2,2
31788,1,4
31789,6,6
31790,1,3
31791,7,7
31792,2,4
31793,3,3
31794,0,6
31795,8,8
31796,6,8
31797,2,3
31798,1,2
31799,3,3
31800,4,5
31801,6,6
31802,5,6
31803,3,3
31804,3,7
31805,3,3
31806,1,8
31807,2,6
31808,3,3
31809,8,8
31810,0,4
31811,3,3
31812,2,2
31813,2,2
31814,1,2
31815,4,4
31816,3,5
31817,6,7
31818,2,3
31819,4,4
31820,6,8
31821,6,7
31822,3,3
31823,2,5
31824,4,5
31825,3,3
31826,5,6
31827,2,2
31828,5,7
31829,7,7
31830,1,4
31831,2,8
31832,3,3
31833,2,2
31834,3,6
31835,2,2
31836,3,4
31837,6,7
31838,1,7
31839,6,8
31840,5,6
31841,5,8
31842,0,5
31843,2,2
31844,4,4
31845,4,4
31846,1,1
31847,3,3
31848,4,7
31849,4,7
31850,4,7
31851,4,8
31852,1,5
31853,4,5
31854,6,7
31855,7,7
31856,4,4
31857,3,7
31858,5,5
31859,4,8
31860,2,2
31861,2,3
31862,3,6
31863,6,6
31864,2,7
31865,2,6
31866,4,7
31867,6,6
31868,0,4
31869,2,2
31870,5,5
31871,2,4
31872,3,6
31873,6,7
31874,1,3
31875,2,2
31876,4,6
31877,2,2
31878,1,3
31879,4,5
31880,5,6
31881,3,3
31882,5,5
31883,5,5
31884,4,6
31885,4,4
31886,5,5
31887,4,4
31888,0,4
31889,2,2
31890,5,7
31891,5,5
31892,5,7
31893,7,7
31894,3,5
31895,4,4
31896,2,2
31897,6,6
31898,4,4
31899,2,4
31900,2,5
31901,3,3
31902,1,2
31903,6,6
31904,5,7
31905,3,3
31906,3,6
31907,2,2
31908,3,4
31909,4,8
31910,1,4
31911,2,2
31912,5,6
31913,3,5
31914,4,5
31915,7,7
31916,4,5
31917,3,3
31918,3,7
31919,4,4
31920,4,4
31921,3,3
31922,1,5
31923,3,3
31924,4,7
31925,5,8
31926,6,6
31927,3,3
31928,5,5
31929,3,3
31930,1,2
31931,5,5
31932,4,6
31933,1,1
31934,1,3
31935,2,2
31936,1,5
31937,4,4
31938,4,5
31939,7,8
31940,6,7
31941,5,6
31942,5,6
31943,3,3
31944,2,7
31945,3,3
31946,5,7
31947,3,4
31948,2,3
31949,7,7
31950,5,7
31951,4,6
31952,3,5
31953,3,3
31954,4,6
31955,5,5
31956,3,5
31957,2,2
31958,7,8
31959,4,5
31960,3,3
31961,5,7
31962,2,8
31963,4,8
31964,2,2
31965,9,9
31966,2,2
31967,5,6
31968,0,6
31969,7,7
31970,1,2
31971,2,2
31972,0,5
31973,4,4
31974,0,2
31975,3,3
31976,2,3
31977,5,5
31978,1,6
31979,2,2
31980,1,2
31981,2,2
31982,2,2
31983,6,7
31984,7,7
31985,2,2
31986,1,2
31987,7,7
31988,1,2
31989,6,7
31990,1,2
31991,7,7
31992,4,4
31993,5,5
31994,2,2
31995,2,2
31996,2,5
31997,3,3
31998,3,4
31999,6,6
32000,0,2
32001,2,6
32002,4,7
32003,4,4
32004,0,4
32005,6,8
32006,6,7
32007,5,5
32008,0,2
32009,8,8
32010,8,8
32011,2,3
32012,1,2
32013,7,7
32014,5,7
32015,4,4
32016,2,2
32017,2,2
32018,0,7
32019,4,6
32020,1,3
32021,7,7
32022,6,7
32023,5,6
32024,2,3
32025,2,7
32026,1,4
32027,8,8
32028,3,6
32029,5,6
32030,3,3
32031,3,3
32032,2,4
32033,7,7
32034,1,3
32035,4,4
32036,6,7
32037,7,7
32038,1,5
32039,6,7
32040,6,6
32041,4,4
32042,1,6
32043,7,7
32044,0,3
32045,6,8
32046,1,2
32047,2,3
32048,2,3
32049,5,8
32050,1,6
32051,5,5
32052,0,7
32053,2,2
32054,5,7
32055,3,4
32056,2,2
32057,2,2
32058,0,3
32059,7,7
32060,7,8
32061,2,2
32062,4,5
32063,6,6
32064,3,5
32065,4,4
32066,1,3
32067,2,2
32068,1,6
32069,3,4
32070,6,7
32071,9,10
32072,3,4
32073,8,8
32074,2,2
32075,5,5
32076,3,3
32077,4,4
32078,2,5
32079,3,3
32080,0,2
32081,3,3
32082,5,7
32083,2,7
32084,2,3
32085,4,6
32086,0,2
32087,2,2
32088,2,4
32089,2,2
32090,0,2
32091,2,2
32092,3,3
32093,4,4
32094,6,7
32095,6,6
32096,3,8
32097,5,5
32098,4,4
32099,2,2
32100,1,2
32101,3,3
32102,2,2
32103,3,3
32104,1,8
32105,3,3
32106,6,7
32107,2,2
32108,1,5
32109,2,2
32110,4,5
32111,1,1
32112,4,7
32113,3,3
32114,6,9
32115,3,4
32116,2,3
32117,5,5
32118,6,7
32119,5,5
32120,3,6
32121,3,3
32122,4,6
32123,3,3
32124,4,6
32125,3,8
32126,3,3
32127,7,8
32128,5,8
32129,5,5
32130,2,2
32131,5,5
32132,4,5
32133,2,2
32134,5,8
32135,5,5
32136,3,4
32137,4,8
32138,0,3
32139,3,3
32140,4,5
32141,3,3
32142,4,7
32143,4,4
32144,2,2
32145,2,2
32146,2,6
32147,6,6
32148,2,2
32149,4,4
32150,1,4
32151,2,2
32152,2,2
32153,3,5
32154,5,8
32155,3,4
32156,4,4
32157,5,5
32158,0,4
32159,5,5
32160,0,7
32161,5,6
32162,0,3
32163,4,4
32164,0,8
32165,5,5
32166,4,7
32167,3,3
32168,2,6
32169,3,3
32170,3,3
32171,2,2
32172,2,2
32173,5,10
32174,1,4
32175,7,7
32176,3,6
32177,2,4
32178,1,7
32179,5,7
32180,0,5
32181,2,2
32182,1,7
32183,3,8
32184,3,7
32185,3,3
32186,4,5
32187,4,4
32188,6,7
32189,2,4
32190,2,2
32191,2,5
32192,4,5
32193,3,3
32194,0,7
32195,4,7
32196,5,6
32197,4,4
32198,5,7
32199,2,2
32200,5,8
32201,7,7
32202,1,2
32203,5,7
32204,4,5
32205,6,6
32206,5,7
32207,1,1
32208,7,7
32209,2,4
32210,0,5
32211,4,4
32212,4,4
32213,5,5
32214,3,8
32215,3,3
32216,3,7
32217,5,6
32218,0,3
32219,4,5
32220,3,4
32221,3,3
32222,2,2
32223,2,2
32224,2,3
32225,4,4
32226,1,2
32227,6,6
32228,4,7
32229,4,4
32230,4,6
32231,5,5
32232,3,5
32233,4,4
32234,3,4
32235,2,6
32236,2,7
32237,3,5
32238,3,8
32239,7,7
32240,1,6
32241,6,6
32242,3,7
32243,3,3
32244,0,2
32245,3,3
32246,1,4
32247,2,2
32248,2,3
32249,4,4
32250,2,3
32251,3,5
32252,1,2
32253,3,3
32254,3,3
32255,3,7
32256,1,2
32257,2,7
32258,2,4
32259,2,6
32260,3,6
32261,7,7
32262,1,2
32263,5,7
32264,4,6
32265,2,2
32266,0,3
32267,5,5
32268,3,3
32269,5,8
32270,3,5
32271,6,6
32272,3,5
32273,3,3
32274,2,2
32275,3,3
32276,7,7
32277,3,3
32278,2,2
32279,2,2
32280,1,7
32281,5,5
32282,1,3
32283,1,1
32284,3,6
32285,2,2
32286,2,3
32287,6,6
32288,6,6
32289,3,3
32290,2,2
32291,3,3
32292,1,8
32293,2,2
32294,3,4
32295,3,3
32296,1,7
32297,3,3
32298,4,5
32299,5,5
32300,0,6
32301,2,2
32302,3,3
32303,2,2
32304,4,7
32305,2,8
32306,5,8
32307,3,3
32308,2,4
32309,4,6
32310,2,8
32311,7,8
32312,3,6
32313,7,7
32314,2,2
32315,4,6
32316,0,4
32317,3,5
32318,3,5
32319,3,3
32320,0,4
32321,4,6
32322,0,2
32323,6,6
32324,3,6
32325,2,3
32326,3,6
32327,4,6
32328,2,6
32329,2,2
32330,4,4
32331,5,5
32332,1,2
32333,4,4
32334,2,3
32335,3,3
32336,3,4
32337,4,6
32338,2,6
32339,7,7
32340,3,3
32341,6,7
32342,0,3
32343,4,8
32344,1,2
32345,6,7
32346,5,6
32347,6,6
32348,6,7
32349,3,3
32350,7,7
32351,3,7
32352,1,5
32353,3,3
32354,2,2
32355,4,8
32356,4,4
32357,7,9
32358,4,4
32359,3,3
32360,4,5
32361,3,4
32362,4,7
32363,3,6
32364,4,6
32365,2,3
32366,4,5
32367,2,2
32368,4,9
32369,3,3
32370,4,6
32371,4,5
32372,4,7
32373,6,6
32374,4,7
32375,4,4
32376,7,8
32377,4,4
32378,3,3
32379,4,4
32380,2,2
32381,4,4
32382,4,5
32383,4,4
32384,3,5
32385,3,4
32386,2,5
32387,4,4
32388,1,7
32389,5,5
32390,1,3
32391,2,2
32392,5,8
32393,3,3
32394,2,2
32395,7,8
32396,1,3
32397,2,7
32398,1,6
32399,4,4
32400,3,5
32401,5,5
32402,3,3
32403,4,4
32404,1,8
32405,5,6
32406,5,8
32407,4,4
32408,3,4
32409,6,9
32410,2,7
32411,2,3
32412,4,5
32413,7,7
32414,6,8
32415,2,7
32416,0,4
32417,3,3
32418,2,6
32419,6,6
32420,1,5
32421,4,7
32422,5,6
32423,5,7
32424,4,4
32425,4,4
32426,3,5
32427,4,7
32428,2,7
32429,7,7
32430,3,3
32431,3,3
32432,3,8
32433,5,8
32434,5,8
32435,7,7
32436,5,6
32437,2,2
32438,2,3
32439,3,4
32440,1,2
32441,2,5
32442,1,2
32443,3,3
32444,0,8
32445,3,4
32446,2,5
32447,8,8
32448,1,7
32449,2,2
32450,1,2
32451,5,5
32452,4,6
32453,5,6
32454,0,2
32455,2,2
32456,1,7
32457,2,2
32458,1,2
32459,2,2
32460,3,6
32461,2,2
32462,5,7
32463,4,7
32464,5,6
32465,3,3
32466,6,6
32467,7,7
32468,4,8
32469,4,4
32470,0,4
32471,2,2
32472,3,6
32473,2,6
32474,3,7
32475,6,6
32476,5,7
32477,2,2
32478,3,4
32479,3,3
32480,2,5
32481,7,7
32482,3,5
32483,3,3
32484,3,3
32485,2,2
32486,3,6
32487,3,3
32488,1,2
32489,3,3
32490,1,6
32491,7,7
32492,3,7
32493,4,4
32494,2,5
32495,4,8
32496,3,7
32497,2,2
32498,7,7
32499,3,3
32500,3,5
32501,2,2
32502,3,3
32503,6,6
32504,2,3
32505,2,6
32506,3,3
32507,7,7
32508,1,5
32509,3,4
32510,4,5
32511,4,6
32512,3,5
32513,2,2
32514,3,4
32515,5,8
32516,6,8
32517,2,2
32518,4,7
32519,5,6
32520,2,2
32521,3,4
32522,0,4
32523,4,7
32524,2,2
32525,3,3
32526,0,5
32527,2,2
32528,2,4
32529,2,2
32530,1,4
32531,5,5
32532,4,5
32533,5,5
32534,4,5
32535,4,4
32536,2,4
32537,5,5
32538,5,5
32539,6,6
32540,3,4
32541,3,3
32542,1,3
32543,1,1
32544,2,3
32545,3,3
32546,2,2
32547,5,5
32548,3,9
32549,2,8
32550,0,6
32551,2,3
32552,5,9
32553,2,2
32554,1,3
32555,3,3
32556,4,5
32557,2,3
32558,1,2
32559,7,7
32560,2,4
32561,3,3
32562,0,3
32563,3,3
32564,1,7
32565,7,7
32566,4,6
32567,8,8
32568,7,7
32569,4,4
32570,6,8
32571,4,4
32572,3,4
32573,7,7
32574,5,5
32575,2,4
32576,3,7
32577,5,5
32578,3,5
32579,3,4
32580,3,4
32581,2,2
32582,0,1
32583,3,3
32584,3,4
32585,3,3
32586,5,6
32587,3,3
32588,2,6
32589,5,7
32590,3,7
32591,3,3
32592,4,7
32593,2,5
32594,2,3
32595,3,5
32596,1,3
32597,3,3
32598,2,3
32599,5,5
32600,3,3
32601,4,7
32602,4,4
32603,3,3
32604,2,2
32605,2,7
32606,5,7
32607,8,8
32608,1,5
32609,4,4
32610,2,5
32611,6,8
32612,3,4
32613,2,2
32614,7,8
32615,6,6
32616,1,2
32617,3,3
32618,1,8
32619,5,5
32620,4,5
32621,3,3
32622,5,6
32623,2,2
32624,3,4
32625,4,4
32626,0,4
32627,7,7
32628,0,7
32629,3,8
32630,1,2
32631,6,6
32632,1,4
32633,8,9
32634,0,7
32635,4,6
32636,3,6
32637,2,2
32638,2,4
32639,2,7
32640,3,8
32641,6,8
32642,2,7
32643,7,7
32644,3,3
32645,2,2
32646,4,7
32647,3,3
32648,1,3
32649,2,2
32650,4,6
32651,2,3
32652,4,5
32653,7,7
32654,4,7
32655,4,5
32656,2,2
32657,4,4
32658,5,5
32659,4,6
32660,6,8
32661,2,2
32662,0,2
32663,5,6
32664,2,6
32665,3,3
32666,2,2
32667,2,2
32668,1,5
32669,3,3
32670,1,6
32671,2,2
32672,1,4
32673,6,6
32674,7,7
32675,1,1
32676,0,2
32677,7,8
32678,1,4
32679,2,2
32680,1,3
32681,2,2
32682,5,6
32683,5,5
32684,1,4
32685,4,4
32686,4,7
32687,5,5
32688,1,5
32689,3,3
32690,4,4
32691,7,7
32692,2,4
32693,2,2
32694,2,2
32695,2,2
32696,2,2
32697,6,8
32698,4,6
32699,5,5
32700,2,4
32701,4,5
32702,3,6
32703,2,2
32704,1,8
32706,7,7
32707,3,4
32708,5,5
32709,1,7
32710,5,6
32711,4,8
32712,3,5
32713,1,1
32714,3,3
32715,4,5
32716,4,4
32717,3,3
32718,4,4
32719,5,6
32720,3,3
32721,4,7
32722,5,5
32723,4,6
32724,2,2
32725,4,4
32726,3,6
32727,5,5
32728,4,4
32729,4,7
32730,5,5
32731,4,5
32732,6,6
32733,5,5
32734,2,6
32735,1,5
32736,5,5
32737,1,4
32738,6,6
32739,5,7
32740,3,7
32741,0,5
32742,5,7
32743,4,5
32744,3,6
32745,3,4
32746,5,5
32747,3,5
32748,2,2
32749,5,9
32750,6,9
32751,4,8
32752,2,2
32753,0,3
32754,7,8
32755,3,3
32756,5,5
32757,4,8
32758,3,8
32759,1,2
32760,4,5
32761,3,4
32762,2,4
32763,3,5
32764,2,2
32765,3,3
32766,4,4
32767,7,7
32768,3,3
32769,3,4
32770,6,7
32771,5,7
32772,2,2
32773,3,3
32774,5,7
32775,8,8
32776,3,6
32777,2,2
32778,5,5
32779,4,5
32780,5,6
32781,0,3
32782,3,8
32783,1,8
32784,4,7
32785,4,5
32786,4,4
32787,2,5
32788,7,7
32789,6,7
32790,5,8
32791,7,8
32792,3,3
32793,4,6
32794,6,8
32795,1,6
32796,3,7
32797,2,4
32798,4,4
32799,3,6
32800,6,6
32801,2,2
32802,3,3
32803,1,7
32804,3,3
32805,3,5
32806,4,7
32807,3,4
32808,2,2
32809,1,2
32810,4,8
32811,3,3
32812,7,8
32813,1,2
32814,2,2
32815,3,3
32816,2,5
32817,5,5
32818,2,4
32819,6,7
32820,4,8
32821,1,2
32822,4,7
32823,4,6
32824,2,4
32825,1,3
32826,4,4
32827,4,5
32828,5,5
32829,1,2
32830,3,3
32831,3,6
32832,3,4
32833,5,6
32834,5,5
32835,0,5
32836,2,2
32837,2,6
32838,5,5
32839,1,3
32840,1,1
32841,3,7
32842,8,8
32843,3,6
32844,4,4
32845,4,5
32846,2,4
32847,2,5
32848,7,7
32849,3,4
32850,3,5
32851,2,3
32852,4,4
32853,3,7
32854,6,6
32855,0,1
32856,4,4
32857,5,8
32858,3,3
32859,6,8
32860,2,2
32861,3,7
32862,7,8
32863,0,5
32864,2,2
32865,0,8
32866,3,3
32867,2,4
32868,2,7
32869,6,6
32870,2,2
32871,4,7
32872,2,4
32873,0,3
32874,1,1
32875,2,5
32876,2,2
32877,5,6
32878,6,6
32879,0,2
32880,3,3
32881,2,2
32882,4,4
32883,3,4
32884,2,2
32885,2,7
32886,2,8
32887,2,3
32888,6,6
32889,2,6
32890,6,6
32891,3,3
32892,3,3
32893,6,8
32894,4,4
32895,1,8
32896,6,8
32897,4,5
32898,6,6
32899,5,7
32900,4,4
32901,1,2
32902,3,6
32903,1,2
32904,3,7
32905,6,7
32906,2,2
32907,2,2
32908,3,3
32909,0,2
32910,2,3
32911,7,8
32912,4,4
32913,4,7
32914,5,5
32915,0,5
32916,1,1
32917,2,4
32918,5,7
32919,3,7
32920,3,5
32921,0,4
32922,5,7
32923,1,3
32924,3,3
32925,4,6
32926,4,4
32927,6,6
32928,2,2
32929,4,5
32930,5,5
32931,3,3
32932,6,6
32933,2,2
32934,3,3
32935,5,7
32936,5,5
32937,5,8
32938,3,3
32939,4,8
32940,2,3
32941,0,3
32942,5,5
32943,0,2
32944,6,8
32945,1,1
32946,2,2
32947,4,5
32948,7,7
32949,3,7
32950,4,5
32951,3,4
32952,3,3
32953,2,3
32954,3,3
32955,3,3
32956,2,2
32957,3,3
32958,6,6
32959,0,7
32960,1,1
32961,2,3
32962,2,3
32963,5,5
32964,5,5
32965,0,7
32966,2,2
32967,2,2
32968,7,7
32969,2,3
32970,2,7
32971,3,3
32972,6,8
32973,6,8
32974,5,6
32975,2,3
32976,5,6
32977,5,8
32978,5,6
32979,0,4
32980,5,7
32981,2,6
32982,2,6
32983,4,5
32984,4,6
32985,1,3
32986,7,7
32987,1,6
32988,3,3
32989,0,2
32990,4,4
32991,4,5
32992,7,7
32993,4,8
32994,3,3
32995,2,3
32996,4,4
32997,4,6
32998,7,7
32999,5,5
33000,2,2
33001,3,5
33002,3,3
33003,0,3
33004,2,2
33005,2,3
33006,4,4
33007,4,7
33008,2,6
33009,0,4
33010,7,7
33011,1,2
33012,6,9
33013,3,3
33014,5,5
33015,1,6
33016,3,3
33017,3,4
33018,2,2
33019,6,8
33020,2,2
33021,2,3
33022,5,5
33023,4,6
33024,4,4
33025,4,8
33026,6,6
33027,4,7
33028,8,8
33029,4,6
33030,4,4
33031,2,7
33032,6,6
33033,2,2
33034,8,8
33035,2,8
33036,4,5
33037,2,3
33038,4,4
33039,4,5
33040,6,6
33041,0,3
33042,2,2
33043,3,7
33044,5,6
33045,2,2
33046,3,3
33047,4,4
33048,7,9
33049,3,3
33050,3,3
33051,1,5
33052,2,2
33053,1,3
33054,7,7
33055,3,8
33056,5,5
33057,2,3
33058,6,7
33059,3,6
33060,3,6
33061,5,6
33062,4,5
33063,2,6
33064,2,2
33065,3,3
33066,5,6
33067,4,5
33068,2,2
33069,4,6
33070,2,2
33071,3,5
33072,7,7
33073,4,7
33074,2,2
33075,2,3
33076,4,4
33077,4,8
33078,3,3
33079,4,6
33080,4,5
33081,3,3
33082,3,4
33083,5,8
33084,5,6
33085,3,4
33086,2,2
33087,6,6
33088,4,5
33089,2,7
33090,3,6
33091,3,4
33092,2,2
33093,2,8
33094,2,2
33095,2,2
33096,8,10
33097,3,3
33098,2,2
33099,4,6
33100,2,3
33101,5,5
33102,5,6
33103,3,5
33104,2,2
33105,3,4
33106,2,7
33107,0,3
33108,6,6
33109,6,8
33110,4,4
33111,2,2
33112,2,4
33113,3,6
33114,2,6
33115,0,7
33116,2,2
33117,1,3
33118,7,7
33119,2,2
33120,2,2
33121,3,6
33122,4,4
33123,3,4
33124,6,6
33125,4,8
33126,2,2
33127,1,3
33128,2,3
33129,3,3
33130,6,6
33131,1,2
33132,1,1
33133,3,4
33134,4,8
33135,1,2
33136,6,7
33137,3,7
33138,5,5
33139,5,6
33140,4,5
33141,1,6
33142,6,7
33143,5,8
33144,6,6
33145,2,2
33146,5,5
33147,1,1
33148,3,3
33149,2,2
33150,7,7
33151,5,7
33152,2,8
33153,3,6
33154,2,2
33155,2,2
33156,3,5
33157,2,2
33158,2,2
33159,7,7
33160,3,3
33161,0,3
33162,6,6
33163,5,6
33164,5,5
33165,3,5
33166,2,2
33167,0,3
33168,3,3
33169,2,4
33170,3,7
33171,4,6
33172,4,4
33173,4,5
33174,2,2
33175,2,4
33176,2,2
33177,0,3
33178,5,5
33179,1,2
33180,2,2
33181,3,5
33182,6,6
33183,0,4
33184,3,6
33185,4,7
33186,3,3
33187,1,7
33188,3,7
33189,1,6
33190,5,5
33191,2,3
33192,3,3
33193,0,8
33194,2,2
33195,4,5
33196,4,5
33197,7,7
33198,6,7
33199,2,3
33200,7,7
33201,4,5
33202,4,6
33203,2,2
33204,5,5
33205,4,4
33206,4,5
33207,4,6
33208,5,5
33209,2,2
33210,5,5
33211,6,7
33212,2,3
33213,4,4
33214,6,10
33215,4,5
33216,6,6
33217,4,4
33218,4,8
33219,2,6
33220,4,4
33221,3,6
33222,3,6
33223,2,2
33224,8,8
33225,5,6
33226,6,6
33227,5,5
33228,2,7
33229,0,4
33230,3,6
33231,0,2
33232,3,3
33233,2,2
33234,2,4
33235,2,6
33236,5,5
33237,0,5
33238,2,2
33239,5,5
33240,4,4
33241,1,4
33242,3,3
33243,4,5
33244,4,4
33245,2,3
33246,4,4
33247,1,3
33248,4,5
33249,6,6
33250,5,6
33251,3,3
33252,5,5
33253,4,5
33254,5,5
33255,0,5
33256,6,8
33257,1,8
33258,4,4
33259,2,7
33260,2,8
33261,1,5
33262,6,6
33263,1,6
33264,8,8
33265,3,4
33266,2,2
33267,4,4
33268,5,5
33269,3,7
33270,4,4
33271,5,5
33272,4,4
33273,3,6
33274,5,8
33275,2,8
33276,5,6
33277,0,6
33278,4,4
33279,0,4
33280,3,3
33281,2,4
33282,8,8
33283,3,5
33284,2,6
33285,2,3
33286,5,6
33287,0,2
33288,3,3
33289,3,4
33290,6,6
33291,8,9
33292,8,8
33293,2,3
33294,3,3
33295,1,2
33296,3,3
33297,6,7
33298,7,7
33299,2,5
33300,3,3
33301,6,8
33302,4,4
33303,2,5
33304,4,4
33305,4,6
33306,6,6
33307,1,4
33308,7,8
33309,6,8
33310,5,5
33311,4,5
33312,2,5
33313,3,4
33314,2,2
33315,3,3
33316,2,2
33317,4,5
33318,3,3
33319,0,5
33320,5,5
33321,2,4
33322,5,5
33323,3,8
33324,2,2
33325,2,7
33326,5,5
33327,2,8
33328,2,2
33329,4,5
33330,3,3
33331,4,4
33332,5,5
33333,3,6
33334,2,2
33335,3,8
33336,3,7
33337,4,6
33338,7,7
33339,2,3
33340,5,5
33341,2,2
33342,3,3
33343,1,2
33344,6,6
33345,1,3
33346,3,3
33347,1,2
33348,4,4
33349,2,2
33350,5,7
33351,4,4
33352,2,6
33353,4,6
33354,5,5
33355,1,4
33356,3,3
33357,3,6
33358,6,7
33359,2,7
33360,3,3
33361,4,5
33362,6,7
33363,1,4
33364,2,2
33365,1,6
33366,4,4
33367,1,4
33368,3,3
33369,0,3
33370,7,7
33371,1,4
33372,7,7
33373,5,8
33374,3,3
33375,0,5
33376,2,2
33377,1,6
33378,7,7
33379,2,3
33380,6,6
33381,4,4
33382,6,6
33383,6,6
33384,3,3
33385,4,7
33386,4,4
33387,6,6
33388,5,5
33389,4,5
33390,2,5
33391,2,6
33392,2,2
33393,3,5
33394,2,7
33395,3,6
33396,2,4
33397,2,5
33398,8,8
33399,4,4
33400,5,5
33401,1,6
33402,2,2
33403,6,7
33404,2,2
33405,4,5
33406,4,4
33407,6,8
33408,4,4
33409,4,5
33410,4,6
33411,4,4
33412,3,6
33413,0,1
33414,3,8
33415,0,2
33416,7,7
33417,5,8
33418,6,6
33419,4,5
33420,4,4
33421,6,8
33422,6,8
33423,5,7
33424,3,3
33425,3,4
33426,2,2
33427,5,6
33428,2,2
33429,2,2
33430,2,6
33431,2,2
33432,2,2
33433,2,5
33434,5,5
33435,6,6
33436,3,3
33437,5,7
33438,4,4
33439,6,8
33440,2,8
33441,2,4
33442,3,3
33443,1,3
33444,3,3
33445,2,3
33446,2,2
33447,3,3
33448,6,6
33449,2,8
33450,3,3
33451,3,3
33452,6,6
33453,2,3
33454,4,4
33455,1,5
33456,2,6
33457,3,3
33458,3,5
33459,5,5
33460,3,5
33461,1,4
33462,4,4
33463,2,2
33464,2,2
33465,1,4
33466,3,3
33467,3,3
33468,2,4
33469,3,4
33470,2,2
33471,2,5
33472,8,8
33473,1,5
33474,5,5
33475,0,5
33476,5,7
33477,4,7
33478,5,5
33479,3,6
33480,3,3
33481,5,7
33482,3,3
33483,6,8
33484,4,4
33485,2,5
33486,2,8
33487,5,6
33488,2,7
33489,0,6
33490,4,6
33491,2,8
33492,2,2
33493,0,2
33494,4,4
33495,4,7
33496,2,2
33497,2,5
33498,3,4
33499,0,2
33500,6,8
33501,2,3
33502,3,3
33503,5,5
33504,5,5
33505,1,3
33506,4,4
33507,4,6
33508,6,6
33509,5,7
33510,5,9
33511,1,5
33512,5,6
33513,6,8
33514,4,4
33515,1,7
33516,4,5
33517,3,4
33518,2,2
33519,6,6
33520,4,4
33521,2,6
33522,3,6
33523,3,6
33524,3,4
33525,1,2
33526,5,7
33527,1,7
33528,8,8
33529,3,3
33530,2,2
33531,1,2
33532,6,6
33533,5,6
33534,8,8
33535,0,5
33536,6,6
33537,2,4
33538,5,5
33539,3,5
33540,3,8
33541,2,2
33542,6,6
33543,2,6
33544,6,6
33545,1,3
33546,3,5
33547,1,7
33548,8,8
33549,5,6
33550,5,5
33551,0,4
33552,3,3
33553,0,7
33554,3,3
33555,2,3
33556,4,4
33557,4,4
33558,6,7
33559,0,4
33560,4,4
33561,5,6
33562,3,3
33563,4,4
33564,6,6
33565,4,6
33566,5,5
33567,4,6
33568,5,5
33569,2,2
33570,4,4
33571,1,2
33572,2,3
33573,3,5
33574,6,6
33575,6,6
33576,6,6
33577,1,2
33578,2,4
33579,6,8
33580,3,4
33581,2,3
33582,6,6
33583,4,6
33584,3,6
33585,4,4
33586,5,5
33587,3,4
33588,5,7
33589,2,4
33590,3,3
33591,6,8
33592,2,6
33593,1,3
33594,2,5
33595,7,8
33596,3,3
33597,0,4
33598,5,6
33599,3,3
33600,2,5
33601,2,5
33602,2,2
33603,2,6
33604,8,8
33605,2,2
33606,5,5
33607,1,2
33608,5,7
33609,0,6
33610,4,5
33611,1,7
33612,2,2
33613,2,4
33614,3,3
33615,6,8
33616,4,4
33617,6,7
33618,2,3
33619,4,7
33620,7,8
33621,2,3
33622,6,6
33623,2,5
33624,5,5
33625,5,5
33626,5,5
33627,4,4
33628,3,6
33629,9,9
33630,3,3
33631,2,2
33632,5,8
33633,1,3
33634,2,3
33635,2,2
33636,3,3
33637,5,5
33638,6,6
33639,5,7
33640,5,5
33641,0,8
33642,5,6
33643,1,2
33644,2,5
33645,5,7
33646,2,2
33647,1,4
33648,4,8
33649,1,3
33650,4,5
33651,2,3
33652,2,3
33653,2,3
33654,2,2
33655,4,5
33656,8,9
33657,1,4
33658,5,5
33659,0,2
33660,5,5
33661,2,4
33662,3,4
33663,5,6
33664,3,6
33665,0,6
33666,3,4
33667,4,4
33668,4,4
33669,1,7
33670,2,4
33671,1,7
33672,6,6
33673,1,2
33674,4,5
33675,1,2
33676,4,4
33677,3,4
33678,5,7
33679,6,6
33680,6,6
33681,3,3
33682,2,2
33683,0,2
33684,3,3
33685,3,4
33686,5,5
33687,3,4
33688,4,4
33689,4,6
33690,5,5
33691,5,5
33692,3,4
33693,1,4
33694,3,3
33695,0,2
33696,8,8
33697,4,6
33698,8,8
33699,2,3
33700,2,2
33701,1,7
33702,5,5
33703,3,5
33704,5,5
33705,2,8
33706,3,5
33707,2,7
33708,4,4
33709,3,6
33710,4,5
33711,1,2
33712,2,2
33713,4,4
33714,3,3
33715,2,4
33716,5,5
33717,3,3
33718,4,4
33719,5,6
33720,2,6
33721,2,5
33722,3,3
33723,1,5
33724,5,6
33725,1,3
33726,4,4
33727,3,5
33728,5,6
33729,4,6
33730,2,2
33731,5,6
33732,5,5
33733,4,5
33734,3,3
33735,6,8
33736,5,5
33737,2,5
33738,7,7
33739,4,6
33740,3,5
33741,2,5
33742,2,3
33743,5,6
33744,3,7
33745,2,2
33746,6,6
33747,3,9
33748,6,6
33749,3,4
33750,5,6
33751,3,4
33752,7,7
33753,0,3
33754,3,3
33755,3,5
33756,5,5
33757,3,7
33758,5,5
33759,4,5
33760,5,5
33761,0,7
33762,2,6
33763,3,5
33764,2,2
33765,3,5
33766,8,8
33767,1,2
33768,4,4
33769,1,6
33770,5,5
33771,4,6
33772,3,5
33773,0,7
33774,5,5
33775,5,6
33776,8,8
33777,4,4
33778,2,6
33779,5,7
33780,6,6
33781,0,2
33782,4,4
33783,1,2
33784,7,7
33785,1,4
33786,4,4
33787,3,5
33788,5,5
33789,6,6
33790,5,5
33791,2,5
33792,4,4
33793,5,7
33794,2,2
33795,6,7
33796,2,2
33797,5,7
33798,6,6
33799,5,8
33800,8,8
33801,5,8
33802,3,3
33803,4,7
33804,3,3
33805,6,6
33806,3,3
33807,2,2
33808,4,8
33809,2,4
33810,2,2
33811,2,4
33812,5,5
33813,3,3
33814,2,5
33815,1,7
33816,6,6
33817,5,7
33818,6,7
33819,1,2
33820,3,3
33821,1,8
33822,6,7
33823,0,3
33824,2,2
33825,0,8
33826,3,3
33827,2,4
33828,4,4
33829,1,6
33830,6,6
33831,1,5
33832,6,6
33833,5,6
33834,3,3
33835,2,3
33836,5,5
33837,4,6
33838,2,2
33839,5,6
33840,4,4
33841,5,9
33842,7,7
33843,4,6
33844,2,2
33845,3,7
33846,3,3
33847,6,7
33848,5,5
33849,1,4
33850,3,6
33851,0,6
33852,1,1
33853,0,3
33854,2,2
33855,1,3
33856,3,7
33857,2,7
33858,2,2
33859,5,6
33860,6,7
33861,3,7
33862,3,6
33863,2,5
33864,2,4
33865,1,3
33866,7,7
33867,1,4
33868,2,2
33869,6,6
33870,3,7
33871,7,7
33872,2,2
33873,4,5
33874,3,5
33875,3,5
33876,2,7
33877,3,3
33878,5,5
33879,2,2
33880,6,6
33881,2,2
33882,5,6
33883,2,7
33884,2,2
33885,2,7
33886,3,3
33887,4,5
33888,3,3
33889,3,8
33890,3,4
33891,3,8
33892,3,4
33893,5,5
33894,3,4
33895,4,5
33896,3,6
33897,1,1
33898,5,6
33899,3,8
33900,6,7
33901,2,4
33902,8,8
33903,5,5
33904,7,7
33905,7,7
33906,2,4
33907,1,6
33908,4,5
33909,1,5
33910,5,5
33911,2,2
33912,4,4
33913,1,4
33914,4,4
33915,3,3
33916,6,6
33917,1,7
33918,2,2
33919,0,4
33920,6,7
33921,3,5
33922,2,5
33923,0,4
33924,3,3
33925,8,8
33926,2,7
33927,2,2
33928,2,2
33929,4,5
33930,7,7
33931,2,4
33932,4,4
33933,2,8
33934,5,5
33935,2,5
33936,4,5
33937,4,4
33938,3,3
33939,3,8
33940,8,8
33941,2,5
33942,5,5
33943,1,2
33944,3,3
33945,5,5
33946,5,7
33947,3,3
33948,6,6
33949,3,4
33950,6,6
33951,4,5
33952,5,5
33953,3,4
33954,5,5
33955,1,6
33956,3,3
33957,2,3
33958,5,5
33959,3,4
33960,2,2
33961,2,2
33962,5,5
33963,5,5
33964,4,4
33965,4,6
33966,6,6
33967,3,3
33968,7,7
33969,1,5
33970,2,2
33971,3,3
33972,4,4
33973,5,6
33974,4,6
33975,2,4
33976,4,4
33977,4,7
33978,2,3
33979,2,7
33980,4,4
33981,1,3
33982,5,7
33983,3,9
33984,6,7
33985,5,8
33986,4,5
33987,0,8
33988,2,8
33989,1,4
33990,5,5
33991,2,4
33992,3,5
33993,3,3
33994,7,7
33995,2,3
33996,6,6
33997,5,7
33998,5,6
33999,2,2
34000,3,3
34001,3,5
34002,4,4
34003,3,3
34004,5,6
34005,2,3
34006,2,2
34007,4,7
34008,5,5
34009,0,2
34010,6,8
34011,4,5
34012,5,8
34013,4,6
34014,4,4
34015,5,7
34016,2,2
34017,1,8
34018,2,2
34019,3,7
34020,3,3
34021,3,7
34022,2,2
34023,2,2
34024,3,6
34025,1,4
34026,3,3
34027,1,6
34028,5,8
34029,2,5
34030,6,6
34031,3,3
34032,4,4
34033,3,5
34034,3,3
34035,0,3
34036,2,2
34037,6,8
34038,7,7
34039,4,5
34040,3,4
34041,1,5
34042,3,5
34043,6,6
34044,2,2
34045,3,6
34046,3,8
34047,3,3
34048,8,8
34049,7,8
34050,3,5
34051,2,6
34052,4,4
34053,1,2
34054,7,7
34055,4,5
34056,3,6
34057,2,5
34058,3,3
34059,2,4
34060,6,7
34061,2,8
34062,4,5
34063,3,3
34064,8,8
34065,2,3
34066,5,7
34067,2,3
34068,3,7
34069,3,4
34070,5,5
34071,2,2
34072,5,8
34073,3,6
34074,8,8
34075,5,6
34076,5,5
34077,2,2
34078,3,4
34079,0,5
34080,3,3
34081,3,5
34082,2,2
34083,2,4
34084,3,7
34085,1,3
34086,6,8
34087,5,6
34088,2,3
34089,5,6
34090,4,4
34091,1,4
34092,8,9
34093,2,2
34094,4,4
34095,1,2
34096,5,8
34097,2,2
34098,5,5
34099,2,3
34100,2,2
34101,1,6
34102,6,7
34103,3,3
34104,2,4
34105,5,5
34106,5,7
34107,2,3
34108,4,6
34109,1,4
34110,8,8
34111,3,4
34112,5,6
34113,1,2
34114,2,2
34115,1,6
34116,6,6
34117,0,3
34118,6,7
34119,5,6
34120,8,8
34121,2,3
34122,6,6
34123,2,4
34124,4,5
34125,2,2
34126,7,7
34127,4,4
34128,6,6
34129,0,3
34130,2,2
34131,0,2
34132,4,4
34133,6,8
34134,8,9
34135,1,2
34136,3,3
34137,3,5
34138,3,3
34139,3,4
34140,5,8
34141,6,6
34142,3,3
34143,4,4
34144,2,2
34145,2,3
34146,2,5
34147,4,4
34148,2,2
34149,6,6
34150,4,4
34151,2,7
34152,6,7
34153,3,7
34154,4,4
34155,3,3
34156,7,7
34157,0,6
34158,2,4
34159,5,5
34160,7,8
34161,1,2
34162,5,5
34163,4,5
34164,5,6
34165,0,4
34166,3,4
34167,4,7
34168,2,5
34169,3,4
34170,6,7
34171,3,5
34172,3,3
34173,4,4
34174,7,7
34175,3,3
34176,4,4
34177,3,5
34178,4,7
34179,5,6
34180,5,5
34181,1,3
34182,2,2
34183,5,8
34184,5,6
34185,0,3
34186,3,3
34187,3,8
34188,5,8
34189,4,7
34190,2,2
34191,1,2
34192,3,6
34193,3,6
34194,3,3
34195,3,5
34196,4,4
34197,5,8
34198,5,5
34199,1,7
34200,5,6
34201,6,8
34202,3,3
34203,3,3
34204,4,4
34205,5,6
34206,7,8
34207,3,9
34208,2,2
34209,3,4
34210,6,6
34211,6,7
34212,2,3
34213,4,7
34214,3,3
34215,1,3
34216,5,6
34217,3,3
34218,2,2
34219,0,8
34220,2,6
34221,0,2
34222,5,5
34223,0,2
34224,4,8
34225,2,2
34226,5,5
34227,0,4
34228,2,2
34229,0,2
34230,8,8
34231,2,7
34232,3,3
34233,3,5
34234,1,1
34235,0,3
34236,4,4
34237,3,6
34238,5,6
34239,2,4
34240,5,5
34241,0,2
34242,7,7
34243,1,6
34244,4,4
34245,3,7
34246,7,7
34247,0,3
34248,5,5
34249,4,4
34250,6,6
34251,4,8
34252,2,2
34253,3,5
34254,5,6
34255,2,3
34256,5,8
34257,2,6
34258,6,6
34259,3,3
34260,6,6
34261,1,3
34262,3,5
34263,6,6
34264,6,6
34265,5,8
34266,5,5
34267,2,5
34268,2,3
34269,4,6
34270,4,5
34271,1,2
34272,6,6
34273,6,7
34274,2,3
34275,0,4
34276,4,4
34277,4,8
34278,2,2
34279,6,7
34280,6,6
34281,6,7
34282,4,4
34283,5,6
34284,2,8
34285,2,4
34286,4,5
34287,0,4
34288,3,5
34289,4,4
34290,5,5
34291,3,3
34292,4,4
34293,1,2
34294,6,6
34295,3,8
34296,2,2
34297,4,7
34298,4,5
34299,0,5
34300,4,4
34301,0,2
34302,3,3
34303,3,3
34304,7,7
34305,0,7
34306,3,6
34307,3,8
34308,2,3
34309,3,5
34310,6,6
34311,2,4
34312,5,5
34313,2,4
34314,9,9
34315,4,8
34316,6,7
34317,4,4
34318,2,2
34319,3,7
34320,5,5
34321,4,6
34322,4,4
34323,5,6
34324,3,3
34325,2,6
34326,6,6
34327,5,8
34328,6,6
34329,4,7
34330,8,8
34331,3,5
34332,2,2
34333,0,2
34334,6,6
34335,1,2
34336,4,4
34337,3,3
34338,5,5
34339,1,5
34340,6,6
34341,3,8
34342,7,7
34343,0,6
34344,2,3
34345,1,8
34346,3,4
34347,5,5
34348,4,7
34349,1,2
34350,5,5
34351,4,7
34352,3,3
34353,2,4
34354,7,8
34355,3,6
34356,3,4
34357,4,5
34358,2,2
34359,1,2
34360,5,8
34361,3,6
34362,3,3
34363,0,3
34364,2,8
34365,0,5
34366,3,4
34367,3,3
34368,6,6
34369,2,2
34370,5,6
34371,3,5
34372,4,4
34373,3,3
34374,3,3
34375,2,2
34376,2,2
34377,1,4
34378,3,3
34379,1,2
34380,2,2
34381,2,3
34382,6,7
34383,6,8
34384,3,5
34385,2,3
34386,2,8
34387,3,8
34388,2,2
34389,0,4
34390,2,5
34391,1,6
34392,4,4
34393,2,5
34394,2,2
34395,2,6
34396,3,3
34397,1,5
34398,6,6
34399,2,7
34400,4,4
34401,2,3
34402,3,3
34403,5,7
34404,4,6
34405,4,5
34406,6,6
34407,2,6
34408,3,3
34409,5,7
34410,2,2
34411,5,6
34412,5,5
34413,4,7
34414,2,2
34415,0,6
34416,3,3
34417,5,6
34418,6,8
34419,4,7
34420,3,3
34421,6,7
34422,3,3
34423,0,3
34424,4,4
34425,3,3
34426,5,5
34427,6,7
34428,5,5
34429,2,3
34430,4,4
34431,6,8
34432,5,7
34433,6,6
34434,1,1
34435,1,7
34436,4,5
34437,0,3
34438,1,1
34439,6,7
34440,4,6
34441,2,7
34442,5,6
34443,3,3
34444,3,4
34445,2,2
34446,2,4
34447,4,4
34448,7,8
34449,4,4
34450,3,3
34451,5,7
34452,3,5
34453,3,6
34454,4,4
34455,4,8
34456,7,7
34457,3,8
34458,5,5
34459,0,5
34460,3,3
34461,4,5
34462,3,3
34463,6,8
34464,4,4
34465,4,4
34466,3,3
34467,0,4
34468,3,3
34469,0,3
34470,3,3
34471,3,6
34472,4,4
34473,6,8
34474,3,6
34475,4,6
34476,2,3
34477,2,5
34478,7,8
34479,1,7
34480,2,5
34481,2,3
34482,3,3
34483,1,4
34484,4,4
34485,3,4
34486,6,6
34487,3,6
34488,5,5
34489,3,5
34490,7,8
34491,3,3
34492,6,6
34493,2,3
34494,6,7
34495,4,4
34496,3,3
34497,3,3
34498,8,8
34499,1,2
34500,5,5
34501,1,4
34502,3,3
34503,7,7
34504,2,2
34505,4,6
34506,4,4
34507,1,8
34508,3,6
34509,1,5
34510,2,2
34511,3,7
34512,6,7
34513,5,5
34514,4,8
34515,2,3
34516,7,8
34517,2,2
34518,5,5
34519,2,4
34520,2,3
34521,3,4
34522,4,5
34523,2,6
34524,5,7
34525,6,8
34526,2,2
34527,1,3
34528,6,7
34529,2,2
34530,3,9
34531,6,7
34532,4,4
34533,3,6
34534,4,5
34535,2,3
34536,3,3
34537,3,3
34538,8,8
34539,4,5
34540,6,8
34541,4,5
34542,4,7
34543,2,8
34544,7,7
34545,2,2
34546,2,2
34547,4,6
34548,3,3
34549,0,8
34550,4,4
34551,3,7
34552,7,7
34553,2,3
34554,4,4
34555,2,2
34556,7,7
34557,5,7
34558,3,3
34559,0,4
34560,2,4
34561,1,2
34562,2,2
34563,2,6
34564,2,4
34565,2,2
34566,2,2
34567,7,7
34568,3,3
34569,5,7
34570,2,2
34571,4,8
34572,5,7
34573,0,4
34574,3,7
34575,1,3
34576,4,6
34577,3,3
34578,4,5
34579,5,5
34580,4,6
34581,6,6
34582,2,2
34583,6,8
34584,5,5
34585,8,8
34586,2,2
34587,3,3
34588,5,7
34589,4,6
34590,4,8
34591,1,3
34592,3,3
34593,3,6
34594,5,5
34595,0,2
34596,4,4
34597,5,9
34598,4,4
34599,3,5
34600,3,5
34601,2,3
34602,2,2
34603,1,8
34604,5,5
34605,1,6
34606,7,7
34607,4,6
34608,4,5
34609,5,7
34610,2,3
34611,1,3
34612,4,4
34613,7,8
34614,8,8
34615,3,5
34616,3,4
34617,1,4
34618,5,5
34619,5,6
34620,3,5
34621,5,8
34622,2,2
34623,1,2
34624,8,8
34625,4,4
34626,2,2
34627,2,2
34628,4,5
34629,4,7
34630,5,5
34631,3,4
34632,3,3
34633,6,7
34634,6,6
34635,3,8
34636,3,3
34637,2,2
34638,2,2
34639,1,4
34640,3,3
34641,0,2
34642,3,5
34643,4,5
34644,6,7
34645,2,6
34646,5,5
34647,6,8
34648,5,8
34649,4,7
34650,2,3
34651,4,5
34652,5,5
34653,2,4
34654,7,7
34655,2,5
34656,6,6
34657,0,6
34658,2,7
34659,4,6
34660,4,8
34661,6,9
34662,4,4
34663,2,2
34664,6,6
34665,3,6
34666,2,2
34667,4,5
34668,2,2
34669,2,3
34670,4,8
34671,3,5
34672,5,6
34673,3,3
34674,7,8
34675,3,3
34676,6,7
34677,3,4
34678,4,4
34679,0,6
34680,3,3
34681,1,2
34682,6,6
34683,2,2
34684,2,6
34685,5,6
34686,3,6
34687,2,4
34688,7,7
34689,5,5
34690,6,6
34691,0,5
34692,5,5
34693,1,2
34694,3,3
34695,6,6
34696,4,4
34697,1,6
34698,2,2
34699,2,3
34700,2,5
34701,3,4
34702,2,3
34703,5,5
34704,4,4
34705,1,2
34706,2,8
34707,6,7
34708,2,4
34709,4,4
34710,4,8
34711,1,6
34712,3,6
34713,7,7
34714,4,5
34715,2,6
34716,5,5
34717,1,4
34718,5,5
34719,2,2
34720,4,5
34721,1,4
34722,3,9
34723,0,2
34724,6,6
34725,3,5
34726,6,6
34727,5,8
34728,4,4
34729,7,7
34730,8,8
34731,1,2
34732,3,3
34733,3,7
34734,5,5
34735,0,6
34736,5,5
34737,3,3
34738,3,5
34739,4,4
34740,4,6
34741,3,4
34742,4,6
34743,3,3
34744,6,6
34745,3,5
34746,7,7
34747,1,5
34748,3,8
34749,2,3
34750,5,5
34751,5,7
34752,3,3
34753,4,8
34754,3,3
34755,2,2
34756,3,3
34757,3,6
34758,3,3
34759,3,4
34760,7,7
34761,4,4
34762,3,3
34763,0,5
34764,3,3
34765,1,3
34766,4,4
34767,2,4
34768,6,8
34769,1,3
34770,2,2
34771,2,6
34772,4,5
34773,5,7
34774,6,7
34775,4,7
34776,4,4
34777,2,3
34778,2,2
34779,1,5
34780,2,2
34781,0,5
34782,4,6
34783,3,5
34784,2,2
34785,4,5
34786,3,7
34787,3,8
34788,6,6
34789,1,3
34790,2,2
34791,1,2
34792,3,6
34793,3,5
34794,2,2
34795,2,2
34796,5,6
34797,2,3
34798,3,3
34799,3,5
34800,5,5
34801,3,7
34802,2,7
34803,1,4
34804,7,8
34805,5,6
34806,5,5
34807,3,7
34808,5,5
34809,3,4
34810,3,3
34811,7,7
34812,7,8
34813,2,6
34814,5,5
34815,4,5
34816,2,2
34817,2,2
34818,2,2
34819,1,8
34820,6,6
34821,5,5
34822,5,5
34823,2,7
34824,6,6
34825,5,6
34826,3,6
34827,2,7
34828,7,7
34829,2,4
34830,8,8
34831,4,6
34832,5,5
34833,0,8
34834,3,3
34835,6,7
34836,2,2
34837,4,6
34838,2,2
34839,1,4
34840,4,4
34841,1,5
34842,2,7
34843,3,3
34844,3,6
34845,3,7
34846,3,3
34847,4,6
34848,2,2
34849,0,5
34850,3,3
34851,3,4
34852,2,6
34853,5,6
34854,5,5
34855,2,3
34856,4,7
34857,3,7
34858,7,8
34859,5,7
34860,2,5
34861,1,6
34862,4,6
34863,2,2
34864,4,4
34865,6,8
34866,2,5
34867,6,6
34868,3,3
34869,2,2
34870,2,2
34871,0,2
34872,7,8
34873,2,4
34874,7,8
34875,2,7
34876,4,4
34877,3,7
34878,2,3
34879,4,4
34880,5,5
34881,2,4
34882,2,2
34883,3,4
34884,3,3
34885,3,6
34886,2,2
34887,3,4
34888,2,2
34889,5,5
34890,5,7
34891,4,5
34892,2,5
34893,5,7
34894,5,5
34895,2,5
34896,3,3
34897,1,2
34898,7,7
34899,3,3
34900,3,3
34901,3,4
34902,4,4
34903,4,7
34904,6,6
34905,2,3
34906,5,8
34907,3,5
34908,2,2
34909,5,5
34910,7,7
34911,3,5
34912,4,6
34913,6,8
34914,6,6
34915,3,4
34916,3,3
34917,2,3
34918,4,4
34919,3,3
34920,2,2
34921,2,3
34922,3,4
34923,6,8
34924,5,5
34925,1,2
34926,6,6
34927,4,4
34928,4,8
34929,2,2
34930,4,4
34931,4,6
34932,5,8
34933,3,5
34934,3,3
34935,1,2
34936,3,6
34937,0,3
34938,4,4
34939,0,4
34940,5,7
34941,3,4
34942,3,5
34943,4,5
34944,2,7
34945,2,2
34946,2,6
34947,2,2
34948,3,3
34949,2,6
34950,5,5
34951,5,5
34952,4,4
34953,0,3
34954,8,8
34955,6,7
34956,2,2
34957,6,6
34958,8,8
34959,5,7
34960,3,3
34961,6,6
34962,3,6
34963,3,4
34964,5,5
34965,6,6
34966,4,4
34967,3,4
34968,7,7
34969,1,6
34970,3,5
34971,3,4
34972,3,3
34973,4,6
34974,2,2
34975,2,3
34976,4,4
34977,2,2
34978,2,5
34979,3,4
34980,4,5
34981,7,8
34982,2,2
34983,1,6
34984,2,2
34985,0,5
34986,2,3
34987,2,7
34988,1,1
34989,2,5
34990,3,3
34991,2,2
34992,3,5
34993,2,3
34994,3,7
34995,3,5
34996,5,7
34997,2,4
34998,2,2
34999,2,2
35000,2,2
35001,1,2
35002,3,3
35003,2,2
35004,3,3
35005,2,6
35006,4,4
35007,5,5
35008,2,2
35009,4,7
35010,7,7
35011,2,4
35012,6,6
35013,6,8
35014,3,7
35015,0,7
35016,6,6
35017,2,2
35018,3,9
35019,2,4
35020,2,2
35021,2,4
35022,3,7
35023,4,7
35024,3,3
35025,5,7
35026,2,2
35027,5,9
35028,4,5
35029,0,3
35030,2,2
35031,3,4
35032,2,5
35033,5,6
35034,6,6
35035,2,3
35036,2,3
35037,2,6
35038,4,4
35039,6,8
35040,2,2
35041,3,3
35042,5,6
35043,4,8
35044,3,3
35045,5,6
35046,2,4
35047,1,7
35048,4,4
35049,0,2
35050,7,7
35051,3,3
35052,3,6
35053,2,2
35054,3,3
35055,3,5
35056,4,5
35057,3,4
35058,7,9
35059,6,7
35060,4,5
35061,0,5
35062,6,7
35063,0,2
35064,3,4
35065,6,7
35066,2,2
35067,2,2
35068,5,5
35069,2,4
35070,4,4
35071,4,6
35072,4,5
35073,5,6
35074,3,4
35075,2,4
35076,4,4
35077,6,8
35078,7,7
35079,4,6
35080,5,5
35081,1,5
35082,2,4
35083,6,6
35084,5,5
35085,5,6
35086,6,6
35087,4,6
35088,6,7
35089,3,8
35090,6,8
35091,3,5
35092,5,5
35093,4,4
35094,2,2
35095,4,7
35096,5,6
35097,1,3
35098,6,6
35099,4,8
35100,6,7
35101,0,5
35102,3,3
35103,6,7
35104,2,2
35105,2,2
35106,4,6
35107,1,3
35108,2,4
35109,3,4
35110,4,8
35111,2,5
35112,3,3
35113,1,5
35114,3,3
35115,3,4
35116,8,8
35117,1,2
35118,5,5
35119,3,6
35120,2,4
35121,3,3
35122,6,6
35123,1,7
35124,5,5
35125,3,6
35126,2,2
35127,1,6
35128,6,6
35129,2,3
35130,4,5
35131,6,6
35132,7,7
35133,1,2
35134,3,3
35135,1,4
35136,3,4
35137,2,7
35138,6,6
35139,2,5
35140,2,4
35141,4,7
35142,3,3
35143,2,5
35144,5,7
35145,1,2
35146,5,6
35147,2,3
35148,4,4
35149,2,3
35150,2,2
35151,3,3
35152,5,5
35153,4,4
35154,3,6
35155,4,4
35156,2,3
35157,1,2
35158,5,5
35159,1,6
35160,4,4
35161,3,4
35162,4,4
35163,5,7
35164,4,6
35165,1,3
35166,7,7
35167,1,6
35168,2,2
35169,5,6
35170,5,5
35171,1,3
35172,5,6
35173,1,2
35174,8,8
35175,6,6
35176,3,3
35177,1,3
35178,2,2
35179,3,7
35180,3,3
35181,1,3
35182,4,4
35183,6,7
35184,3,3
35185,6,8
35186,6,7
35187,2,2
35188,3,3
35189,2,3
35190,5,8
35191,5,7
35192,6,6
35193,3,3
35194,2,5
35195,0,3
35196,4,7
35197,4,5
35198,4,4
35199,7,9
35200,2,2
35201,3,6
35202,4,4
35203,3,6
35204,3,8
35205,1,2
35206,3,4
35207,2,2
35208,7,8
35209,4,6
35210,4,4
35211,3,7
35212,4,7
35213,6,7
35214,2,4
35215,2,4
35216,3,3
35217,1,2
35218,5,5
35219,4,5
35220,2,2
35221,2,7
35222,4,4
35223,3,3
35224,2,2
35225,5,7
35226,2,5
35227,0,6
35228,3,5
35229,2,2
35230,2,3
35231,1,4
35232,2,2
35233,1,2
35234,5,6
35235,4,6
35236,3,7
35237,1,3
35238,2,2
35239,4,6
35240,4,4
35241,1,2
35242,2,5
35243,2,2
35244,6,6
35245,1,2
35246,7,7
35247,4,7
35248,6,6
35249,5,7
35250,5,6
35251,1,5
35252,3,8
35253,2,4
35254,3,3
35255,5,6
35256,2,5
35257,6,6
35258,2,2
35259,2,8
35260,6,7
35261,2,3
35262,3,3
35263,0,2
35264,2,7
35265,1,3
35266,6,6
35267,4,4
35268,6,6
35269,4,4
35270,3,3
35271,1,4
35272,6,6
35273,3,7
35274,3,6
35275,3,5
35276,3,3
35277,2,3
35278,7,7
35279,3,5
35280,6,6
35281,2,2
35282,4,4
35283,1,2
35284,3,4
35285,2,4
35286,1,1
35287,4,5
35288,3,3
35289,2,8
35290,2,2
35291,2,3
35292,4,5
35293,1,3
35294,7,8
35295,0,3
35296,2,8
35297,5,6
35298,6,7
35299,6,7
35300,5,5
35301,1,1
35302,2,7
35303,4,4
35304,5,5
35305,2,3
35306,4,4
35307,0,2
35308,6,7
35309,2,2
35310,2,4
35311,1,6
35312,5,6
35313,2,2
35314,5,5
35315,3,5
35316,4,4
35317,2,7
35318,5,8
35319,1,3
35320,2,5
35321,0,2
35322,2,2
35323,3,5
35324,5,6
35325,3,3
35326,2,8
35327,3,4
35328,5,8
35329,0,6
35330,2,2
35331,0,6
35332,5,5
35333,2,3
35334,4,5
35335,6,8
35336,7,7
35337,6,8
35338,3,8
35339,1,2
35340,3,5
35341,2,3
35342,5,5
35343,0,3
35344,3,3
35345,3,4
35346,4,5
35347,4,4
35348,3,3
35349,4,6
35350,3,3
35351,8,8
35352,3,3
35353,3,5
35354,6,7
35355,1,6
35356,3,7
35357,0,7
35358,6,6
35359,4,6
35360,2,2
35361,4,4
35362,6,6
35363,2,3
35364,1,1
35365,4,5
35366,8,8
35367,3,4
35368,5,7
35369,4,5
35370,2,2
35371,4,5
35372,3,9
35373,1,2
35374,7,7
35375,1,6
35376,4,4
35377,3,6
35378,5,8
35379,4,6
35380,3,5
35381,3,5
35382,3,7
35383,0,2
35384,3,3
35385,5,6
35386,2,2
35387,1,3
35388,6,7
35389,5,5
35390,5,5
35391,0,2
35392,8,8
35393,3,6
35394,7,7
35395,2,5
35396,4,4
35397,3,3
35398,2,2
35399,7,8
35400,3,5
35401,0,7
35402,7,7
35403,1,3
35404,6,6
35405,1,6
35406,2,2
35407,3,3
35408,6,6
35409,3,4
35410,5,5
35411,1,3
35412,3,8
35413,3,6
35414,4,4
35415,2,4
35416,3,3
35417,1,2
35418,5,7
35419,4,6
35420,3,3
35421,3,7
35422,2,3
35423,0,7
35424,6,6
35425,5,5
35426,4,4
35427,1,5
35428,5,5
35429,5,7
35430,6,6
35431,3,6
35432,3,3
35433,2,4
35434,2,2
35435,2,3
35436,5,5
35437,0,3
35438,4,5
35439,0,3
35440,2,3
35441,8,8
35442,5,5
35443,2,5
35444,5,6
35445,2,2
35446,4,4
35447,2,3
35448,8,8
35449,1,7
35450,7,7
35451,1,7
35452,2,8
35453,0,2
35454,2,5
35455,1,3
35456,3,4
35457,1,3
35458,8,8
35459,0,3
35460,2,2
35461,2,3
35462,4,4
35463,1,6
35464,4,6
35465,2,6
35466,2,6
35467,0,2
35468,6,8
35469,1,2
35470,7,7
35471,4,6
35472,2,2
35473,1,3
35474,4,4
35475,3,5
35476,2,2
35477,4,6
35478,2,2
35479,0,2
35480,2,7
35481,4,4
35482,7,8
35483,2,5
35484,4,5
35485,2,2
35486,3,3
35487,2,3
35488,1,1
35489,1,6
35490,3,7
35491,6,7
35492,2,2
35493,1,6
35494,7,7
35495,4,5
35496,4,5
35497,3,7
35498,4,6
35499,4,5
35500,5,5
35501,3,5
35502,4,5
35503,0,6
35504,4,4
35505,1,4
35506,2,4
35507,3,5
35508,5,5
35509,0,7
35510,2,2
35511,0,2
35512,6,8
35513,6,6
35514,3,4
35515,0,7
35516,3,4
35517,5,5
35518,2,2
35519,4,6
35520,6,6
35521,2,6
35522,2,8
35523,2,3
35524,4,4
35525,3,5
35526,2,7
35527,3,6
35528,2,7
35529,4,6
35530,4,5
35531,4,4
35532,3,3
35533,2,8
35534,6,6
35535,2,3
35536,3,4
35537,1,3
35538,3,4
35539,2,2
35540,4,4
35541,2,2
35542,3,3
35543,2,4
35544,6,7
35545,4,6
35546,3,7
35547,2,3
35548,3,3
35549,4,7
35550,2,3
35551,3,3
35552,5,5
35553,4,5
35554,5,5
35555,5,7
35556,3,3
35557,4,5
35558,2,2
35559,2,6
35560,2,2
35561,2,2
35562,6,6
35563,2,7
35564,2,2
35565,2,5
35566,7,8
35567,3,8
35568,3,4
35569,3,3
35570,4,5
35571,2,3
35572,4,6
35573,3,3
35574,5,7
35575,6,8
35576,5,5
35577,2,6
35578,1,1
35579,3,7
35580,8,8
35581,1,6
35582,6,7
35583,0,2
35584,4,6
35585,3,8
35586,2,2
35587,5,5
35588,5,5
35589,1,2
35590,3,6
35591,1,2
35592,2,2
35593,2,5
35594,4,5
35595,2,6
35596,3,3
35597,3,7
35598,2,2
35599,1,1
35600,6,6
35601,4,5
35602,3,3
35603,5,6
35604,6,8
35605,4,4
35606,4,4
35607,0,2
35608,2,2
35609,2,7
35610,6,7
35611,4,8
35612,6,6
35613,5,5
35614,7,7
35615,2,3
35616,1,1
35617,2,2
35618,8,8
35619,1,8
35620,4,4
35621,4,5
35622,2,6
35623,6,6
35624,5,7
35625,2,2
35626,2,2
35627,2,2
35628,3,3
35629,3,7
35630,3,6
35631,1,2
35632,4,4
35633,3,6
35634,5,5
35635,5,5
35636,3,3
35637,6,6
35638,6,8
35639,3,7
35640,4,4
35641,0,7
35642,3,4
35643,3,7
35644,3,3
35645,4,6
35646,2,2
35647,5,5
35648,4,4
35649,3,9
35650,6,6
35651,2,4
35652,3,3
35653,3,5
35654,4,4
35655,4,6
35656,8,8
35657,2,6
35658,3,3
35659,4,6
35660,2,2
35661,3,4
35662,2,2
35663,2,7
35664,5,5
35665,2,4
35666,2,8
35667,3,4
35668,4,6
35669,6,7
35670,2,6
35671,3,3
35672,5,5
35673,3,5
35674,4,4
35675,2,2
35676,6,8
35677,5,6
35678,3,3
35679,3,4
35680,3,3
35681,1,4
35682,3,4
35683,3,3
35684,6,7
35685,4,6
35686,4,4
35687,6,7
35688,4,5
35689,0,4
35690,2,4
35691,1,3
35692,2,2
35693,1,7
35694,2,6
35695,5,6
35696,6,6
35697,4,5
35698,4,4
35699,1,4
35700,6,6
35701,0,2
35702,6,6
35703,2,6
35704,4,8
35705,4,7
35706,4,4
35707,4,5
35708,6,9
35709,3,5
35710,4,4
35711,0,2
35712,3,3
35713,2,3
35714,3,7
35715,1,5
35716,5,5
35717,0,3
35718,7,8
35719,1,6
35720,3,6
35721,3,3
35722,2,2
35723,1,8
35724,5,5
35725,4,6
35726,3,5
35727,2,4
35728,7,7
35729,5,7
35730,3,3
35731,0,8
35732,4,4
35733,0,4
35734,5,5
35735,3,3
35736,2,7
35737,5,7
35738,6,7
35739,1,8
35740,4,8
35741,1,5
35742,4,4
35743,1,2
35744,7,7
35745,3,5
35746,2,2
35747,1,1
35748,5,5
35749,2,6
35750,3,5
35751,3,5
35752,3,3
35753,2,3
35754,7,7
35755,3,6
35756,5,5
35757,8,8
35758,3,6
35759,3,8
35760,2,3
35761,3,3
35762,2,2
35763,1,3
35764,2,3
35765,1,7
35766,3,3
35767,1,4
35768,7,7
35769,2,3
35770,6,6
35771,4,6
35772,3,6
35773,2,4
35774,3,7
35775,6,7
35776,5,5
35777,2,2
35778,3,5
35779,3,5
35780,6,6
35781,3,5
35782,1,1
35783,2,2
35784,5,5
35785,3,5
35786,2,2
35787,1,3
35788,6,6
35789,1,2
35790,3,3
35791,2,2
35792,2,2
35793,0,5
35794,3,4
35795,4,5
35796,6,6
35797,4,6
35798,6,6
35799,4,5
35800,2,3
35801,5,7
35802,6,6
35803,3,5
35804,3,3
35805,3,6
35806,8,8
35807,1,3
35808,2,2
35809,1,4
35810,5,6
35811,2,3
35812,7,7
35813,1,2
35814,2,2
35815,2,2
35816,3,7
35817,1,4
35818,4,8
35819,2,2
35820,2,3
35821,5,8
35822,4,5
35823,5,5
35824,2,2
35825,2,2
35826,4,5
35827,1,4
35828,3,3
35829,1,6
35830,5,5
35831,4,4
35832,3,3
35833,2,4
35834,4,9
35835,0,5
35836,5,6
35837,4,6
35838,4,4
35839,5,6
35840,4,4
35841,0,3
35842,4,4
35843,2,5
35844,2,3
35845,4,6
35846,2,4
35847,4,6
35848,3,5
35849,1,3
35850,5,5
35851,4,7
35852,4,4
35853,0,5
35854,1,1
35855,2,2
35856,2,2
35857,3,6
35858,2,3
35859,1,2
35860,4,4
35861,3,5
35862,5,5
35863,3,3
35864,3,6
35865,3,3
35866,3,3
35867,3,6
35868,3,7
35869,1,5
35870,6,7
35871,1,4
35872,2,2
35873,5,7
35874,6,7
35875,1,5
35876,4,4
35877,2,5
35878,7,7
35879,2,8
35880,5,6
35881,4,4
35882,4,4
35883,0,6
35884,5,5
35885,1,4
35886,5,5
35887,1,2
35888,4,7
35889,4,5
35890,3,7
35891,3,8
35892,5,5
35893,3,5
35894,8,8
35895,4,5
35896,3,3
35897,1,6
35898,6,6
35899,1,6
35900,3,3
35901,3,5
35902,3,5
35903,2,4
35904,4,4
35905,3,5
35906,7,7
35907,4,6
35908,6,6
35909,2,7
35910,2,2
35911,2,4
35912,6,8
35913,4,6
35914,5,5
35915,2,3
35916,3,3
35917,3,4
35918,7,7
35919,1,3
35920,7,7
35921,1,4
35922,6,6
35923,4,5
35924,4,5
35925,0,4
35926,5,6
35927,4,6
35928,6,7
35929,4,6
35930,6,6
35931,2,2
35932,5,5
35933,0,5
35934,2,2
35935,3,4
35936,5,5
35937,5,8
35938,4,8
35939,6,8
35940,4,4
35941,5,6
35942,3,3
35943,3,4
35944,4,4
35945,1,3
35946,6,6
35947,2,2
35948,5,7
35949,4,6
35950,4,4
35951,0,1
35952,7,7
35953,1,9
35954,7,7
35955,6,6
35956,2,2
35957,2,3
35958,6,7
35959,4,7
35960,5,5
35961,7,8
35962,5,5
35963,2,7
35964,6,6
35965,2,7
35966,5,5
35967,3,3
35968,2,2
35969,4,7
35970,6,8
35971,1,3
35972,2,2
35973,7,8
35974,7,8
35975,3,6
35976,7,7
35977,2,6
35978,7,7
35979,3,3
35980,3,6
35981,4,4
35982,5,7
35983,3,4
35984,6,6
35985,1,7
35986,3,3
35987,1,2
35988,3,3
35989,2,2
35990,5,5
35991,4,5
35992,6,6
35993,2,5
35994,4,5
35995,1,7
35996,2,2
35997,3,3
35998,3,3
35999,3,7
36000,4,4
36001,4,6
36002,4,4
36003,0,5
36004,3,7
36005,2,2
36006,4,4
36007,3,3
36008,2,2
36009,2,3
36010,2,2
36011,0,8
36012,4,5
36013,3,5
36014,3,4
36015,5,9
36016,5,5
36017,2,8
36018,7,7
36019,1,2
36020,4,8
36021,2,4
36022,3,3
36023,2,2
36024,5,5
36025,2,2
36026,5,6
36027,2,8
36028,5,5
36029,5,6
36030,2,5
36031,5,7
36032,6,7
36033,0,7
36034,6,6
36035,2,5
36036,4,7
36037,2,5
36038,5,5
36039,2,2
36040,7,7
36041,3,3
36042,8,8
36043,2,2
36044,7,7
36045,1,7
36046,6,6
36047,6,6
36048,5,8
36049,4,5
36050,3,3
36051,0,6
36052,2,2
36053,4,5
36054,2,3
36055,2,3
36056,1,1
36057,5,8
36058,3,3
36059,1,5
36060,4,4
36061,3,5
36062,5,6
36063,1,2
36064,3,3
36065,3,6
36066,8,8
36067,7,7
36068,7,7
36069,3,5
36070,5,5
36071,7,8
36072,4,4
36073,2,8
36074,3,6
36075,6,6
36076,5,6
36077,5,6
36078,2,8
36079,4,6
36080,1,1
36081,3,3
36082,6,6
36083,6,8
36084,4,7
36085,3,7
36086,3,3
36087,1,8
36088,1,1
36089,4,4
36090,4,4
36091,1,8
36092,3,6
36093,1,3
36094,3,6
36095,0,7
36096,4,4
36097,3,8
36098,2,6
36099,3,5
36100,8,8
36101,2,5
36102,2,8
36103,3,5
36104,5,6
36105,2,2
36106,3,3
36107,6,7
36108,8,8
36109,6,6
36110,3,3
36111,3,6
36112,5,5
36113,6,7
36114,8,9
36115,1,2
36116,5,5
36117,1,3
36118,5,5
36119,5,8
36120,2,3
36121,0,6
36122,5,7
36123,2,4
36124,4,4
36125,3,6
36126,6,6
36127,2,2
36128,4,5
36129,0,3
36130,2,3
36131,4,4
36132,3,3
36133,0,4
36134,2,5
36135,4,4
36136,5,5
36137,4,6
36138,3,3
36139,2,6
36140,7,7
36141,5,7
36142,4,5
36143,6,6
36144,2,2
36145,0,5
36146,2,2
36147,2,2
36148,3,8
36149,2,4
36150,8,8
36151,4,4
36152,5,6
36153,1,5
36154,3,3
36155,1,3
36156,3,5
36157,0,3
36158,3,4
36159,3,3
36160,7,7
36161,6,6
36162,4,4
36163,4,6
36164,4,4
36165,3,5
36166,6,6
36167,3,3
36168,3,6
36169,2,3
36170,4,4
36171,2,4
36172,7,7
36173,0,2
36174,5,5
36175,5,7
36176,3,3
36177,2,2
36178,3,3
36179,1,2
36180,3,6
36181,2,4
36182,3,3
36183,4,6
36184,2,7
36185,2,7
36186,2,2
36187,3,6
36188,3,7
36189,3,4
36190,6,6
36191,3,4
36192,5,5
36193,2,5
36194,3,5
36195,0,6
36196,6,7
36197,3,3
36198,3,5
36199,2,6
36200,5,5
36201,2,2
36202,4,6
36203,1,2
36204,3,3
36205,2,3
36206,6,6
36207,3,3
36208,5,7
36209,1,6
36210,3,7
36211,2,4
36212,3,3
36213,0,4
36214,5,5
36215,3,5
36216,6,7
36217,4,4
36218,2,2
36219,6,6
36220,4,4
36221,2,2
36222,3,3
36223,3,5
36224,7,7
36225,2,3
36226,4,4
36227,3,7
36228,5,5
36229,4,4
36230,4,4
36231,3,7
36232,3,3
36233,2,2
36234,5,5
36235,7,8
36236,2,2
36237,1,5
36238,6,6
36239,1,5
36240,3,6
36241,3,6
36242,3,7
36243,1,4
36244,4,4
36245,3,4
36246,3,4
36247,5,6
36248,3,5
36249,1,2
36250,2,2
36251,0,4
36252,2,3
36253,6,6
36254,6,7
36255,3,3
36256,5,6
36257,5,5
36258,3,3
36259,1,5
36260,2,2
36261,4,5
36262,7,7
36263,3,5
36264,5,6
36265,2,2
36266,4,8
36267,5,6
36268,4,4
36269,2,8
36270,7,7
36271,2,5
36272,2,2
36273,4,4
36274,4,4
36275,0,4
36276,3,6
36277,3,3
36278,4,4
36279,0,4
36280,2,2
36281,1,8
36282,6,6
36283,1,2
36284,6,6
36285,2,8
36286,3,6
36287,2,6
36288,6,6
36289,2,2
36290,5,6
36291,1,3
36292,6,9
36293,5,8
36294,4,4
36295,4,6
36296,3,6
36297,1,2
36298,2,5
36299,1,2
36300,4,4
36301,0,2
36302,3,3
36303,4,5
36304,2,2
36305,3,7
36306,5,5
36307,4,5
36308,7,7
36309,0,4
36310,6,7
36311,0,4
36312,4,4
36313,4,4
36314,2,2
36315,3,5
36316,3,3
36317,2,5
36318,6,8
36319,5,6
36320,6,6
36321,6,7
36322,1,1
36323,7,8
36324,2,2
36325,2,3
36326,3,6
36327,5,5
36328,5,5
36329,2,4
36330,6,6
36331,0,7
36332,5,5
36333,6,7
36334,2,6
36335,1,4
36336,3,3
36337,0,4
36338,4,7
36339,3,3
36340,3,5
36341,0,2
36342,6,6
36343,4,8
36344,3,3
36345,2,3
36346,3,3
36347,4,5
36348,2,2
36349,4,4
36350,7,8
36351,7,7
36352,2,3
36353,2,3
36354,2,5
36355,4,5
36356,5,8
36357,2,2
36358,7,7
36359,3,4
36360,2,3
36361,2,2
36362,4,8
36363,4,4
36364,2,2
36365,3,6
36366,7,7
36367,4,7
36368,5,7
36369,2,6
36370,5,5
36371,3,5
36372,3,3
36373,1,2
36374,4,4
36375,2,4
36376,1,1
36377,7,9
36378,4,4
36379,8,8
36380,2,2
36381,2,3
36382,7,7
36383,5,6
36384,2,2
36385,6,6
36386,4,4
36387,7,8
36388,6,7
36389,2,3
36390,5,5
36391,2,7
36392,5,7
36393,1,2
36394,5,7
36395,4,6
36396,2,2
36397,0,2
36398,6,6
36399,0,2
36400,8,8
36401,3,5
36402,3,3
36403,1,3
36404,5,5
36405,1,2
36406,4,4
36407,5,5
36408,3,3
36409,4,4
36410,3,3
36411,1,8
36412,2,2
36413,2,5
36414,5,5
36415,3,6
36416,5,7
36417,7,7
36418,2,3
36419,1,2
36420,4,5
36421,2,4
36422,2,4
36423,3,4
36424,2,2
36425,1,3
36426,3,3
36427,3,6
36428,7,8
36429,2,4
36430,7,7
36431,2,4
36432,3,6
36433,4,5
36434,6,7
36435,2,3
36436,7,7
36437,3,5
36438,5,7
36439,3,5
36440,3,4
36441,5,7
36442,3,3
36443,1,2
36444,2,2
36445,2,2
36446,3,3
36447,3,5
36448,6,6
36449,4,6
36450,3,8
36451,4,5
36452,3,4
36453,4,4
36454,5,5
36455,0,2
36456,6,6
36457,0,7
36458,4,4
36459,2,3
36460,5,5
36461,5,5
36462,4,5
36463,0,3
36464,3,3
36465,1,4
36466,3,3
36467,1,5
36468,7,8
36469,3,3
36470,5,5
36471,4,6
36472,4,4
36473,3,3
36474,6,6
36475,1,6
36476,5,8
36477,6,6
36478,2,2
36479,2,6
36480,5,8
36481,4,5
36482,3,5
36483,6,6
36484,4,6
36485,5,6
36486,5,5
36487,2,2
36488,5,5
36489,5,7
36490,6,7
36491,3,5
36492,4,4
36493,2,2
36494,7,7
36495,1,7
36496,6,8
36497,0,7
36498,7,7
36499,2,2
36500,4,4
36501,2,3
36502,6,6
36503,4,5
36504,4,7
36505,1,6
36506,4,4
36507,8,8
36508,5,5
36509,1,7
36510,3,3
36511,1,5
36512,3,3
36513,1,6
36514,6,7
36515,1,4
36516,4,5
36517,4,7
36518,5,5
36519,4,4
36520,5,6
36521,3,4
36522,8,8
36523,4,6
36524,4,6
36525,4,5
36526,4,7
36527,2,5
36528,4,4
36529,3,6
36530,8,8
36531,4,4
36532,6,6
36533,1,9
36534,4,6
36535,1,4
36536,4,5
36537,3,7
36538,4,4
36539,4,4
36540,6,7
36541,5,5
36542,6,7
36543,5,6
36544,2,2
36545,1,3
36546,2,2
36547,3,5
36548,5,5
36549,0,6
36550,3,4
36551,2,2
36552,4,4
36553,2,4
36554,4,5
36555,2,3
36556,2,2
36557,0,3
36558,6,6
36559,5,7
36560,3,3
36561,5,5
36562,6,6
36563,2,2
36564,3,6
36565,1,4
36566,5,5
36567,5,8
36568,7,7
36569,4,7
36570,4,5
36571,1,2
36572,2,2
36573,3,5
36574,8,8
36575,3,5
36576,1,1
36577,2,7
36578,4,6
36579,5,8
36580,3,3
36581,2,5
36582,4,4
36583,4,6
36584,5,5
36585,2,2
36586,3,3
36587,0,6
36588,4,5
36589,2,7
36590,3,4
36591,2,3
36592,4,6
36593,8,8
36594,3,3
36595,5,7
36596,4,4
36597,3,4
36598,2,2
36599,2,4
36600,2,4
36601,6,8
36602,2,3
36603,3,4
36604,4,4
36605,4,4
36606,2,2
36607,3,3
36608,6,7
36609,4,7
36610,2,2
36611,2,7
36612,3,3
36613,3,5
36614,5,5
36615,3,4
36616,2,5
36617,3,5
36618,6,6
36619,4,5
36620,2,5
36621,5,6
36622,4,4
36623,2,2
36624,3,3
36625,4,6
36626,2,2
36627,3,3
36628,4,4
36629,2,4
36630,3,9
36631,0,4
36632,3,5
36633,3,6
36634,4,4
36635,6,8
36636,3,4
36637,1,9
36638,4,7
36639,3,3
36640,4,4
36641,4,5
36642,4,7
36643,2,2
36644,2,2
36645,5,6
36646,6,7
36647,6,7
36648,5,5
36649,5,6
36650,6,6
36651,4,6
36652,3,3
36653,3,5
36654,7,7
36655,1,6
36656,3,8
36657,5,5
36658,5,5
36659,1,1
36660,3,6
36661,2,7
36662,1,1
36663,3,7
36664,3,7
36665,4,5
36666,5,5
36667,5,6
36668,5,5
36669,2,5
36670,2,2
36671,3,4
36672,8,8
36673,5,5
36674,3,3
36675,2,3
36676,2,2
36677,1,5
36678,2,4
36679,4,8
36680,7,8
36681,4,7
36682,5,5
36683,4,8
36684,6,6
36685,0,4
36686,3,3
36687,6,6
36688,2,4
36689,6,8
36690,3,3
36691,3,5
36692,6,6
36693,2,3
36694,7,7
36695,4,5
36696,6,6
36697,3,5
36698,3,3
36699,2,3
36700,4,6
36701,5,5
36702,4,5
36703,1,2
36704,4,4
36705,3,6
36706,1,1
36707,4,5
36708,2,4
36709,1,5
36710,2,2
36711,1,2
36712,6,6
36713,4,8
36714,4,4
36715,4,7
36716,4,8
36717,5,7
36718,5,5
36719,3,3
36720,2,2
36721,3,4
36722,2,2
36723,3,3
36724,6,6
36725,1,3
36726,3,3
36727,3,7
36728,2,8
36729,3,5
36730,2,2
36731,4,6
36732,7,7
36733,4,4
36734,3,6
36735,0,1
36736,3,3
36737,4,5
36738,4,4
36739,6,7
36740,4,6
36741,4,4
36742,2,2
36743,3,5
36744,4,4
36745,3,7
36746,4,7
36747,3,7
36748,3,3
36749,3,6
36750,4,6
36751,6,6
36752,3,3
36753,0,3
36754,8,8
36755,1,2
36756,4,5
36757,4,4
36758,5,7
36759,2,4
36760,2,2
36761,5,6
36762,2,2
36763,2,6
36764,6,6
36765,1,3
36766,6,6
36767,2,4
36768,7,7
36769,4,6
36770,2,7
36771,3,3
36772,2,2
36773,5,6
36774,3,8
36775,2,2
36776,5,5
36777,3,4
36778,2,2
36779,1,5
36780,5,6
36781,7,8
36782,3,8
36783,7,8
36784,4,4
36785,2,2
36786,6,7
36787,3,9
36788,6,7
36789,0,2
36790,1,1
36791,3,4
36792,2,2
36793,1,6
36794,4,7
36795,5,5
36796,4,4
36797,0,7
36798,2,2
36799,6,7
36800,4,4
36801,6,7
36802,5,5
36803,4,5
36804,4,4
36805,2,2
36806,2,2
36807,3,7
36808,4,4
36809,1,4
36810,3,3
36811,2,2
36812,3,3
36813,1,2
36814,6,7
36815,6,8
36816,3,3
36817,4,7
36818,2,2
36819,0,2
36820,3,3
36821,5,7
36822,2,2
36823,1,4
36824,4,4
36825,0,8
36826,5,7
36827,2,3
36828,3,3
36829,2,3
36830,3,3
36831,1,3
36832,2,2
36833,2,5
36834,2,5
36835,3,3
36836,4,4
36837,1,7
36838,4,6
36839,5,7
36840,5,5
36841,0,8
36842,4,5
36843,4,4
36844,3,3
36845,2,4
36846,6,6
36847,0,4
36848,2,3
36849,4,7
36850,6,6
36851,2,5
36852,2,2
36853,2,5
36854,4,8
36855,1,8
36856,4,4
36857,2,5
36858,7,9
36859,3,5
36860,7,7
36861,6,8
36862,3,6
36863,4,5
36864,5,5
36865,1,4
36866,5,8
36867,1,8
36868,6,6
36869,4,7
36870,3,4
36871,2,2
36872,7,7
36873,2,4
36874,5,5
36875,0,7
36876,3,5
36877,1,2
36878,3,3
36879,1,5
36880,7,7
36881,0,3
36882,4,6
36883,4,5
36884,2,5
36885,3,4
36886,2,2
36887,4,4
36888,3,3
36889,2,4
36890,2,4
36891,2,3
36892,2,3
36893,4,8
36894,5,5
36895,0,5
36896,5,8
36897,1,5
36898,4,4
36899,2,3
36900,4,4
36901,6,8
36902,2,2
36903,2,2
36904,2,2
36905,3,5
36906,5,6
36907,2,4
36908,2,7
36909,3,6
36910,2,2
36911,3,5
36912,3,3
36913,2,7
36914,3,3
36915,2,6
36916,3,3
36917,3,4
36918,3,7
36919,4,4
36920,4,6
36921,2,7
36922,2,2
36923,2,3
36924,5,7
36925,2,4
36926,5,5
36927,5,6
36928,7,7
36929,4,6
36930,7,7
36931,4,7
36932,6,8
36933,7,8
36934,2,5
36935,2,2
36936,6,6
36937,4,7
36938,2,6
36939,0,4
36940,2,8
36941,4,8
36942,5,5
36943,1,3
36944,3,6
36945,5,5
36946,5,5
36947,2,2
36948,2,8
36949,3,6
36950,5,5
36951,1,2
36952,2,2
36953,2,2
36954,7,7
36955,2,7
36956,4,4
36957,0,6
36958,2,3
36959,2,2
36960,4,4
36961,1,2
36962,7,7
36963,8,8
36964,3,6
36965,5,6
36966,6,6
36967,3,7
36968,2,5
36969,4,4
36970,2,7
36971,4,5
36972,3,5
36973,1,2
36974,4,6
36975,3,4
36976,3,5
36977,4,5
36978,6,6
36979,2,2
36980,2,2
36981,0,3
36982,3,3
36983,2,6
36984,4,6
36985,3,6
36986,3,3
36987,4,5
36988,4,4
36989,3,4
36990,3,3
36991,0,6
36992,5,5
36993,3,4
36994,5,5
36995,1,4
36996,2,2
36997,2,3
36998,2,2
36999,3,3
37000,2,4
37001,3,5
37002,5,5
37003,1,5
37004,4,4
37005,7,8
37006,2,6
37007,3,4
37008,6,6
37009,5,5
37010,2,2
37011,0,2
37012,4,7
37013,2,6
37014,6,7
37015,1,2
37016,2,3
37017,2,6
37018,6,6
37019,2,5
37020,5,7
37021,1,6
37022,4,5
37023,2,3
37024,4,6
37025,4,4
37026,4,4
37027,3,5
37028,5,5
37029,4,6
37030,4,4
37031,5,5
37032,4,4
37033,0,6
37034,2,2
37035,4,6
37036,3,3
37037,1,6
37038,3,6
37039,5,5
37040,2,2
37041,6,7
37042,4,4
37043,2,3
37044,3,3
37045,0,2
37046,3,3
37047,0,5
37048,2,5
37049,4,5
37050,2,2
37051,3,5
37052,5,6
37053,2,4
37054,7,7
37055,4,6
37056,4,4
37057,0,3
37058,2,7
37059,3,4
37060,2,2
37061,5,6
37062,2,6
37063,1,3
37064,3,3
37065,2,3
37066,2,2
37067,3,5
37068,4,4
37069,4,5
37070,7,7
37071,2,4
37072,2,2
37073,4,4
37074,5,6
37075,2,4
37076,2,7
37077,3,4
37078,5,5
37079,2,3
37080,2,2
37081,3,7
37082,8,8
37083,1,2
37084,3,3
37085,3,3
37086,4,4
37087,5,6
37088,3,3
37089,1,2
37090,3,3
37091,4,6
37092,3,3
37093,2,4
37094,2,2
37095,1,6
37096,5,5
37097,0,7
37098,2,5
37099,1,8
37100,2,2
37101,2,2
37102,4,4
37103,1,4
37104,4,7
37105,5,6
37106,3,7
37107,2,2
37108,5,6
37109,2,2
37110,2,2
37111,4,5
37112,5,8
37113,2,2
37114,2,3
37115,1,6
37116,3,3
37117,2,2
37118,4,6
37119,6,8
37120,6,6
37121,2,5
37122,2,2
37123,5,6
37124,6,7
37125,2,2
37126,5,7
37127,4,5
37128,6,6
37129,2,2
37130,2,2
37131,2,3
37132,3,5
37133,2,2
37134,3,6
37135,2,6
37136,2,2
37137,3,4
37138,2,3
37139,3,3
37140,6,6
37141,1,4
37142,2,2
37143,3,4
37144,6,7
37145,2,2
37146,3,4
37147,2,2
37148,7,7
37149,2,3
37150,4,4
37151,0,5
37152,4,4
37153,2,3
37154,5,5
37155,4,4
37156,5,5
37157,2,6
37158,3,3
37159,5,7
37160,7,7
37161,3,5
37162,7,7
37163,2,3
37164,3,7
37165,1,7
37166,5,5
37167,3,5
37168,7,8
37169,2,6
37170,4,4
37171,1,2
37172,3,3
37173,2,3
37174,2,2
37175,2,2
37176,2,2
37177,3,5
37178,6,6
37179,3,5
37180,3,4
37181,1,3
37182,2,2
37183,3,4
37184,4,4
37185,2,7
37186,4,4
37187,1,1
37188,5,7
37189,6,7
37190,4,5
37191,2,2
37192,5,5
37193,2,6
37194,6,7
37195,4,8
37196,2,2
37197,3,5
37198,4,8
37199,0,2
37200,8,8
37201,3,4
37202,5,5
37203,0,1
37204,3,6
37205,3,6
37206,5,5
37207,3,4
37208,5,5
37209,2,5
37210,4,4
37211,1,6
37212,2,4
37213,0,7
37214,5,7
37215,6,8
37216,3,4
37217,2,2
37218,4,7
37219,3,3
37220,2,2
37221,0,4
37222,4,4
37223,0,3
37224,5,7
37225,5,8
37226,5,5
37227,0,1
37228,6,6
37229,4,5
37230,4,7
37231,5,6
37232,3,3
37233,4,6
37234,3,3
37235,3,4
37236,4,7
37237,4,4
37238,4,8
37239,3,3
37240,3,3
37241,5,6
37242,4,4
37243,2,4
37244,3,3
37245,2,3
37246,7,7
37247,5,6
37248,2,5
37249,1,2
37250,6,7
37251,4,5
37252,3,3
37253,1,7
37254,8,8
37255,0,2
37256,3,3
37257,2,5
37258,2,2
37259,0,3
37260,3,3
37261,3,3
37262,7,7
37263,2,7
37264,5,5
37265,0,4
37266,3,3
37267,7,7
37268,4,4
37269,4,5
37270,6,6
37271,4,6
37272,6,6
37273,0,2
37274,6,6
37275,2,8
37276,2,2
37277,2,3
37278,5,5
37279,3,7
37280,4,4
37281,5,6
37282,5,5
37283,3,3
37284,4,4
37285,5,7
37286,5,5
37287,1,6
37288,7,7
37289,0,3
37290,5,6
37291,1,2
37292,5,5
37293,4,7
37294,3,3
37295,5,8
37296,2,2
37297,2,3
37298,4,8
37299,7,9
37300,3,5
37301,5,7
37302,6,6
37303,4,6
37304,1,1
37305,2,6
37306,6,6
37307,6,7
37308,4,4
37309,5,5
37310,3,3
37311,2,4
37312,3,4
37313,5,7
37314,2,2
37315,2,2
37316,6,7
37317,0,2
37318,5,5
37319,2,2
37320,5,5
37321,2,2
37322,2,2
37323,3,3
37324,3,3
37325,2,8
37326,4,4
37327,4,5
37328,2,2
37329,2,5
37330,2,2
37331,4,7
37332,5,5
37333,5,8
37334,6,6
37335,3,3
37336,7,7
37337,5,6
37338,2,2
37339,1,4
37340,5,5
37341,6,8
37342,2,6
37343,1,6
37344,2,2
37345,2,2
37346,4,4
37347,1,4
37348,6,6
37349,0,2
37350,5,5
37351,2,7
37352,5,5
37353,3,5
37354,3,3
37355,4,5
37356,3,4
37357,2,3
37358,3,3
37359,5,5
37360,3,4
37361,1,6
37362,7,7
37363,3,5
37364,4,5
37365,3,6
37366,6,6
37367,2,2
37368,5,5
37369,3,3
37370,4,4
37371,5,5
37372,3,8
37373,4,8
37374,3,5
37375,3,3
37376,7,7
37377,5,7
37378,2,4
37379,2,2
37380,3,3
37381,1,3
37382,4,6
37383,3,4
37384,3,4
37385,4,7
37386,4,6
37387,1,6
37388,3,3
37389,2,5
37390,2,3
37391,2,6
37392,5,5
37393,3,5
37394,4,5
37395,3,4
37396,3,5
37397,3,5
37398,4,8
37399,6,9
37400,4,4
37401,1,2
37402,3,3
37403,2,7
37404,2,2
37405,2,7
37406,3,5
37407,1,8
37408,5,6
37409,3,5
37410,7,7
37411,1,6
37412,3,3
37413,3,6
37414,2,3
37415,2,5
37416,3,3
37417,2,2
37418,2,4
37419,5,5
37420,2,7
37421,3,7
37422,4,4
37423,1,7
37424,3,5
37425,3,8
37426,3,5
37427,4,8
37428,5,6
37429,5,8
37430,6,8
37431,4,9
37432,7,7
37433,4,5
37434,5,5
37435,1,4
37436,7,7
37437,4,7
37438,4,6
37439,0,2
37440,3,4
37441,2,5
37442,2,2
37443,1,2
37444,4,4
37445,3,3
37446,5,6
37447,2,6
37448,3,3
37449,5,6
37450,1,1
37451,2,3
37452,4,8
37453,3,4
37454,3,8
37455,0,5
37456,7,8
37457,3,6
37458,4,5
37459,3,5
37460,5,5
37461,0,2
37462,4,4
37463,3,5
37464,6,6
37465,1,5
37466,3,3
37467,0,4
37468,6,6
37469,0,3
37470,6,6
37471,2,5
37472,4,4
37473,4,8
37474,4,6
37475,2,4
37476,2,5
37477,6,7
37478,2,2
37479,0,5
37480,4,4
37481,1,8
37482,6,6
37483,3,5
37484,6,7
37485,1,8
37486,7,8
37487,2,5
37488,6,6
37489,0,3
37490,5,7
37491,2,4
37492,5,9
37493,2,3
37494,6,6
37495,2,5
37496,2,2
37497,0,5
37498,3,3
37499,2,2
37500,2,2
37501,2,4
37502,5,5
37503,1,2
37504,6,6
37505,2,2
37506,6,6
37507,1,5
37508,3,3
37509,4,5
37510,3,4
37511,0,2
37512,6,6
37513,1,4
37514,3,3
37515,2,6
37516,4,4
37517,2,3
37518,4,8
37519,0,3
37520,4,4
37521,1,4
37522,5,7
37523,4,8
37524,2,7
37525,5,7
37526,2,3
37527,3,6
37528,4,4
37529,2,6
37530,3,5
37531,5,7
37532,4,4
37533,3,6
37534,2,6
37535,2,2
37536,2,2
37537,0,6
37538,7,7
37539,4,7
37540,2,2
37541,2,4
37542,5,5
37543,2,3
37544,3,3
37545,4,7
37546,3,3
37547,6,7
37548,6,6
37549,1,3
37550,6,6
37551,4,5
37552,3,3
37553,0,4
37554,3,3
37555,2,3
37556,7,7
37557,1,7
37558,3,4
37559,6,7
37560,4,4
37561,0,2
37562,5,5
37563,6,8
37564,5,5
37565,4,4
37566,2,2
37567,3,4
37568,5,5
37569,2,3
37570,6,7
37571,2,2
37572,3,3
37573,0,2
37574,7,7
37575,7,8
37576,2,2
37577,2,5
37578,3,3
37579,3,5
37580,5,6
37581,4,7
37582,3,6
37583,4,8
37584,4,4
37585,4,8
37586,3,3
37587,1,3
37588,4,4
37589,2,3
37590,7,7
37591,0,3
37592,4,5
37593,3,8
37594,2,2
37595,0,6
37596,4,4
37597,1,2
37598,6,6
37599,5,6
37600,5,5
37601,1,8
37602,2,3
37603,3,3
37604,3,3
37605,4,7
37606,4,4
37607,4,4
37608,5,5
37609,4,5
37610,4,4
37611,2,2
37612,6,6
37613,3,5
37614,6,6
37615,5,5
37616,2,2
37617,4,5
37618,3,3
37619,0,2
37620,3,3
37621,7,8
37622,4,4
37623,7,7
37624,4,6
37625,2,2
37626,7,7
37627,0,3
37628,5,5
37629,3,5
37630,4,6
37631,1,4
37632,4,4
37633,1,4
37634,3,8
37635,4,5
37636,5,6
37637,2,8
37638,3,3
37639,0,6
37640,2,2
37641,4,8
37642,6,6
37643,1,2
37644,5,7
37645,3,5
37646,7,8
37647,7,8
37648,6,6
37649,5,7
37650,4,7
37651,5,7
37652,4,7
37653,2,2
37654,2,2
37655,0,8
37656,4,4
37657,4,6
37658,6,6
37659,1,7
37660,3,5
37661,1,6
37662,3,7
37663,7,7
37664,3,3
37665,0,3
37666,5,6
37667,3,4
37668,4,4
37669,1,6
37670,2,2
37671,6,6
37672,3,4
37673,1,2
37674,3,6
37675,5,5
37676,7,7
37677,4,5
37678,2,2
37679,1,8
37680,2,2
37681,2,5
37682,2,2
37683,5,6
37684,5,5
37685,4,7
37686,2,7
37687,4,7
37688,2,2
37689,1,3
37690,4,4
37691,6,6
37692,2,4
37693,2,2
37694,2,5
37695,1,2
37696,2,4
37697,1,5
37698,8,8
37699,3,5
37700,4,4
37701,2,2
37702,2,6
37703,1,4
37704,4,4
37705,1,2
37706,2,5
37707,3,8
37708,2,2
37709,3,4
37710,4,4
37711,1,3
37712,4,4
37713,6,8
37714,2,2
37715,4,6
37716,2,7
37717,2,4
37718,3,3
37719,1,2
37720,1,1
37721,5,6
37722,5,5
37723,3,7
37724,7,7
37725,3,3
37726,3,3
37727,2,2
37728,4,4
37729,4,5
37730,6,6
37731,2,5
37732,2,2
37733,3,7
37734,1,1
37735,1,6
37736,7,7
37737,3,4
37738,5,5
37739,3,4
37740,4,4
37741,6,6
37742,4,4
37743,2,3
37744,6,6
37745,3,3
37746,8,8
37747,1,4
37748,2,4
37749,0,2
37750,1,1
37751,0,3
37752,6,7
37753,3,3
37754,5,5
37755,2,6
37756,4,6
37757,0,8
37758,6,6
37759,2,6
37760,3,8
37761,5,7
37762,8,8
37763,6,6
37764,2,2
37765,5,7
37766,3,5
37767,3,5
37768,6,6
37769,1,2
37770,3,5
37771,3,3
37772,2,2
37773,3,8
37774,3,5
37775,5,5
37776,3,3
37777,2,3
37778,6,9
37779,4,4
37780,4,7
37781,7,8
37782,5,6
37783,4,5
37784,5,5
37785,2,6
37786,4,4
37787,5,7
37788,3,4
37789,5,5
37790,4,4
37791,4,6
37792,5,5
37793,0,7
37794,5,5
37795,5,5
37796,3,3
37797,1,1
37798,4,4
37799,3,3
37800,5,5
37801,3,6
37802,2,2
37803,1,2
37804,6,8
37805,9,9
37806,3,6
37807,4,4
37808,3,3
37809,2,2
37810,2,4
37811,1,3
37812,5,5
37813,2,6
37814,2,2
37815,2,3
37816,4,5
37817,1,3
37818,7,7
37819,2,3
37820,2,5
37821,4,7
37822,5,6
37823,3,4
37824,2,2
37825,5,7
37826,3,7
37827,4,4
37828,3,7
37829,0,2
37830,5,7
37831,1,9
37832,2,4
37833,1,8
37834,2,4
37835,3,4
37836,2,3
37837,1,5
37838,2,2
37839,3,3
37840,2,2
37841,3,4
37842,3,3
37843,4,7
37844,8,8
37845,3,4
37846,6,6
37847,4,4
37848,6,6
37849,3,6
37850,8,8
37851,3,4
37852,7,7
37853,3,4
37854,6,6
37855,4,7
37856,6,7
37857,6,7
37858,5,5
37859,2,5
37860,6,6
37861,1,6
37862,3,7
37863,2,2
37864,3,3
37865,5,7
37866,6,7
37867,2,8
37868,6,6
37869,1,2
37870,4,7
37871,3,7
37872,4,7
37873,3,3
37874,4,4
37875,1,5
37876,6,9
37877,5,6
37878,2,2
37879,5,8
37880,4,8
37881,2,2
37882,4,5
37883,6,7
37884,4,4
37885,1,6
37886,6,6
37887,2,3
37888,3,3
37889,5,8
37890,2,5
37891,4,6
37892,2,3
37893,4,4
37894,3,3
37895,4,4
37896,3,7
37897,4,5
37898,5,5
37899,0,6
37900,3,3
37901,3,7
37902,5,7
37903,2,4
37904,4,4
37905,1,6
37906,2,2
37907,4,5
37908,3,3
37909,3,3
37910,5,7
37911,7,8
37912,4,5
37913,0,2
37914,3,3
37915,0,7
37916,2,6
37917,3,3
37918,7,7
37919,1,2
37920,7,9
37921,3,5
37922,6,7
37923,4,4
37924,5,5
37925,3,3
37926,6,6
37927,3,3
37928,6,6
37929,3,4
37930,2,6
37931,3,6
37932,2,5
37933,3,7
37934,3,3
37935,1,8
37936,3,8
37937,5,6
37938,4,4
37939,4,4
37940,3,3
37941,2,7
37942,3,3
37943,1,4
37944,2,5
37945,1,2
37946,6,6
37947,1,4
37948,3,3
37949,2,4
37950,3,3
37951,1,8
37952,7,7
37953,6,7
37954,4,7
37955,0,2
37956,4,6
37957,2,3
37958,8,8
37959,3,6
37960,2,5
37961,3,5
37962,2,2
37963,1,6
37964,6,7
37965,7,8
37966,7,7
37967,2,5
37968,6,9
37969,4,6
37970,3,3
37971,1,3
37972,2,2
37973,2,3
37974,3,3
37975,3,3
37976,4,4
37977,4,4
37978,5,5
37979,2,3
37980,2,2
37981,1,2
37982,4,4
37983,6,7
37984,4,7
37985,2,3
37986,5,7
37987,2,7
37988,2,2
37989,2,3
37990,2,2
37991,4,7
37992,6,7
37993,1,3
37994,3,3
37995,1,2
37996,2,2
37997,3,4
37998,5,5
37999,2,5
38000,5,5
38001,1,7
38002,2,4
38003,2,3
38004,3,3
38005,3,4
38006,5,7
38007,3,5
38008,6,8
38009,1,5
38010,3,5
38011,3,6
38012,3,7
38013,2,7
38014,5,5
38015,1,4
38016,5,5
38017,1,6
38018,6,6
38019,1,4
38020,6,6
38021,3,5
38022,6,6
38023,5,7
38024,6,6
38025,2,4
38026,2,2
38027,4,4
38028,2,2
38029,2,2
38030,3,4
38031,3,4
38032,6,8
38033,1,6
38034,3,6
38035,8,8
38036,2,2
38037,3,7
38038,6,6
38039,0,7
38040,4,5
38041,7,7
38042,4,8
38043,6,6
38044,2,2
38045,0,7
38046,3,3
38047,5,6
38048,4,5
38049,3,5
38050,5,6
38051,0,8
38052,7,7
38053,1,5
38054,3,4
38055,3,3
38056,4,4
38057,0,4
38058,2,2
38059,4,7
38060,2,2
38061,3,5
38062,7,7
38063,2,2
38064,5,5
38065,3,4
38066,5,5
38067,5,7
38068,5,7
38069,0,8
38070,5,6
38071,4,7
38072,3,6
38073,1,1
38074,8,8
38075,2,2
38076,4,8
38077,3,3
38078,7,7
38079,3,7
38080,3,8
38081,3,3
38082,4,6
38083,2,2
38084,2,2
38085,1,6
38086,3,3
38087,1,8
38088,2,4
38089,1,6
38090,6,6
38091,6,7
38092,2,2
38093,5,6
38094,4,7
38095,1,4
38096,4,6
38097,6,7
38098,4,6
38099,2,4
38100,6,7
38101,4,6
38102,6,6
38103,5,8
38104,2,2
38105,3,3
38106,7,7
38107,3,7
38108,6,6
38109,5,6
38110,7,7
38111,3,4
38112,2,2
38113,3,4
38114,7,7
38115,4,4
38116,5,5
38117,1,5
38118,3,3
38119,4,7
38120,2,2
38121,3,3
38122,4,4
38123,1,2
38124,6,6
38125,4,8
38126,6,6
38127,5,6
38128,2,2
38129,2,3
38130,3,3
38131,5,5
38132,4,4
38133,1,2
38134,5,6
38135,5,6
38136,2,4
38137,4,4
38138,2,2
38139,3,5
38140,7,8
38141,2,2
38142,2,7
38143,5,7
38144,2,8
38145,3,3
38146,3,3
38147,2,6
38148,3,3
38149,5,7
38150,5,5
38151,2,2
38152,7,8
38153,4,4
38154,8,8
38155,2,7
38156,4,4
38157,2,7
38158,2,2
38159,5,8
38160,2,2
38161,7,7
38162,2,2
38163,1,4
38164,5,6
38165,0,6
38166,2,2
38167,2,3
38168,2,2
38169,3,5
38170,4,7
38171,5,6
38172,7,7
38173,5,6
38174,8,8
38175,7,7
38176,5,5
38177,1,5
38178,2,2
38179,6,8
38180,5,6
38181,1,2
38182,3,6
38183,4,9
38184,2,8
38185,0,2
38186,5,5
38187,1,3
38188,8,8
38189,3,5
38190,2,2
38191,1,2
38192,4,4
38193,3,7
38194,5,5
38195,3,5
38196,2,2
38197,2,5
38198,5,5
38199,4,4
38200,4,4
38201,4,8
38202,4,4
38203,1,6
38204,4,4
38205,6,8
38206,5,5
38207,3,4
38208,5,5
38209,0,2
38210,1,1
38211,1,6
38212,5,5
38213,5,9
38214,2,2
38215,1,2
38216,6,6
38217,2,3
38218,3,4
38219,2,2
38220,5,5
38221,3,5
38222,5,8
38223,3,6
38224,2,2
38225,6,6
38226,4,4
38227,0,3
38228,5,5
38229,0,4
38230,3,3
38231,7,8
38232,3,3
38233,1,2
38234,2,6
38235,3,4
38236,5,5
38237,4,6
38238,6,7
38239,3,3
38240,3,3
38241,0,4
38242,7,8
38243,4,5
38244,6,6
38245,0,3
38246,7,7
38247,6,6
38248,4,5
38249,2,7
38250,2,2
38251,1,2
38252,2,2
38253,0,3
38254,4,4
38255,2,6
38256,4,4
38257,1,2
38258,3,7
38259,1,2
38260,3,3
38261,4,6
38262,4,5
38263,1,8
38264,4,5
38265,3,6
38266,2,2
38267,3,6
38268,3,3
38269,4,7
38270,3,3
38271,3,4
38272,4,4
38273,1,2
38274,2,2
38275,4,5
38276,5,7
38277,2,5
38278,5,5
38279,1,5
38280,4,4
38281,5,5
38282,3,7
38283,3,6
38284,2,2
38285,2,3
38286,4,4
38287,3,3
38288,5,7
38289,5,6
38290,7,7
38291,3,4
38292,3,3
38293,5,6
38294,6,6
38295,1,6
38296,4,4
38297,3,4
38298,2,4
38299,1,7
38300,4,4
38301,2,3
38302,4,4
38303,4,4
38304,2,6
38305,6,7
38306,2,5
38307,5,9
38308,2,2
38309,5,8
38310,2,2
38311,4,6
38312,3,5
38313,0,5
38314,2,2
38315,1,3
38316,2,2
38317,5,8
38318,4,4
38319,4,8
38320,3,4
38321,4,6
38322,6,6
38323,4,4
38324,3,3
38325,2,3
38326,7,7
38327,1,2
38328,8,8
38329,4,4
38330,7,7
38331,4,6
38332,3,3
38333,4,5
38334,7,8
38335,4,4
38336,3,3
38337,1,3
38338,2,2
38339,1,2
38340,4,4
38341,5,5
38342,4,4
38343,2,2
38344,6,6
38345,2,7
38346,6,8
38347,2,4
38348,7,8
38349,3,5
38350,2,2
38351,6,6
38352,2,2
38353,1,3
38354,5,6
38355,1,5
38356,4,6
38357,2,2
38358,4,4
38359,2,6
38360,5,5
38361,6,7
38362,2,2
38363,1,6
38364,3,3
38365,2,8
38366,6,6
38367,5,8
38368,3,3
38369,4,8
38370,3,5
38371,4,7
38372,3,4
38373,2,6
38374,7,7
38375,0,3
38376,4,4
38377,4,7
38378,3,4
38379,2,2
38380,3,3
38381,5,8
38382,2,2
38383,2,2
38384,5,5
38385,0,5
38386,5,5
38387,3,6
38388,8,8
38389,3,7
38390,3,3
38391,2,6
38392,4,4
38393,3,8
38394,7,7
38395,0,5
38396,6,6
38397,4,5
38398,6,6
38399,5,6
38400,3,3
38401,0,4
38402,3,4
38403,1,2
38404,7,7
38405,2,6
38406,4,4
38407,1,5
38408,4,4
38409,4,7
38410,3,3
38411,2,3
38412,5,7
38413,1,7
38414,3,3
38415,2,3
38416,2,4
38417,2,6
38418,4,5
38419,2,4
38420,3,8
38421,6,7
38422,6,6
38423,3,3
38424,4,4
38425,2,6
38426,4,4
38427,1,2
38428,3,3
38429,2,5
38430,2,2
38431,4,5
38432,4,4
38433,7,8
38434,3,3
38435,3,4
38436,5,6
38437,1,7
38438,5,5
38439,3,7
38440,2,4
38441,3,3
38442,3,8
38443,3,3
38444,5,5
38445,2,2
38446,4,4
38447,2,4
38448,3,5
38449,2,5
38450,5,6
38451,2,3
38452,3,3
38453,0,3
38454,2,2
38455,4,6
38456,7,7
38457,5,7
38458,2,3
38459,4,4
38460,6,6
38461,3,6
38462,4,4
38463,0,2
38464,3,3
38465,4,7
38466,2,2
38467,2,5
38468,3,6
38469,2,4
38470,3,5
38471,3,5
38472,7,7
38473,2,3
38474,5,5
38475,0,1
38476,4,6
38477,4,4
38478,5,5
38479,0,5
38480,5,5
38481,4,4
38482,2,2
38483,4,8
38484,1,1
38485,3,7
38486,5,5
38487,5,9
38488,2,6
38489,0,7
38490,3,3
38491,1,3
38492,4,7
38493,2,3
38494,4,4
38495,7,7
38496,3,3
38497,4,6
38498,1,1
38499,4,5
38500,1,1
38501,1,5
38502,3,7
38503,3,4
38504,6,6
38505,2,6
38506,6,6
38507,5,6
38508,8,8
38509,1,4
38510,7,7
38511,1,6
38512,3,3
38513,6,6
38514,5,5
38515,4,4
38516,7,7
38517,1,8
38518,5,7
38519,4,4
38520,2,2
38521,2,6
38522,2,2
38523,4,4
38524,5,5
38525,6,7
38526,3,3
38527,1,2
38528,6,6
38529,0,2
38530,8,8
38531,3,5
38532,6,8
38533,3,4
38534,3,3
38535,2,4
38536,4,6
38537,3,6
38538,4,7
38539,3,3
38540,4,4
38541,5,7
38542,4,4
38543,3,3
38544,8,8
38545,2,2
38546,5,5
38547,3,6
38548,2,2
38549,6,8
38550,2,5
38551,5,5
38552,5,6
38553,4,4
38554,7,7
38555,4,5
38556,3,5
38557,2,4
38558,2,3
38559,5,6
38560,4,4
38561,5,7
38562,2,2
38563,3,3
38564,6,6
38565,6,6
38566,5,5
38567,3,6
38568,2,4
38569,0,2
38570,4,4
38571,1,5
38572,4,5
38573,1,6
38574,3,3
38575,6,9
38576,6,8
38577,2,7
38578,3,4
38579,5,7
38580,6,6
38581,1,2
38582,3,3
38583,0,2
38584,3,3
38585,3,7
38586,4,6
38587,2,6
38588,7,7
38589,3,3
38590,4,4
38591,1,5
38592,2,2
38593,2,3
38594,2,2
38595,2,2
38596,3,4
38597,6,8
38598,3,3
38599,0,3
38600,3,3
38601,1,5
38602,8,8
38603,3,5
38604,2,2
38605,1,6
38606,3,4
38607,8,8
38608,2,2
38609,2,5
38610,5,5
38611,3,3
38612,4,4
38613,4,5
38614,2,2
38615,0,3
38616,4,5
38617,3,6
38618,5,6
38619,2,2
38620,3,3
38621,3,4
38622,3,8
38623,6,8
38624,7,8
38625,2,2
38626,3,3
38627,6,8
38628,3,3
38629,2,4
38630,3,3
38631,5,6
38632,7,7
38633,5,8
38634,2,2
38635,5,5
38636,5,7
38637,1,2
38638,5,5
38639,2,2
38640,3,3
38641,2,3
38642,3,3
38643,3,5
38644,3,5
38645,2,3
38646,3,3
38647,4,5
38648,2,5
38649,3,6
38650,2,2
38651,3,5
38652,4,4
38653,4,6
38654,3,3
38655,2,4
38656,5,6
38657,6,7
38658,6,6
38659,2,2
38660,7,8
38661,4,6
38662,4,4
38663,2,7
38664,7,8
38665,4,5
38666,3,4
38667,1,4
38668,6,8
38669,3,6
38670,2,6
38671,0,7
38672,5,5
38673,1,5
38674,2,2
38675,5,7
38676,4,4
38677,3,3
38678,2,7
38679,4,5
38680,4,4
38681,0,5
38682,4,6
38683,0,6
38684,6,6
38685,2,6
38686,2,7
38687,1,6
38688,7,7
38689,5,8
38690,3,5
38691,3,3
38692,2,2
38693,4,6
38694,2,2
38695,2,2
38696,6,8
38697,1,8
38698,4,4
38699,7,7
38700,2,2
38701,1,7
38702,7,7
38703,3,7
38704,5,5
38705,3,7
38706,7,7
38707,2,4
38708,3,3
38709,2,2
38710,6,6
38711,5,5
38712,5,5
38713,5,5
38714,2,2
38715,3,4
38716,2,2
38717,3,6
38718,3,3
38719,1,6
38720,3,6
38721,4,6
38722,5,5
38723,3,5
38724,3,3
38725,7,8
38726,3,3
38727,4,6
38728,4,8
38729,0,3
38730,4,5
38731,3,7
38732,6,6
38733,4,7
38734,5,6
38735,6,8
38736,4,4
38737,1,7
38738,2,2
38739,2,2
38740,2,2
38741,2,3
38742,7,7
38743,2,6
38744,5,8
38745,2,5
38746,4,4
38747,2,2
38748,5,5
38749,7,7
38750,3,3
38751,5,7
38752,2,2
38753,3,3
38754,5,5
38755,3,4
38756,2,4
38757,3,4
38758,2,6
38759,2,4
38760,3,4
38761,2,2
38762,2,2
38763,2,2
38764,4,4
38765,0,5
38766,3,3
38767,3,8
38768,5,5
38769,1,4
38770,3,3
38771,3,3
38772,2,2
38773,1,7
38774,5,5
38775,4,7
38776,4,4
38777,1,6
38778,5,5
38779,1,4
38780,3,5
38781,3,3
38782,8,9
38783,2,2
38784,7,7
38785,1,2
38786,4,5
38787,6,7
38788,3,6
38789,5,5
38790,3,3
38791,3,6
38792,1,1
38793,4,4
38794,6,6
38795,5,8
38796,6,6
38797,6,7
38798,4,4
38799,0,2
38800,2,2
38801,1,4
38802,6,7
38803,4,5
38804,3,7
38805,0,4
38806,6,6
38807,3,3
38808,5,6
38809,5,7
38810,6,7
38811,5,6
38812,3,7
38813,3,3
38814,4,6
38815,3,4
38816,4,4
38817,3,3
38818,6,6
38819,0,6
38820,7,7
38821,2,3
38822,4,5
38823,3,6
38824,5,7
38825,2,3
38826,3,3
38827,5,6
38828,3,3
38829,1,2
38830,3,3
38831,4,5
38832,3,5
38833,4,5
38834,8,9
38835,2,2
38836,6,6
38837,1,5
38838,3,3
38839,0,7
38840,2,2
38841,6,9
38842,3,3
38843,4,6
38844,5,5
38845,4,7
38846,4,5
38847,3,3
38848,6,7
38849,4,6
38850,7,7
38851,4,7
38852,6,7
38853,3,3
38854,4,4
38855,4,4
38856,4,4
38857,6,6
38858,2,3
38859,2,4
38860,3,3
38861,1,4
38862,4,5
38863,2,2
38864,8,8
38865,2,2
38866,3,5
38867,0,5
38868,7,7
38869,3,3
38870,3,3
38871,3,7
38872,4,8
38873,2,2
38874,3,3
38875,4,8
38876,2,2
38877,3,6
38878,5,5
38879,2,2
38880,6,8
38881,2,6
38882,2,2
38883,4,7
38884,7,8
38885,5,6
38886,3,3
38887,3,6
38888,3,3
38889,4,6
38890,7,7
38891,2,2
38892,8,8
38893,3,7
38894,3,3
38895,1,6
38896,3,3
38897,2,2
38898,4,6
38899,4,7
38900,3,6
38901,7,8
38902,3,3
38903,3,5
38904,6,6
38905,4,8
38906,3,8
38907,1,3
38908,6,7
38909,2,6
38910,4,4
38911,5,8
38912,4,8
38913,2,4
38914,2,5
38915,5,7
38916,2,4
38917,4,6
38918,6,6
38919,1,4
38920,1,1
38921,4,4
38922,4,4
38923,5,6
38924,2,3
38925,3,6
38926,2,2
38927,4,4
38928,3,3
38929,1,4
38930,4,4
38931,7,8
38932,4,6
38933,3,6
38934,5,6
38935,4,7
38936,3,3
38937,5,6
38938,5,5
38939,1,3
38940,2,5
38941,1,4
38942,6,6
38943,4,6
38944,2,4
38945,2,2
38946,5,5
38947,2,6
38948,5,5
38949,4,5
38950,4,6
38951,1,5
38952,4,4
38953,3,4
38954,3,6
38955,1,6
38956,6,6
38957,7,7
38958,6,7
38959,0,4
38960,5,5
38961,2,4
38962,5,5
38963,1,2
38964,4,4
38965,2,6
38966,3,5
38967,2,4
38968,4,7
38969,7,8
38970,2,2
38971,5,7
38972,4,8
38973,4,7
38974,6,6
38975,1,4
38976,5,5
38977,2,3
38978,3,7
38979,1,7
38980,6,7
38981,3,4
38982,8,8
38983,2,4
38984,4,7
38985,3,4
38986,3,3
38987,4,5
38988,4,4
38989,1,5
38990,3,6
38991,2,6
38992,6,6
38993,1,2
38994,5,6
38995,2,2
38996,4,4
38997,1,5
38998,7,7
38999,3,7
39000,6,6
39001,2,7
39002,6,7
39003,1,7
39004,3,3
39005,4,6
39006,2,2
39007,4,6
39008,1,1
39009,3,8
39010,5,6
39011,3,3
39012,3,4
39013,2,7
39014,5,5
39015,1,2
39016,4,4
39017,1,6
39018,4,5
39019,5,6
39020,4,6
39021,2,3
39022,6,7
39023,1,6
39024,7,7
39025,3,5
39026,6,6
39027,1,1
39028,4,4
39029,0,2
39030,3,3
39031,4,5
39032,2,2
39033,3,4
39034,2,4
39035,3,3
39036,2,2
39037,2,5
39038,6,6
39039,2,5
39040,2,2
39041,2,7
39042,4,4
39043,1,5
39044,5,7
39045,4,5
39046,3,3
39047,2,6
39048,4,5
39049,3,7
39050,4,5
39051,1,7
39052,4,4
39053,0,4
39054,3,5
39055,1,5
39056,2,6
39057,1,1
39058,4,5
39059,1,2
39060,4,4
39061,2,7
39062,6,6
39063,1,3
39064,3,3
39065,6,8
39066,5,5
39067,2,4
39068,6,6
39069,2,4
39070,4,4
39071,5,8
39072,2,2
39073,1,2
39074,3,3
39075,5,8
39076,2,6
39077,5,8
39078,4,4
39079,0,7
39080,5,5
39081,3,5
39082,3,6
39083,1,2
39084,7,7
39085,2,6
39086,4,4
39087,2,3
39088,5,5
39089,2,2
39090,7,7
39091,2,3
39092,4,5
39093,2,5
39094,3,4
39095,0,5
39096,2,2
39097,5,7
39098,4,6
39099,1,5
39100,2,4
39101,1,2
39102,2,2
39103,6,6
39104,6,6
39105,5,7
39106,4,5
39107,2,4
39108,4,4
39109,2,2
39110,3,3
39111,2,6
39112,6,7
39113,5,10
39114,3,3
39115,5,5
39116,5,5
39117,0,3
39118,4,8
39119,2,3
39120,4,4
39121,2,3
39122,5,5
39123,0,5
39124,7,7
39125,5,6
39126,7,8
39127,6,7
39128,5,8
39129,1,3
39130,2,2
39131,1,7
39132,6,8
39133,3,5
39134,3,4
39135,2,2
39136,6,7
39137,4,7
39138,3,3
39139,3,5
39140,2,2
39141,4,6
39142,6,6
39143,2,4
39144,5,8
39145,1,4
39146,4,4
39147,3,7
39148,2,5
39149,4,6
39150,2,2
39151,3,3
39152,4,4
39153,1,5
39154,2,3
39155,0,3
39156,2,3
39157,4,4
39158,5,7
39159,4,6
39160,7,7
39161,1,2
39162,5,5
39163,3,5
39164,6,6
39165,2,2
39166,4,4
39167,3,6
39168,5,8
39169,2,2
39170,5,6
39171,5,5
39172,9,9
39173,5,5
39174,4,4
39175,2,5
39176,6,6
39177,6,8
39178,3,3
39179,2,2
39180,2,8
39181,3,5
39182,5,5
39183,2,3
39184,3,3
39185,3,5
39186,3,4
39187,5,7
39188,2,2
39189,2,2
39190,6,6
39191,3,5
39192,2,4
39193,2,5
39194,3,3
39195,1,2
39196,4,4
39197,6,6
39198,3,6
39199,2,3
39200,3,7
39201,4,5
39202,5,5
39203,7,8
39204,3,8
39205,5,5
39206,3,3
39207,2,3
39208,4,4
39209,0,8
39210,4,4
39211,6,8
39212,5,8
39213,2,3
39214,4,4
39215,1,2
39216,3,3
39217,2,2
39218,2,2
39219,1,1
39220,5,5
39221,4,4
39222,2,4
39223,6,8
39224,6,6
39225,0,2
39226,5,5
39227,5,9
39228,4,4
39229,2,5
39230,7,7
39231,2,2
39232,3,3
39233,3,5
39234,4,5
39235,4,5
39236,3,3
39237,1,3
39238,2,2
39239,5,6
39240,8,9
39241,4,6
39242,4,4
39243,1,2
39244,3,3
39245,4,7
39246,3,4
39247,4,6
39248,4,4
39249,2,3
39250,6,8
39251,1,4
39252,3,5
39253,6,7
39254,5,7
39255,2,4
39256,3,7
39257,2,5
39258,4,4
39259,5,6
39260,2,2
39261,3,4
39262,2,2
39263,5,5
39264,2,2
39265,5,7
39266,4,5
39267,4,5
39268,7,7
39269,5,7
39270,4,4
39271,5,5
39272,3,3
39273,3,4
39274,2,4
39275,1,5
39276,2,6
39277,4,4
39278,5,6
39279,0,3
39280,3,3
39281,4,4
39282,6,6
39283,2,2
39284,2,6
39285,4,9
39286,5,5
39287,5,6
39288,3,3
39289,2,2
39290,6,6
39291,6,6
39292,4,4
39293,3,7
39294,6,6
39295,1,2
39296,6,6
39297,3,3
39298,5,8
39299,3,4
39300,2,6
39301,5,5
39302,2,2
39303,2,3
39304,6,7
39305,0,2
39306,5,6
39307,3,3
39308,7,7
39309,2,4
39310,3,3
39311,1,3
39312,5,6
39313,4,7
39314,5,5
39315,4,6
39316,4,5
39317,5,7
39318,5,7
39319,4,8
39320,6,6
39321,3,6
39322,2,3
39323,3,8
39324,2,2
39325,1,2
39326,8,8
39327,6,6
39328,4,4
39329,4,7
39330,2,5
39331,7,8
39332,2,4
39333,6,8
39334,6,6
39335,2,3
39336,6,6
39337,2,2
39338,1,1
39339,0,4
39340,4,4
39341,3,4
39342,3,4
39343,5,5
39344,2,5
39345,3,3
39346,3,3
39347,7,7
39348,2,2
39349,0,4
39350,4,4
39351,2,6
39352,7,7
39353,3,4
39354,3,6
39355,3,7
39356,3,3
39357,5,6
39358,4,4
39359,5,7
39360,5,5
39361,2,2
39362,3,3
39363,2,7
39364,2,2
39365,0,2
39366,5,7
39367,0,8
39368,4,4
39369,3,3
39370,2,2
39371,6,7
39372,8,8
39373,0,2
39374,5,5
39375,3,7
39376,2,2
39377,1,5
39378,3,6
39379,0,2
39380,6,8
39381,1,5
39382,4,6
39383,3,6
39384,6,7
39385,3,6
39386,7,7
39387,2,2
39388,5,6
39389,4,5
39390,3,6
39391,2,2
39392,5,5
39393,0,2
39394,4,5
39395,6,7
39396,2,2
39397,3,4
39398,2,2
39399,2,5
39400,2,2
39401,1,5
39402,6,6
39403,0,4
39404,6,6
39405,4,8
39406,8,8
39407,2,2
39408,5,5
39409,3,7
39410,2,2
39411,0,2
39412,4,5
39413,3,8
39414,5,5
39415,2,5
39416,3,5
39417,5,6
39418,3,5
39419,3,4
39420,3,3
39421,2,5
39422,7,7
39423,1,5
39424,3,3
39425,2,2
39426,4,6
39427,1,8
39428,3,3
39429,1,2
39430,5,5
39431,2,6
39432,5,5
39433,3,5
39434,2,2
39435,2,5
39436,2,6
39437,8,8
39438,7,8
39439,4,7
39440,8,8
39441,3,4
39442,2,2
39443,2,6
39444,5,5
39445,1,4
39446,5,5
39447,0,4
39448,2,2
39449,5,7
39450,2,2
39451,2,2
39452,4,6
39453,2,3
39454,5,5
39455,0,7
39456,9,9
39457,5,7
39458,2,2
39459,3,7
39460,3,3
39461,4,7
39462,5,7
39463,3,5
39464,4,4
39465,1,1
39466,7,7
39467,5,8
39468,6,6
39469,5,6
39470,2,2
39471,3,5
39472,2,2
39473,3,5
39474,4,5
39475,4,6
39476,3,3
39477,3,3
39478,6,6
39479,4,7
39480,2,2
39481,4,5
39482,6,8
39483,3,4
39484,2,4
39485,4,6
39486,3,3
39487,1,5
39488,2,2
39489,4,7
39490,2,4
39491,3,7
39492,2,2
39493,0,5
39494,3,3
39495,2,5
39496,3,3
39497,2,3
39498,8,8
39499,2,2
39500,3,3
39501,2,5
39502,3,3
39503,5,7
39504,2,2
39505,1,6
39506,3,8
39507,4,6
39508,4,4
39509,2,3
39510,4,4
39511,4,6
39512,1,1
39513,3,4
39514,2,2
39515,1,4
39516,3,4
39517,2,4
39518,3,3
39519,2,3
39520,8,8
39521,0,4
39522,7,7
39523,4,6
39524,3,3
39525,2,6
39526,4,4
39527,3,5
39528,2,5
39529,0,2
39530,4,4
39531,5,5
39532,2,2
39533,4,4
39534,8,8
39535,2,4
39536,6,6
39537,2,4
39538,2,2
39539,1,7
39540,2,4
39541,1,6
39542,7,7
39543,1,2
39544,3,5
39545,1,2
39546,4,4
39547,3,5
39548,5,8
39549,7,7
39550,2,4
39551,2,3
39552,3,8
39553,3,3
39554,5,5
39555,1,2
39556,7,7
39557,4,5
39558,3,3
39559,1,2
39560,6,6
39561,3,7
39562,5,8
39563,5,7
39564,7,7
39565,1,7
39566,4,4
39567,4,5
39568,3,7
39569,3,3
39570,3,3
39571,4,8
39572,3,5
39573,0,3
39574,3,5
39575,0,3
39576,2,2
39577,3,5
39578,4,7
39579,2,4
39580,4,4
39581,3,4
39582,2,3
39583,2,2
39584,4,4
39585,5,7
39586,3,3
39587,8,9
39588,6,6
39589,3,9
39590,7,7
39591,3,4
39592,3,5
39593,2,7
39594,7,7
39595,1,7
39596,5,7
39597,2,6
39598,6,6
39599,2,3
39600,3,3
39601,0,4
39602,4,4
39603,5,6
39604,6,6
39605,3,4
39606,4,4
39607,2,6
39608,2,2
39609,0,6
39610,2,2
39611,3,4
39612,6,6
39613,8,8
39614,7,7
39615,4,8
39616,5,7
39617,1,2
39618,4,4
39619,0,6
39620,2,2
39621,1,5
39622,5,5
39623,2,2
39624,5,6
39625,5,7
39626,4,4
39627,2,3
39628,2,2
39629,3,6
39630,1,1
39631,2,2
39632,3,4
39633,4,6
39634,6,6
39635,4,5
39636,2,2
39637,5,7
39638,2,2
39639,1,3
39640,4,4
39641,4,5
39642,3,3
39643,6,7
39644,2,2
39645,4,5
39646,5,5
39647,1,1
39648,2,2
39649,1,8
39650,7,7
39651,0,4
39652,3,4
39653,4,7
39654,3,6
39655,2,2
39656,7,7
39657,0,2
39658,2,2
39659,6,8
39660,3,3
39661,2,3
39662,3,3
39663,1,5
39664,2,6
39665,4,4
39666,2,7
39667,2,7
39668,2,2
39669,4,7
39670,7,7
39671,2,3
39672,2,4
39673,6,8
39674,3,5
39675,3,5
39676,7,8
39677,1,2
39678,4,4
39679,4,6
39680,4,4
39681,1,2
39682,3,6
39683,3,7
39684,2,2
39685,3,3
39686,5,7
39687,6,7
39688,2,2
39689,3,3
39690,3,3
39691,1,3
39692,2,2
39693,0,1
39694,7,7
39695,5,7
39696,7,7
39697,1,2
39698,4,4
39699,2,2
39700,3,3
39701,2,2
39702,5,5
39703,1,3
39704,3,6
39705,2,4
39706,8,8
39707,3,7
39708,3,3
39709,2,5
39710,6,8
39711,4,5
39712,4,4
39713,3,6
39714,3,4
39715,6,7
39716,2,2
39717,0,5
39718,4,4
39719,4,8
39720,3,6
39721,0,4
39722,7,7
39723,2,4
39724,7,7
39725,2,3
39726,7,7
39727,1,2
39728,4,4
39729,2,2
39730,5,5
39731,5,6
39732,6,6
39733,3,8
39734,5,6
39735,2,2
39736,4,4
39737,4,6
39738,3,3
39739,1,2
39740,2,3
39741,0,4
39742,7,7
39743,2,2
39744,4,4
39745,2,7
39746,3,6
39747,3,5
39748,5,5
39749,2,2
39750,3,8
39751,2,2
39752,5,5
39753,2,2
39754,3,6
39755,6,8
39756,6,6
39757,3,7
39758,6,7
39759,2,2
39760,2,7
39761,1,2
39762,6,7
39763,4,6
39764,5,5
39765,5,6
39766,6,7
39767,2,3
39768,6,6
39769,0,4
39770,4,8
39771,2,4
39772,7,7
39773,5,6
39774,5,8
39775,1,7
39776,3,3
39777,5,6
39778,5,5
39779,2,4
39780,2,2
39781,3,3
39782,2,7
39783,4,8
39784,2,6
39785,4,4
39786,2,8
39787,2,8
39788,6,8
39789,1,3
39790,5,7
39791,4,6
39792,4,4
39793,5,5
39794,2,2
39795,8,8
39796,3,8
39797,2,6
39798,7,7
39799,3,6
39800,3,3
39801,4,4
39802,2,2
39803,5,7
39804,2,2
39805,6,8
39806,4,5
39807,5,7
39808,3,6
39809,1,1
39810,7,7
39811,2,3
39812,6,8
39813,2,6
39814,3,3
39815,4,8
39816,3,4
39817,1,2
39818,2,2
39819,0,7
39820,2,2
39821,2,3
39822,2,2
39823,3,5
39824,3,3
39825,4,5
39826,5,5
39827,3,3
39828,5,5
39829,5,8
39830,2,5
39831,3,5
39832,3,3
39833,0,5
39834,7,7
39835,3,9
39836,4,4
39837,6,8
39838,5,6
39839,0,5
39840,4,4
39841,1,8
39842,2,2
39843,2,2
39844,3,6
39845,0,2
39846,5,5
39847,1,5
39848,3,5
39849,2,5
39850,2,2
39851,0,4
39852,6,6
39853,5,7
39854,5,5
39855,2,3
39856,4,7
39857,6,6
39858,2,2
39859,0,1
39860,4,4
39861,0,1
39862,2,2
39863,3,6
39864,2,3
39865,1,2
39866,8,8
39867,0,2
39868,4,5
39869,1,3
39870,8,8
39871,6,6
39872,2,2
39873,4,7
39874,3,3
39875,1,6
39876,3,3
39877,1,6
39878,3,3
39879,4,5
39880,6,6
39881,2,3
39882,3,7
39883,2,2
39884,5,7
39885,4,8
39886,3,3
39887,5,6
39888,4,4
39889,4,8
39890,6,8
39891,5,7
39892,2,2
39893,0,2
39894,2,2
39895,2,3
39896,7,8
39897,3,3
39898,3,7
39899,2,6
39900,4,6
39901,3,4
39902,6,6
39903,1,6
39904,6,6
39905,0,7
39906,2,2
39907,1,3
39908,3,6
39909,2,2
39910,6,7
39911,2,6
39912,8,8
39913,2,3
39914,2,2
39915,2,5
39916,4,4
39917,1,3
39918,7,7
39919,3,3
39920,6,6
39921,5,5
39922,5,6
39923,1,3
39924,5,8
39925,2,6
39926,3,3
39927,3,5
39928,2,2
39929,3,5
39930,6,6
39931,0,3
39932,3,3
39933,3,4
39934,4,6
39935,1,1
39936,5,5
39937,1,7
39938,4,4
39939,4,8
39940,5,5
39941,2,5
39942,6,7
39943,4,6
39944,5,6
39945,3,6
39946,2,2
39947,2,3
39948,6,6
39949,2,5
39950,3,3
39951,0,2
39952,2,2
39953,2,4
39954,7,7
39955,0,6
39956,4,4
39957,5,6
39958,7,7
39959,4,4
39960,7,8
39961,1,4
39962,2,2
39963,1,3
39964,2,7
39965,5,6
39966,3,4
39967,4,5
39968,4,4
39969,2,2
39970,2,2
39971,6,6
39972,4,4
39973,4,7
39974,3,4
39975,2,4
39976,2,5
39977,3,5
39978,4,4
39979,3,3
39980,5,5
39981,0,9
39982,2,8
39983,7,8
39984,4,4
39985,1,2
39986,4,4
39987,0,2
39988,5,5
39989,0,4
39990,8,8
39991,5,7
39992,2,2
39993,1,8
39994,3,3
39995,0,7
39996,4,4
39997,5,7
39998,2,2
39999,6,8
40000,3,3
40001,5,7
40002,5,5
40003,0,5
40004,2,2
40005,5,7
40006,4,4
40007,0,8
40008,7,7
40009,2,7
40010,5,5
40011,5,9
40012,2,7
40013,2,2
40014,4,4
40015,3,5
40016,3,6
40017,4,5
40018,4,4
40019,4,6
40020,3,3
40021,5,6
40022,4,4
40023,2,2
40024,5,7
40025,4,5
40026,5,5
40027,1,2
40028,3,6
40029,2,3
40030,4,5
40031,1,2
40032,2,2
40033,5,6
40034,5,5
40035,4,4
40036,4,5
40037,3,5
40038,5,5
40039,2,2
40040,3,3
40041,1,7
40042,3,5
40043,2,7
40044,2,2
40045,3,5
40046,8,8
40047,5,6
40048,4,4
40049,1,7
40050,2,5
40051,8,9
40052,2,2
40053,2,2
40054,7,7
40055,6,7
40056,2,3
40057,3,3
40058,4,4
40059,4,5
40060,4,4
40061,2,5
40062,5,5
40063,3,7
40064,4,7
40065,5,6
40066,2,2
40067,2,6
40068,4,6
40069,1,3
40070,2,2
40071,3,4
40072,5,6
40073,3,4
40074,2,4
40075,1,3
40076,2,2
40077,2,2
40078,2,2
40079,2,4
40080,4,5
40081,4,6
40082,6,8
40083,1,2
40084,5,5
40085,3,3
40086,5,5
40087,3,3
40088,6,7
40089,3,4
40090,5,5
40091,3,7
40092,5,6
40093,3,4
40094,6,7
40095,3,3
40096,6,6
40097,0,4
40098,2,3
40099,0,2
40100,2,2
40101,2,5
40102,5,5
40103,2,6
40104,5,5
40105,2,2
40106,3,3
40107,2,2
40108,7,7
40109,3,6
40110,6,6
40111,2,6
40112,8,8
40113,0,4
40114,2,2
40115,4,6
40116,3,3
40117,1,5
40118,6,8
40119,4,5
40120,3,3
40121,7,7
40122,6,6
40123,3,6
40124,4,5
40125,1,5
40126,6,7
40127,2,3
40128,4,4
40129,1,6
40130,6,8
40131,3,5
40132,5,6
40133,3,5
40134,5,7
40135,4,5
40136,3,3
40137,2,4
40138,6,6
40139,1,5
40140,7,7
40141,3,3
40142,4,6
40143,0,2
40144,4,4
40145,2,2
40146,5,6
40147,3,3
40148,4,8
40149,4,7
40150,6,7
40151,4,6
40152,4,7
40153,2,3
40154,4,5
40155,4,7
40156,3,8
40157,3,3
40158,4,4
40159,4,6
40160,2,4
40161,2,2
40162,8,8
40163,5,5
40164,3,3
40165,0,2
40166,6,8
40167,2,2
40168,2,2
40169,4,4
40170,2,2
40171,3,7
40172,2,3
40173,3,5
40174,3,3
40175,1,2
40176,4,5
40177,4,6
40178,4,5
40179,3,4
40180,5,5
40181,4,8
40182,5,5
40183,2,5
40184,8,9
40185,4,6
40186,2,2
40187,0,3
40188,7,7
40189,4,6
40190,3,8
40191,3,3
40192,2,6
40193,3,5
40194,2,2
40195,2,3
40196,5,7
40197,4,4
40198,7,9
40199,3,4
40200,7,7
40201,3,3
40202,2,2
40203,4,4
40204,7,7
40205,3,7
40206,2,2
40207,0,4
40208,5,9
40209,0,8
40210,6,7
40211,6,8
40212,4,4
40213,4,5
40214,4,4
40215,3,4
40216,2,2
40217,3,4
40218,3,7
40219,2,2
40220,2,3
40221,3,3
40222,3,4
40223,1,4
40224,2,2
40225,5,8
40226,5,7
40227,0,2
40228,2,2
40229,2,3
40230,6,6
40231,0,1
40232,7,7
40233,1,2
40234,4,4
40235,1,7
40236,3,5
40237,4,4
40238,4,4
40239,0,1
40240,3,3
40241,1,2
40242,3,3
40243,1,7
40244,7,7
40245,4,7
40246,2,5
40247,1,2
40248,2,8
40249,4,4
40250,3,3
40251,2,2
40252,2,8
40253,5,6
40254,4,4
40255,3,4
40256,5,5
40257,0,5
40258,6,7
40259,2,2
40260,2,2
40261,5,10
40262,4,4
40263,3,3
40264,3,3
40265,2,2
40266,4,4
40267,3,5
40268,6,6
40269,3,4
40270,6,7
40271,5,6
40272,4,6
40273,4,7
40274,6,8
40275,1,6
40276,6,7
40277,2,4
40278,2,2
40279,6,7
40280,6,6
40281,5,7
40282,2,2
40283,4,4
40284,3,3
40285,0,6
40286,3,3
40287,3,5
40288,5,6
40289,5,6
40290,7,7
40291,2,3
40292,2,7
40293,3,8
40294,4,4
40295,4,8
40296,5,5
40297,3,3
40298,6,7
40299,6,6
40300,2,2
40301,4,4
40302,4,4
40303,5,6
40304,6,6
40305,4,5
40306,6,6
40307,2,3
40308,2,2
40309,1,2
40310,8,8
40311,3,4
40312,2,2
40313,3,3
40314,2,2
40315,1,2
40316,3,3
40317,3,4
40318,2,2
40319,4,6
40320,4,5
40321,3,3
40322,4,4
40323,6,6
40324,5,5
40325,0,3
40326,5,5
40327,4,7
40328,6,6
40329,5,5
40330,3,3
40331,3,3
40332,2,2
40333,0,7
40334,3,7
40335,2,2
40336,6,7
40337,5,5
40338,3,4
40339,3,5
40340,6,8
40341,3,4
40342,5,5
40343,7,7
40344,4,4
40345,2,3
40346,4,7
40347,4,7
40348,4,4
40349,4,8
40350,6,6
40351,2,4
40352,4,6
40353,1,2
40354,2,2
40355,8,8
40356,3,3
40357,2,4
40358,4,4
40359,5,8
40360,2,3
40361,2,2
40362,4,4
40363,5,6
40364,2,2
40365,0,4
40366,2,2
40367,4,7
40368,3,3
40369,3,3
40370,3,3
40371,6,8
40372,4,4
40373,2,6
40374,6,6
40375,2,2
40376,3,3
40377,3,4
40378,3,5
40379,2,7
40380,4,4
40381,1,3
40382,2,2
40383,5,5
40384,7,8
40385,0,5
40386,7,8
40387,1,2
40388,4,4
40389,3,4
40390,7,7
40391,1,2
40392,2,2
40393,5,7
40394,7,7
40395,1,2
40396,4,4
40397,5,8
40398,3,8
40399,2,2
40400,2,2
40401,1,5
40402,2,2
40403,0,4
40404,4,4
40405,0,2
40406,2,2
40407,5,6
40408,2,2
40409,4,5
40410,2,2
40411,1,4
40412,4,4
40413,2,8
40414,4,4
40415,2,4
40416,5,6
40417,1,3
40418,5,6
40419,1,2
40420,7,7
40421,4,5
40422,2,2
40423,0,3
40424,2,2
40425,5,6
40426,3,6
40427,6,6
40428,2,2
40429,3,4
40430,2,2
40431,3,3
40432,5,5
40433,2,3
40434,3,4
40435,3,3
40436,3,3
40437,0,4
40438,4,4
40439,4,8
40440,4,4
40441,6,7
40442,3,3
40443,5,7
40444,2,4
40445,4,5
40446,3,4
40447,2,2
40448,4,4
40449,3,4
40450,2,3
40451,1,3
40452,6,7
40453,2,4
40454,1,1
40455,2,4
40456,3,3
40457,2,5
40458,2,8
40459,5,6
40460,3,6
40461,2,2
40462,2,2
40463,7,8
40464,4,4
40465,3,5
40466,6,6
40467,1,5
40468,5,5
40469,5,5
40470,8,8
40471,4,4
40472,3,7
40473,3,6
40474,2,4
40475,4,5
40476,7,7
40477,3,5
40478,2,2
40479,3,4
40480,2,3
40481,4,6
40482,6,6
40483,4,4
40484,3,3
40485,1,2
40486,4,4
40487,4,5
40488,7,7
40489,2,3
40490,2,7
40491,2,3
40492,2,2
40493,5,7
40494,5,5
40495,4,5
40496,2,2
40497,2,2
40498,8,9
40499,4,6
40500,2,2
40501,4,7
40502,2,2
40503,2,2
40504,3,3
40505,4,5
40506,6,8
40507,1,2
40508,5,5
40509,3,5
40510,3,3
40511,2,7
40512,7,8
40513,8,8
40514,2,2
40515,0,2
40516,6,7
40517,7,8
40518,6,6
40519,5,7
40520,6,6
40521,1,2
40522,2,2
40523,4,6
40524,5,5
40525,3,4
40526,3,5
40527,1,2
40528,4,4
40529,0,3
40530,2,2
40531,5,5
40532,3,3
40533,1,5
40534,5,5
40535,4,7
40536,3,3
40537,3,6
40538,7,7
40539,1,2
40540,6,6
40541,7,8
40542,3,4
40543,2,2
40544,7,8
40545,0,3
40546,5,5
40547,0,8
40548,5,5
40549,5,6
40550,4,8
40551,3,5
40552,5,5
40553,4,7
40554,7,7
40555,3,7
40556,2,5
40557,3,8
40558,2,2
40559,1,3
40560,6,6
40561,1,5
40562,5,7
40563,4,6
40564,4,8
40565,2,2
40566,3,3
40567,4,6
40568,4,5
40569,2,4
40570,4,6
40571,2,3
40572,7,7
40573,2,5
40574,6,7
40575,0,5
40576,7,7
40577,0,2
40578,7,7
40579,2,6
40580,2,4
40581,0,2
40582,6,6
40583,3,6
40584,5,5
40585,4,6
40586,2,2
40587,0,4
40588,8,9
40589,4,8
40590,7,7
40591,6,7
40592,6,6
40593,3,3
40594,5,5
40595,0,2
40596,4,4
40597,2,4
40598,6,9
40599,3,4
40600,7,7
40601,3,4
40602,5,6
40603,3,4
40604,3,3
40605,2,5
40606,7,7
40607,3,4
40608,2,2
40609,5,7
40610,3,3
40611,3,3
40612,2,8
40613,4,5
40614,6,8
40615,2,3
40616,4,4
40617,7,8
40618,3,4
40619,4,9
40620,4,7
40621,2,2
40622,6,6
40623,2,2
40624,4,6
40625,3,8
40626,3,3
40627,2,3
40628,5,5
40629,2,4
40630,4,6
40631,0,3
40632,5,5
40633,4,7
40634,3,3
40635,1,4
40636,3,4
40637,3,3
40638,3,3
40639,0,3
40640,6,6
40641,0,6
40642,5,5
40643,3,3
40644,5,6
40645,2,2
40646,4,4
40647,2,2
40648,5,5
40649,0,2
40650,3,3
40651,2,4
40652,2,2
40653,3,3
40654,4,4
40655,1,2
40656,2,3
40657,3,5
40658,3,3
40659,4,6
40660,4,4
40661,1,4
40662,2,4
40663,2,3
40664,4,4
40665,1,2
40666,5,5
40667,0,6
40668,2,2
40669,4,8
40670,6,6
40671,4,5
40672,4,4
40673,4,6
40674,4,6
40675,0,3
40676,3,3
40677,1,2
40678,3,3
40679,4,5
40680,3,4
40681,1,7
40682,2,2
40683,2,2
40684,5,7
40685,5,6
40686,2,2
40687,2,6
40688,5,7
40689,1,2
40690,2,2
40691,3,3
40692,3,5
40693,3,5
40694,2,7
40695,1,4
40696,6,7
40697,4,5
40698,2,2
40699,5,5
40700,4,4
40701,5,7
40702,4,4
40703,5,5
40704,2,2
40705,3,4
40706,5,6
40707,0,6
40708,6,7
40709,1,1
40710,3,3
40711,5,6
40712,3,3
40713,4,4
40714,6,6
40715,3,3
40716,2,2
40717,6,6
40718,6,8
40719,0,2
40720,2,2
40721,2,2
40722,2,2
40723,5,5
40724,2,2
40725,5,8
40726,3,4
40727,5,5
40728,2,2
40729,0,2
40730,8,8
40731,3,4
40732,5,6
40733,6,7
40734,7,7
40735,1,6
40736,2,2
40737,3,3
40738,2,4
40739,2,5
40740,2,2
40741,6,6
40742,5,5
40743,6,8
40744,4,6
40745,1,8
40746,7,7
40747,6,6
40748,3,3
40749,4,8
40750,6,6
40751,4,6
40752,4,4
40753,1,5
40754,2,2
40755,2,2
40756,7,8
40757,4,6
40758,4,4
40759,5,5
40760,2,2
40761,4,5
40762,5,7
40763,3,6
40764,2,4
40765,2,7
40766,2,2
40767,2,5
40768,2,2
40769,3,3
40770,2,5
40771,1,3
40772,4,4
40773,0,4
40774,6,7
40775,6,7
40776,4,5
40777,1,1
40778,2,2
40779,5,7
40780,2,2
40781,3,8
40782,4,4
40783,3,5
40784,3,7
40785,5,6
40786,2,5
40787,5,7
40788,4,4
40789,6,7
40790,2,2
40791,3,4
40792,5,5
40793,6,7
40794,3,3
40795,1,3
40796,2,2
40797,0,7
40798,6,6
40799,4,6
40800,3,3
40801,4,4
40802,3,5
40803,7,8
40804,2,2
40805,2,2
40806,7,8
40807,7,8
40808,7,7
40809,4,5
40810,5,7
40811,5,7
40812,4,4
40813,2,4
40814,2,4
40815,0,6
40816,6,6
40817,2,4
40818,3,3
40819,4,8
40820,5,5
40821,2,2
40822,2,4
40823,1,2
40824,4,7
40825,2,2
40826,4,6
40827,2,3
40828,4,4
40829,3,5
40830,7,7
40831,1,5
40832,4,4
40833,2,7
40834,4,4
40835,1,3
40836,8,9
40837,1,2
40838,6,6
40839,4,6
40840,4,4
40841,4,5
40842,3,4
40843,7,7
40844,2,4
40845,4,12
40846,3,3
40847,2,7
40848,5,5
40849,3,4
40850,3,3
40851,1,3
40852,3,3
40853,2,4
40854,4,4
40855,2,2
40856,4,5
40857,4,7
40858,4,5
40859,0,6
40860,4,4
40861,5,6
40862,3,3
40863,5,6
40864,3,6
40865,6,6
40866,6,6
40867,1,3
40868,5,5
40869,1,7
40870,3,4
40871,3,4
40872,5,6
40873,7,9
40874,6,6
40875,3,5
40876,4,4
40877,2,2
40878,2,2
40879,0,5
40880,5,5
40881,3,3
40882,2,2
40883,3,3
40884,3,3
40885,0,2
40886,5,8
40887,2,2
40888,8,8
40889,3,6
40890,5,6
40891,3,3
40892,2,5
40893,2,2
40894,3,3
40895,2,6
40896,6,6
40897,0,2
40898,5,6
40899,3,3
40900,5,6
40901,3,3
40902,3,4
40903,1,2
40904,7,7
40905,2,7
40906,2,2
40907,3,3
40908,3,7
40909,1,3
40910,5,5
40911,0,2
40912,7,7
40913,1,2
40914,4,4
40915,4,7
40916,4,4
40917,1,6
40918,5,6
40919,2,2
40920,3,3
40921,1,3
40922,2,4
40923,3,3
40924,4,4
40925,2,3
40926,4,4
40927,1,6
40928,3,4
40929,3,3
40930,4,5
40931,0,6
40932,5,6
40933,4,5
40934,3,7
40935,1,2
40936,6,6
40937,1,2
40938,3,3
40939,2,5
40940,3,3
40941,0,4
40942,3,3
40943,2,2
40944,4,4
40945,3,8
40946,2,2
40947,1,3
40948,3,3
40949,2,2
40950,2,2
40951,4,7
40952,3,5
40953,0,3
40954,8,8
40955,4,4
40956,4,7
40957,3,6
40958,2,2
40959,1,4
40960,4,4
40961,1,3
40962,2,2
40963,3,5
40964,6,6
40965,5,6
40966,2,6
40967,4,7
40968,2,2
40969,2,3
40970,2,2
40971,4,6
40972,3,3
40973,2,3
40974,5,5
40975,6,6
40976,5,6
40977,1,7
40978,4,4
40979,0,2
40980,3,3
40981,3,4
40982,5,5
40983,3,6
40984,6,7
40985,0,5
40986,6,7
40987,3,4
40988,5,5
40989,1,2
40990,2,5
40991,1,2
40992,2,4
40993,0,8
40994,7,7
40995,1,5
40996,2,3
40997,4,9
40998,4,4
40999,0,7
41000,3,3
41001,0,2
41002,5,9
41003,2,2
41004,3,3
41005,1,7
41006,4,6
41007,1,3
41008,4,4
41009,5,5
41010,4,4
41011,2,3
41012,2,2
41013,1,6
41014,2,5
41015,3,8
41016,2,2
41017,4,5
41018,2,2
41019,5,6
41020,4,4
41021,6,8
41022,3,3
41023,2,2
41024,3,4
41025,1,4
41026,4,4
41027,3,4
41028,5,7
41029,2,3
41030,6,6
41031,2,2
41032,2,3
41033,2,3
41034,3,3
41035,3,3
41036,2,2
41037,7,8
41038,4,4
41039,3,3
41040,2,2
41041,5,5
41042,3,3
41043,3,4
41044,4,7
41045,4,7
41046,6,6
41047,1,5
41048,3,3
41049,1,3
41050,2,2
41051,1,4
41052,3,5
41053,4,6
41054,4,4
41055,2,3
41056,7,7
41057,4,6
41058,4,6
41059,1,5
41060,2,2
41061,2,2
41062,3,3
41063,7,7
41064,6,6
41065,2,3
41066,4,6
41067,1,5
41068,7,7
41069,0,2
41070,4,7
41071,2,3
41072,3,5
41073,2,9
41074,3,4
41075,3,7
41076,5,8
41077,6,6
41078,3,3
41079,3,6
41080,7,7
41081,1,7
41082,2,4
41083,1,5
41084,2,2
41085,2,3
41086,3,5
41087,3,3
41088,2,2
41089,4,4
41090,2,2
41091,4,4
41092,3,4
41093,3,6
41094,6,6
41095,1,6
41096,5,7
41097,3,4
41098,4,8
41099,4,4
41100,2,6
41101,2,4
41102,5,6
41103,3,7
41104,4,4
41105,2,2
41106,3,3
41107,1,5
41108,4,4
41109,7,7
41110,4,4
41111,3,5
41112,3,5
41113,5,6
41114,5,6
41115,2,6
41116,3,3
41117,2,4
41118,3,3
41119,4,5
41120,4,4
41121,1,3
41122,8,8
41123,6,7
41124,4,4
41125,2,3
41126,3,3
41127,10,17
41128,3,4
41129,0,4
41130,4,8
41131,3,5
41132,7,7
41133,2,4
41134,3,3
41135,6,6
41136,2,2
41137,0,7
41138,2,2
41139,0,1
41140,6,6
41141,4,7
41142,5,5
41143,3,4
41144,3,3
41145,7,8
41146,6,6
41147,2,4
41148,5,5
41149,2,2
41150,6,6
41151,3,3
41152,3,5
41153,3,6
41154,5,7
41155,0,2
41156,4,4
41157,2,4
41158,5,6
41159,6,6
41160,3,3
41161,1,2
41162,2,2
41163,3,3
41164,5,5
41165,1,2
41166,8,9
41167,0,6
41168,4,5
41169,2,4
41170,5,5
41171,2,3
41172,4,5
41173,3,3
41174,2,2
41175,3,6
41176,7,8
41177,1,7
41178,4,6
41179,3,6
41180,5,5
41181,1,2
41182,2,2
41183,5,6
41184,4,6
41185,2,4
41186,2,2
41187,6,7
41188,6,6
41189,1,3
41190,2,4
41191,1,2
41192,4,4
41193,4,5
41194,3,3
41195,3,4
41196,7,7
41197,5,7
41198,4,4
41199,9,9
41200,3,3
41201,3,4
41202,6,6
41203,3,3
41204,5,5
41205,1,3
41206,2,2
41207,2,2
41208,3,6
41209,5,7
41210,4,4
41211,2,8
41212,5,5
41213,4,6
41214,3,6
41215,4,5
41216,4,4
41217,4,5
41218,2,4
41219,4,5
41220,2,2
41221,2,2
41222,4,4
41223,1,5
41224,3,6
41225,2,2
41226,7,7
41227,3,4
41228,4,6
41229,5,5
41230,2,2
41231,8,8
41232,5,5
41233,4,4
41234,3,5
41235,3,3
41236,1,1
41237,4,4
41238,2,2
41239,4,4
41240,4,4
41241,3,4
41242,8,8
41243,1,7
41244,3,3
41245,0,4
41246,6,6
41247,3,7
41248,5,5
41249,2,4
41250,5,5
41251,5,7
41252,6,6
41253,2,7
41254,4,4
41255,6,6
41256,7,8
41257,3,7
41258,4,4
41259,5,8
41260,2,2
41261,5,9
41262,4,4
41263,3,4
41264,2,2
41265,2,3
41266,3,5
41267,6,7
41268,2,2
41269,3,5
41270,5,5
41271,1,3
41272,3,4
41273,2,4
41274,4,5
41275,0,7
41276,3,3
41277,2,5
41278,2,2
41279,4,7
41280,2,2
41281,0,7
41282,7,7
41283,5,7
41284,2,2
41285,3,7
41286,5,5
41287,2,6
41288,2,2
41289,6,8
41290,5,5
41291,7,8
41292,6,8
41293,6,7
41294,2,6
41295,0,2
41296,5,6
41297,0,2
41298,2,2
41299,1,2
41300,2,2
41301,3,4
41302,6,7
41303,4,6
41304,5,6
41305,0,2
41306,3,7
41307,5,5
41308,7,7
41309,3,4
41310,6,7
41311,5,7
41312,5,7
41313,4,4
41314,6,8
41315,3,4
41316,8,8
41317,2,2
41318,5,6
41319,5,7
41320,3,8
41321,0,3
41322,3,3
41323,3,4
41324,2,6
41325,3,4
41326,2,2
41327,5,8
41328,7,7
41329,0,4
41330,5,6
41331,6,6
41332,6,6
41333,2,5
41334,4,4
41335,0,2
41336,6,6
41337,0,3
41338,4,4
41339,2,2
41340,3,5
41341,3,5
41342,3,6
41343,8,8
41344,4,4
41345,6,6
41346,4,5
41347,3,5
41348,4,6
41349,0,3
41350,3,3
41351,4,8
41352,6,8
41353,1,4
41354,2,2
41355,1,4
41356,5,6
41357,1,3
41358,2,2
41359,2,5
41360,3,3
41361,2,2
41362,2,5
41363,2,4
41364,3,6
41365,3,8
41366,2,2
41367,6,7
41368,5,5
41369,3,3
41370,4,4
41371,2,3
41372,5,5
41373,0,6
41374,2,3
41375,5,7
41376,3,4
41377,3,4
41378,3,3
41379,3,5
41380,2,5
41381,2,6
41382,5,5
41383,4,5
41384,5,7
41385,2,8
41386,3,6
41387,0,6
41388,6,6
41389,1,8
41390,4,4
41391,3,3
41392,7,7
41393,4,7
41394,2,3
41395,1,7
41396,4,5
41397,0,5
41398,4,4
41399,1,2
41400,3,6
41401,4,4
41402,3,4
41403,1,2
41404,6,6
41405,3,5
41406,5,5
41407,1,4
41408,3,3
41409,4,4
41410,4,7
41411,5,6
41412,5,5
41413,3,4
41414,2,2
41415,4,7
41416,6,6
41417,0,1
41418,3,3
41419,5,7
41420,5,5
41421,3,4
41422,2,4
41423,1,4
41424,2,2
41425,1,2
41426,4,4
41427,2,3
41428,6,6
41429,1,3
41430,2,2
41431,5,5
41432,4,4
41433,2,4
41434,8,8
41435,2,2
41436,2,2
41437,1,5
41438,2,2
41439,7,8
41440,4,7
41441,1,2
41442,5,5
41443,1,1
41444,3,3
41445,5,5
41446,6,6
41447,0,3
41448,2,2
41449,2,2
41450,2,2
41451,3,3
41452,6,7
41453,2,5
41454,2,2
41455,4,7
41456,2,2
41457,4,5
41458,6,6
41459,2,2
41460,4,4
41461,1,8
41462,5,6
41463,2,3
41464,3,3
41465,3,7
41466,2,2
41467,5,9
41468,5,5
41469,1,2
41470,5,5
41471,1,3
41472,2,2
41473,2,2
41474,5,6
41475,4,6
41476,5,5
41477,3,6
41478,6,7
41479,0,3
41480,7,7
41481,5,7
41482,2,2
41483,2,4
41484,3,3
41485,5,6
41486,2,2
41487,6,6
41488,8,8
41489,5,8
41490,3,3
41491,0,7
41492,2,2
41493,0,2
41494,3,3
41495,6,7
41496,8,8
41497,2,2
41498,7,7
41499,6,6
41500,2,2
41501,2,7
41502,3,3
41503,5,7
41504,2,2
41505,3,4
41506,2,3
41507,2,4
41508,8,8
41509,6,9
41510,4,4
41511,0,8
41512,7,7
41513,2,2
41514,6,6
41515,3,3
41516,4,4
41517,2,2
41518,2,2
41519,1,2
41520,2,3
41521,4,7
41522,8,8
41523,0,1
41524,2,2
41525,4,5
41526,3,8
41527,6,6
41528,5,5
41529,4,6
41530,8,8
41531,3,4
41532,2,2
41533,5,7
41534,3,3
41535,5,6
41536,5,5
41537,5,7
41538,4,5
41539,1,7
41540,5,5
41541,2,2
41542,8,8
41543,3,7
41544,4,7
41545,4,5
41546,1,1
41547,2,2
41548,4,4
41549,4,4
41550,7,7
41551,2,3
41552,2,2
41553,2,5
41554,2,2
41555,2,7
41556,6,8
41557,1,5
41558,2,5
41559,1,7
41560,3,3
41561,5,7
41562,3,7
41563,1,3
41564,5,5
41565,5,6
41566,4,6
41567,4,4
41568,3,3
41569,1,3
41570,4,6
41571,4,7
41572,8,8
41573,3,4
41574,5,5
41575,1,3
41576,2,2
41577,2,7
41578,4,4
41579,3,7
41580,4,5
41581,2,5
41582,4,4
41583,6,8
41584,5,5
41585,2,2
41586,5,7
41587,5,5
41588,7,7
41589,0,2
41590,2,2
41591,4,7
41592,2,6
41593,3,7
41594,4,6
41595,2,7
41596,8,8
41597,1,5
41598,3,5
41599,5,5
41600,6,6
41601,3,5
41602,6,6
41603,0,5
41604,4,4
41605,2,3
41606,3,8
41607,5,6
41608,4,4
41609,1,2
41610,6,6
41611,5,8
41612,7,7
41613,1,2
41614,3,4
41615,2,3
41616,6,6
41617,2,2
41618,4,4
41619,3,4
41620,2,2
41621,3,4
41622,2,5
41623,5,5
41624,2,4
41625,2,2
41626,4,7
41627,6,7
41628,3,3
41629,5,8
41630,4,4
41631,2,2
41632,3,3
41633,2,2
41634,7,8
41635,2,4
41636,3,3
41637,2,6
41638,6,7
41639,3,3
41640,7,7
41641,3,3
41642,3,3
41643,2,3
41644,2,2
41645,1,2
41646,3,3
41647,6,7
41648,5,5
41649,4,5
41650,3,3
41651,2,2
41652,2,2
41653,3,5
41654,4,5
41655,2,4
41656,4,4
41657,3,3
41658,6,6
41659,1,5
41660,4,6
41661,0,6
41662,5,5
41663,5,7
41664,5,5
41665,2,2
41666,7,7
41667,3,8
41668,3,3
41669,3,4
41670,2,3
41671,1,2
41672,5,5
41673,4,6
41674,3,4
41675,2,3
41676,3,5
41677,3,3
41678,4,4
41679,3,5
41680,5,6
41681,2,6
41682,2,2
41683,3,5
41684,2,2
41685,2,4
41686,4,5
41687,2,6
41688,5,5
41689,4,8
41690,6,6
41691,5,8
41692,3,3
41693,2,2
41694,2,2
41695,0,1
41696,7,7
41697,5,6
41698,2,7
41699,0,2
41700,4,4
41701,0,4
41702,5,9
41703,0,3
41704,4,4
41705,7,7
41706,7,7
41707,0,7
41708,2,2
41709,4,4
41710,6,6
41711,0,2
41712,4,4
41713,8,8
41714,2,2
41715,1,2
41716,8,8
41717,1,2
41718,4,4
41719,3,6
41720,3,7
41721,1,6
41722,6,6
41723,5,5
41724,5,5
41725,1,4
41726,2,2
41727,4,5
41728,3,3
41729,1,2
41730,6,6
41731,1,5
41732,4,4
41733,0,4
41734,5,7
41735,2,7
41736,6,6
41737,4,6
41738,5,5
41739,0,2
41740,6,6
41741,0,7
41742,2,4
41743,2,3
41744,3,3
41745,2,5
41746,3,3
41747,0,3
41748,6,6
41749,2,8
41750,6,6
41751,7,9
41752,7,7
41753,0,4
41754,3,5
41755,1,2
41756,2,3
41757,4,7
41758,6,6
41759,3,5
41760,6,8
41761,2,3
41762,1,1
41763,2,6
41764,2,2
41765,2,3
41766,2,3
41767,2,4
41768,4,5
41769,3,8
41770,5,6
41771,4,7
41772,3,3
41773,2,3
41774,8,8
41775,4,5
41776,2,2
41777,6,7
41778,3,3
41779,0,4
41780,6,6
41781,1,3
41782,3,6
41783,3,4
41784,1,1
41785,6,7
41786,6,6
41787,0,8
41788,2,3
41789,5,8
41790,7,7
41791,4,5
41792,2,2
41793,4,6
41794,6,6
41795,2,4
41796,3,3
41797,4,9
41798,2,2
41799,0,5
41800,5,8
41801,3,9
41802,4,4
41803,2,2
41804,2,4
41805,1,6
41806,6,6
41807,2,2
41808,2,2
41809,4,6
41810,3,3
41811,8,8
41812,3,3
41813,1,5
41814,6,6
41815,2,4
41816,5,6
41817,5,6
41818,2,2
41819,6,8
41820,3,7
41821,5,6
41822,2,2
41823,1,4
41824,3,6
41825,2,5
41826,2,2
41827,2,2
41828,5,5
41829,2,2
41830,7,7
41831,2,7
41832,4,7
41833,1,7
41834,3,3
41835,4,4
41836,6,6
41837,2,2
41838,7,8
41839,5,6
41840,4,5
41841,5,6
41842,6,6
41843,3,4
41844,4,4
41845,2,4
41846,2,5
41847,2,3
41848,4,6
41849,2,3
41850,2,2
41851,6,7
41852,5,5
41853,2,5
41854,7,8
41855,2,3
41856,4,4
41857,3,5
41858,5,5
41859,3,4
41860,6,7
41861,6,7
41862,5,5
41863,6,7
41864,3,3
41865,3,3
41866,5,8
41867,3,6
41868,7,7
41869,2,2
41870,2,2
41871,7,8
41872,5,5
41873,3,4
41874,5,5
41875,2,8
41876,6,6
41877,2,3
41878,2,4
41879,2,5
41880,2,6
41881,2,5
41882,4,8
41883,1,8
41884,4,4
41885,2,6
41886,2,8
41887,4,6
41888,3,4
41889,5,6
41890,3,3
41891,0,6
41892,6,6
41893,3,6
41894,7,7
41895,0,3
41896,2,2
41897,6,8
41898,5,5
41899,1,4
41900,2,2
41901,2,2
41902,3,3
41903,2,7
41904,6,8
41905,2,2
41906,2,6
41907,2,3
41908,5,6
41909,4,8
41910,4,4
41911,1,6
41912,8,8
41913,3,3
41914,5,5
41915,1,5
41916,3,6
41917,3,3
41918,3,3
41919,0,3
41920,2,2
41921,3,4
41922,3,4
41923,2,2
41924,4,8
41925,2,3
41926,3,3
41927,3,3
41928,2,2
41929,5,5
41930,5,6
41931,1,3
41932,2,2
41933,2,5
41934,7,7
41935,2,3
41936,5,5
41937,4,6
41938,7,7
41939,1,2
41940,5,5
41941,3,6
41942,2,4
41943,0,2
41944,5,5
41945,4,7
41946,2,2
41947,4,5
41948,2,2
41949,3,3
41950,4,4
41951,3,5
41952,4,4
41953,3,7
41954,7,7
41955,2,4
41956,3,6
41957,2,2
41958,4,4
41959,0,6
41960,3,7
41961,3,3
41962,3,3
41963,1,2
41964,6,6
41965,4,7
41966,4,5
41967,0,6
41968,6,6
41969,0,6
41970,6,9
41971,3,5
41972,8,8
41973,2,3
41974,5,5
41975,1,2
41976,6,6
41977,1,3
41978,3,4
41979,5,6
41980,4,7
41981,3,7
41982,3,3
41983,3,4
41984,3,3
41985,1,2
41986,3,3
41987,3,7
41988,2,6
41989,4,5
41990,3,5
41991,4,6
41992,4,4
41993,6,8
41994,3,4
41995,4,6
41996,5,7
41997,1,5
41998,5,5
41999,5,9
42000,2,2
42001,6,8
42002,7,7
42003,2,3
42004,3,3
42005,3,5
42006,7,8
42007,2,2
42008,4,4
42009,5,6
42010,7,8
42011,2,2
42012,7,8
42013,1,3
42014,6,6
42015,2,3
42016,6,6
42017,5,8
42018,5,5
42019,4,6
42020,6,7
42021,2,3
42022,3,3
42023,2,6
42024,4,4
42025,2,3
42026,5,7
42027,4,6
42028,2,2
42029,1,6
42030,7,7
42031,5,8
42032,6,6
42033,1,5
42034,5,7
42035,2,7
42036,2,2
42037,2,8
42038,2,2
42039,1,4
42040,2,6
42041,1,2
42042,6,7
42043,3,4
42044,4,4
42045,2,5
42046,2,2
42047,5,8
42048,4,4
42049,3,3
42050,2,2
42051,2,5
42052,2,2
42053,3,4
42054,2,2
42055,2,5
42056,2,4
42057,3,6
42058,6,8
42059,3,5
42060,6,6
42061,3,5
42062,3,3
42063,2,2
42064,3,5
42065,0,5
42066,5,6
42067,1,6
42068,6,6
42069,4,4
42070,2,4
42071,6,7
42072,3,3
42073,4,7
42074,4,4
42075,3,7
42076,2,8
42077,1,7
42078,2,2
42079,0,3
42080,5,6
42081,2,4
42082,2,7
42083,4,7
42084,3,4
42085,5,7
42086,2,2
42087,3,4
42088,3,7
42089,2,5
42090,6,6
42091,3,4
42092,6,6
42093,4,8
42094,6,6
42095,4,6
42096,4,4
42097,3,3
42098,2,2
42099,5,6
42100,3,3
42101,2,3
42102,5,5
42103,0,4
42104,3,3
42105,5,7
42106,6,7
42107,0,4
42108,3,7
42109,5,5
42110,2,2
42111,3,6
42112,4,4
42113,6,8
42114,4,6
42115,4,7
42116,2,2
42117,5,7
42118,4,4
42119,5,7
42120,3,6
42121,1,2
42122,5,7
42123,2,2
42124,4,8
42125,6,6
42126,3,3
42127,7,7
42128,5,5
42129,1,2
42130,3,3
42131,2,3
42132,4,4
42133,7,8
42134,3,3
42135,4,6
42136,3,3
42137,3,8
42138,4,5
42139,6,6
42140,3,3
42141,3,3
42142,3,4
42143,5,6
42144,6,6
42145,4,4
42146,5,5
42147,0,4
42148,6,6
42149,2,2
42150,5,5
42151,2,2
42152,3,4
42153,0,2
42154,2,2
42155,0,6
42156,2,3
42157,1,6
42158,6,8
42159,1,2
42160,2,3
42161,0,6
42162,6,7
42163,1,5
42164,3,3
42165,7,9
42166,6,6
42167,5,5
42168,2,2
42169,0,4
42170,2,2
42171,6,6
42172,3,3
42173,3,5
42174,4,5
42175,2,5
42176,7,8
42177,1,2
42178,8,8
42179,3,4
42180,5,5
42181,1,5
42182,8,8
42183,3,8
42184,5,5
42185,2,5
42186,2,2
42187,2,2
42188,5,8
42189,4,7
42190,6,8
42191,6,7
42192,4,4
42193,3,3
42194,4,4
42195,0,4
42196,2,6
42197,4,5
42198,6,6
42199,2,3
42200,3,3
42201,2,2
42202,5,5
42203,6,7
42204,5,5
42205,0,5
42206,4,4
42207,3,4
42208,5,5
42209,0,5
42210,2,2
42211,1,4
42212,5,6
42213,7,8
42214,4,4
42215,2,2
42216,2,2
42217,4,4
42218,7,7
42219,3,6
42220,2,5
42221,2,6
42222,3,5
42223,4,5
42224,4,5
42225,2,2
42226,3,3
42227,5,7
42228,3,3
42229,6,8
42230,3,3
42231,1,3
42232,2,2
42233,1,2
42234,3,3
42235,3,3
42236,6,6
42237,1,2
42238,3,3
42239,1,8
42240,2,2
42241,3,6
42242,2,2
42243,5,6
42244,2,5
42245,4,4
42246,7,8
42247,5,6
42248,5,5
42249,3,4
42250,5,5
42251,2,5
42252,5,6
42253,1,1
42254,3,3
42255,3,5
42256,7,8
42257,3,8
42258,2,2
42259,4,7
42260,5,5
42261,3,3
42262,2,2
42263,0,3
42264,1,1
42265,3,4
42266,3,7
42267,3,3
42268,4,4
42269,2,6
42270,3,5
42271,4,8
42272,3,3
42273,2,5
42274,6,7
42275,1,2
42276,6,6
42277,0,3
42278,8,8
42279,2,6
42280,5,5
42281,1,3
42282,3,3
42283,0,3
42284,2,2
42285,2,3
42286,5,5
42287,0,2
42288,3,3
42289,6,7
42290,2,3
42291,3,4
42292,2,2
42293,1,3
42294,4,5
42295,2,2
42296,3,5
42297,4,7
42298,4,4
42299,3,4
42300,3,3
42301,2,4
42302,6,6
42303,2,4
42304,6,6
42305,4,5
42306,3,6
42307,4,6
42308,5,5
42309,3,4
42310,3,3
42311,5,6
42312,4,4
42313,4,6
42314,3,3
42315,1,8
42316,7,8
42317,4,6
42318,3,3
42319,3,7
42320,2,7
42321,3,3
42322,6,8
42323,3,5
42324,4,4
42325,0,2
42326,4,4
42327,5,6
42328,6,6
42329,2,2
42330,2,2
42331,2,4
42332,3,3
42333,7,8
42334,2,2
42335,3,4
42336,4,6
42337,3,6
42338,6,6
42339,4,8
42340,3,7
42341,3,5
42342,4,4
42343,3,4
42344,6,6
42345,2,2
42346,3,3
42347,2,3
42348,4,4
42349,4,6
42350,4,4
42351,2,3
42352,2,5
42353,0,3
42354,2,5
42355,0,3
42356,4,4
42357,1,8
42358,2,2
42359,0,6
42360,5,5
42361,2,2
42362,7,7
42363,1,3
42364,3,5
42365,5,6
42366,2,3
42367,3,4
42368,4,4
42369,2,5
42370,4,4
42371,6,8
42372,2,2
42373,3,7
42374,2,2
42375,3,4
42376,2,2
42377,0,4
42378,2,5
42379,2,2
42380,3,5
42381,2,3
42382,5,9
42383,4,5
42384,6,6
42385,4,6
42386,5,6
42387,4,4
42388,3,3
42389,7,9
42390,7,7
42391,1,5
42392,2,5
42393,4,5
42394,5,6
42395,6,7
42396,2,2
42397,7,7
42398,2,3
42399,2,2
42400,2,2
42401,0,4
42402,3,8
42403,3,7
42404,3,3
42405,4,6
42406,3,3
42407,1,2
42408,2,2
42409,4,5
42410,4,4
42411,4,5
42412,3,3
42413,3,5
42414,4,4
42415,4,8
42416,5,5
42417,3,6
42418,4,4
42419,0,3
42420,3,3
42421,1,2
42422,2,7
42423,0,3
42424,4,7
42425,3,5
42426,2,2
42427,1,7
42428,2,2
42429,3,6
42430,6,6
42431,0,2
42432,5,5
42433,6,7
42434,1,1
42435,6,7
42436,5,5
42437,0,5
42438,4,4
42439,1,4
42440,3,5
42441,3,4
42442,2,4
42443,5,7
42444,8,8
42445,1,3
42446,6,6
42447,1,7
42448,2,6
42449,2,7
42450,4,4
42451,1,6
42452,3,6
42453,3,3
42454,6,6
42455,3,6
42456,2,2
42457,0,4
42458,3,3
42459,3,5
42460,7,7
42461,4,5
42462,5,9
42463,1,5
42464,4,5
42465,3,3
42466,3,3
42467,4,4
42468,5,5
42469,0,2
42470,2,2
42471,5,6
42472,5,6
42473,2,4
42474,5,5
42475,4,5
42476,5,5
42477,3,3
42478,6,7
42479,4,5
42480,4,4
42481,3,5
42482,2,6
42483,1,6
42484,3,8
42485,6,6
42486,7,7
42487,2,4
42488,4,7
42489,2,4
42490,4,4
42491,4,7
42492,4,6
42493,7,7
42494,4,4
42495,5,6
42496,8,8
42497,2,8
42498,6,7
42499,3,5
42500,4,6
42501,3,4
42502,2,2
42503,3,6
42504,2,2
42505,1,3
42506,3,3
42507,4,6
42508,5,5
42509,4,4
42510,2,2
42511,2,3
42512,4,5
42513,1,4
42514,3,3
42515,2,6
42516,5,6
42517,1,3
42518,1,1
42519,2,2
42520,4,4
42521,1,6
42522,2,2
42523,0,2
42524,3,3
42525,2,4
42526,5,5
42527,0,7
42528,4,5
42529,3,5
42530,4,5
42531,1,2
42532,3,3
42533,1,2
42534,3,6
42535,2,2
42536,4,4
42537,0,2
42538,2,2
42539,6,8
42540,4,4
42541,4,5
42542,2,7
42543,3,7
42544,5,5
42545,4,4
42546,2,2
42547,6,7
42548,3,3
42549,5,6
42550,2,5
42551,1,4
42552,2,2
42553,6,7
42554,7,8
42555,3,6
42556,8,8
42557,5,7
42558,2,2
42559,3,6
42560,4,5
42561,1,5
42562,5,5
42563,6,8
42564,4,4
42565,0,7
42566,3,7
42567,1,2
42568,3,3
42569,3,8
42570,6,6
42571,4,6
42572,7,7
42573,0,6
42574,7,8
42575,2,3
42576,3,3
42577,2,3
42578,5,7
42579,1,2
42580,1,1
42581,2,3
42582,7,7
42583,5,8
42584,3,4
42585,0,5
42586,2,2
42587,0,3
42588,4,7
42589,3,4
42590,4,7
42591,2,4
42592,7,7
42593,2,5
42594,2,2
42595,3,4
42596,5,5
42597,2,8
42598,5,5
42599,0,7
42600,6,6
42601,1,2
42602,2,7
42603,1,2
42604,7,7
42605,0,2
42606,5,5
42607,2,2
42608,4,4
42609,2,2
42610,6,7
42611,4,6
42612,6,6
42613,2,5
42614,4,4
42615,5,7
42616,3,3
42617,0,4
42618,5,7
42619,3,4
42620,4,4
42621,0,3
42622,5,5
42623,2,2
42624,6,6
42625,1,7
42626,4,4
42627,3,8
42628,2,2
42629,4,5
42630,7,7
42631,0,6
42632,2,2
42633,0,2
42634,2,2
42635,1,4
42636,7,7
42637,0,5
42638,2,3
42639,2,4
42640,5,5
42641,4,4
42642,2,9
42643,4,7
42644,2,2
42645,1,3
42646,7,7
42647,2,3
42648,5,6
42649,2,2
42650,3,4
42651,2,8
42652,3,3
42653,4,5
42654,4,4
42655,5,8
42656,5,5
42657,1,6
42658,3,3
42659,2,5
42660,3,3
42661,2,3
42662,4,4
42663,0,2
42664,6,6
42665,1,2
42666,2,2
42667,3,3
42668,3,3
42669,1,4
42670,2,5
42671,2,4
42672,5,5
42673,0,5
42674,8,9
42675,2,2
42676,5,5
42677,3,5
42678,2,2
42679,4,7
42680,2,2
42681,2,2
42682,2,2
42683,4,5
42684,4,4
42685,4,5
42686,6,6
42687,2,2
42688,7,9
42689,4,5
42690,1,1
42691,3,3
42692,4,4
42693,0,2
42694,6,6
42695,0,3
42696,4,4
42697,4,4
42698,2,3
42699,1,3
42700,6,6
42701,8,9
42702,3,5
42703,2,2
42704,5,5
42705,2,2
42706,5,5
42707,6,8
42708,3,4
42709,2,5
42710,3,3
42711,5,6
42712,2,2
42713,2,4
42714,3,3
42715,1,4
42716,2,3
42717,2,5
42718,6,7
42719,5,7
42720,3,6
42721,1,7
42722,4,4
42723,5,5
42724,3,3
42725,7,8
42726,4,7
42727,7,8
42728,6,6
42729,3,5
42730,2,5
42731,0,4
42732,2,2
42733,0,3
42734,5,7
42735,2,3
42736,3,4
42737,0,3
42738,8,8
42739,3,3
42740,1,1
42741,2,3
42742,4,5
42743,2,2
42744,2,2
42745,3,4
42746,2,3
42747,1,3
42748,6,6
42749,2,2
42750,7,7
42751,3,4
42752,6,6
42753,2,4
42754,5,5
42755,3,4
42756,6,6
42757,3,5
42758,2,2
42759,2,4
42760,6,6
42761,1,9
42762,4,4
42763,0,5
42764,2,4
42765,0,3
42766,5,5
42767,2,6
42768,6,6
42769,0,1
42770,3,4
42771,6,7
42772,2,2
42773,1,4
42774,2,4
42775,0,7
42776,2,2
42777,1,2
42778,5,6
42779,4,4
42780,3,3
42781,3,4
42782,3,3
42783,1,3
42784,4,6
42785,3,5
42786,3,5
42787,5,7
42788,2,2
42789,3,5
42790,4,5
42791,2,3
42792,3,3
42793,1,4
42794,6,6
42795,3,5
42796,5,7
42797,0,6
42798,2,5
42799,4,5
42800,6,6
42801,3,5
42802,5,5
42803,2,2
42804,5,7
42805,6,6
42806,4,4
42807,3,5
42808,2,7
42809,2,7
42810,5,5
42811,2,2
42812,3,3
42813,2,2
42814,4,4
42815,2,2
42816,7,7
42817,7,8
42818,2,3
42819,4,5
42820,3,3
42821,6,7
42822,5,6
42823,2,3
42824,8,8
42825,2,3
42826,8,8
42827,3,5
42828,7,8
42829,1,6
42830,3,3
42831,2,7
42832,5,7
42833,2,2
42834,2,3
42835,4,9
42836,3,4
42837,0,7
42838,3,6
42839,7,8
42840,5,5
42841,4,5
42842,2,8
42843,3,4
42844,4,7
42845,3,7
42846,2,2
42847,0,6
42848,2,7
42849,2,2
42850,7,7
42851,3,7
42852,6,7
42853,2,4
42854,6,6
42855,3,5
42856,8,8
42857,2,6
42858,3,3
42859,2,5
42860,4,6
42861,0,4
42862,2,2
42863,1,3
42864,3,3
42865,5,6
42866,7,9
42867,3,7
42868,5,5
42869,2,2
42870,7,8
42871,3,5
42872,4,5
42873,0,2
42874,3,7
42875,0,3
42876,4,4
42877,7,7
42878,4,4
42879,2,2
42880,5,7
42881,4,7
42882,3,4
42883,2,4
42884,5,7
42885,3,5
42886,3,3
42887,1,7
42888,3,5
42889,4,4
42890,4,4
42891,5,5
42892,5,5
42893,1,8
42894,7,7
42895,3,7
42896,5,5
42897,4,5
42898,3,3
42899,3,4
42900,6,6
42901,2,5
42902,3,3
42903,1,1
42904,4,4
42905,3,6
42906,2,2
42907,5,8
42908,3,3
42909,1,3
42910,2,6
42911,2,2
42912,5,5
42913,1,5
42914,7,7
42915,3,8
42916,4,7
42917,1,2
42918,2,6
42919,2,2
42920,4,5
42921,1,3
42922,5,5
42923,3,5
42924,4,4
42925,3,6
42926,5,5
42927,0,5
42928,5,5
42929,2,3
42930,7,7
42931,4,10
42932,6,6
42933,5,5
42934,3,3
42935,1,3
42936,2,2
42937,5,7
42938,3,3
42939,2,2
42940,5,5
42941,6,7
42942,5,5
42943,2,7
42944,4,7
42945,7,8
42946,5,5
42947,0,1
42948,3,3
42949,5,7
42950,2,2
42951,0,4
42952,3,3
42953,3,7
42954,2,2
42955,4,5
42956,2,2
42957,4,4
42958,4,8
42959,1,2
42960,7,9
42961,1,5
42962,5,5
42963,6,7
42964,2,7
42965,1,2
42966,2,2
42967,0,4
42968,2,2
42969,2,7
42970,2,2
42971,3,3
42972,8,8
42973,0,2
42974,3,3
42975,2,5
42976,3,4
42977,2,5
42978,3,5
42979,2,5
42980,3,3
42981,3,6
42982,4,8
42983,1,5
42984,3,4
42985,2,5
42986,4,4
42987,0,6
42988,4,4
42989,4,8
42990,6,8
42991,0,3
42992,5,5
42993,1,6
42994,6,7
42995,2,3
42996,8,8
42997,4,9
42998,2,2
42999,2,2
43000,6,6
43001,0,3
43002,2,3
43003,5,6
43004,4,4
43005,0,6
43006,5,6
43007,5,7
43008,2,8
43009,1,2
43010,3,6
43011,1,2
43012,4,7
43013,6,6
43014,4,4
43015,4,7
43016,5,6
43017,1,5
43018,2,2
43019,2,3
43020,7,7
43021,1,1
43022,6,6
43023,1,3
43024,3,3
43025,4,6
43026,5,6
43027,6,8
43028,2,2
43029,2,2
43030,3,3
43031,5,7
43032,3,3
43033,2,2
43034,8,8
43035,1,6
43036,6,6
43037,3,4
43038,2,2
43039,5,7
43040,5,5
43041,3,5
43042,2,6
43043,4,5
43044,2,3
43045,3,3
43046,2,2
43047,0,8
43048,7,7
43049,1,3
43050,4,5
43051,1,7
43052,4,4
43053,3,5
43054,5,6
43055,1,2
43056,5,5
43057,1,6
43058,4,4
43059,2,3
43060,4,4
43061,3,7
43062,4,4
43063,1,5
43064,3,5
43065,7,8
43066,2,2
43067,0,2
43068,5,5
43069,1,7
43070,3,3
43071,3,4
43072,3,3
43073,5,7
43074,3,3
43075,4,4
43076,3,3
43077,4,6
43078,3,3
43079,6,6
43080,4,5
43081,2,3
43082,4,4
43083,2,7
43084,6,7
43085,0,6
43086,5,8
43087,2,3
43088,2,7
43089,0,4
43090,2,2
43091,1,4
43092,2,3
43093,5,7
43094,4,4
43095,7,8
43096,6,6
43097,0,2
43098,4,7
43099,3,6
43100,8,8
43101,2,2
43102,7,7
43103,4,7
43104,4,4
43105,3,5
43106,3,3
43107,4,8
43108,3,3
43109,2,3
43110,2,2
43111,3,7
43112,4,4
43113,5,5
43114,4,6
43115,3,4
43116,6,6
43117,2,2
43118,8,8
43119,5,5
43120,3,6
43121,5,5
43122,4,6
43123,1,4
43124,3,5
43125,5,5
43126,2,2
43127,4,8
43128,2,2
43129,1,4
43130,2,2
43131,2,5
43132,3,3
43133,3,3
43134,3,3
43135,3,3
43136,2,7
43137,1,3
43138,4,5
43139,2,8
43140,4,4
43141,9,9
43142,2,2
43143,5,6
43144,5,6
43145,3,3
43146,4,7
43147,0,4
43148,2,4
43149,1,1
43150,3,3
43151,0,4
43152,3,8
43153,1,2
43154,3,3
43155,4,6
43156,3,6
43157,1,2
43158,3,3
43159,2,8
43160,3,8
43161,2,2
43162,2,2
43163,0,2
43164,4,6
43165,1,2
43166,6,6
43167,1,2
43168,2,7
43169,2,3
43170,6,6
43171,3,4
43172,6,6
43173,3,3
43174,4,5
43175,5,7
43176,4,4
43177,2,6
43178,3,3
43179,1,4
43180,3,3
43181,1,3
43182,5,8
43183,7,8
43184,2,2
43185,4,6
43186,2,2
43187,3,5
43188,2,2
43189,2,2
43190,3,6
43191,0,5
43192,2,2
43193,2,3
43194,2,2
43195,2,7
43196,7,8
43197,5,6
43198,2,2
43199,0,2
43200,4,5
43201,4,5
43202,5,7
43203,1,2
43204,3,4
43205,2,3
43206,5,5
43207,1,2
43208,3,3
43209,1,5
43210,7,7
43211,8,9
43212,3,4
43213,4,9
43214,4,4
43215,2,4
43216,6,8
43217,3,7
43218,2,3
43219,0,2
43220,4,4
43221,0,3
43222,2,2
43223,2,2
43224,7,8
43225,2,3
43226,3,5
43227,2,5
43228,4,7
43229,4,5
43230,4,5
43231,3,6
43232,7,7
43233,7,8
43234,8,8
43235,5,7
43236,7,7
43237,2,2
43238,5,5
43239,3,4
43240,2,2
43241,2,2
43242,5,5
43243,1,7
43244,8,8
43245,2,6
43246,6,6
43247,2,4
43248,2,6
43249,2,3
43250,4,7
43251,2,2
43252,3,4
43253,6,6
43254,2,2
43255,1,4
43256,2,2
43257,0,8
43258,7,7
43259,5,6
43260,2,2
43261,2,8
43262,3,3
43263,0,3
43264,2,6
43265,6,8
43266,3,3
43267,0,3
43268,3,3
43269,5,8
43270,2,2
43271,3,5
43272,4,6
43273,3,5
43274,5,5
43275,5,6
43276,3,5
43277,1,8
43278,5,8
43279,2,3
43280,6,7
43281,3,8
43282,3,8
43283,3,5
43284,6,6
43285,5,7
43286,5,5
43287,1,5
43288,3,3
43289,3,3
43290,2,2
43291,5,8
43292,3,3
43293,4,8
43294,4,7
43295,0,2
43296,4,5
43297,3,6
43298,4,4
43299,4,6
43300,4,6
43301,4,7
43302,3,3
43303,3,3
43304,4,4
43305,2,2
43306,5,5
43307,2,8
43308,2,2
43309,2,7
43310,1,1
43311,0,2
43312,6,6
43313,1,4
43314,6,7
43315,1,8
43316,2,5
43317,8,8
43318,4,4
43319,1,4
43320,4,8
43321,1,5
43322,7,8
43323,1,2
43324,2,7
43325,3,6
43326,4,4
43327,1,3
43328,6,7
43329,2,2
43330,5,5
43331,5,6
43332,3,3
43333,3,5
43334,8,8
43335,1,2
43336,2,2
43337,5,6
43338,3,3
43339,4,6
43340,3,3
43341,5,5
43342,6,6
43343,1,5
43344,2,2
43345,4,5
43346,6,6
43347,4,6
43348,4,4
43349,6,6
43350,7,7
43351,5,8
43352,2,4
43353,2,7
43354,4,6
43355,2,3
43356,8,8
43357,3,7
43358,3,9
43359,5,6
43360,5,7
43361,6,7
43362,4,4
43363,3,7
43364,4,5
43365,3,4
43366,4,4
43367,3,8
43368,2,2
43369,4,4
43370,3,3
43371,6,8
43372,7,7
43373,2,6
43374,2,6
43375,0,5
43376,2,2
43377,4,7
43378,4,4
43379,3,3
43380,3,7
43381,1,8
43382,4,9
43383,2,2
43384,4,4
43385,3,8
43386,3,8
43387,5,6
43388,5,5
43389,1,5
43390,6,7
43391,3,4
43392,4,6
43393,4,8
43394,3,3
43395,2,2
43396,6,6
43397,0,3
43398,3,3
43399,1,3
43400,7,8
43401,2,5
43402,5,6
43403,2,8
43404,2,2
43405,1,2
43406,7,7
43407,4,6
43408,5,6
43409,1,2
43410,3,3
43411,3,3
43412,3,3
43413,2,2
43414,2,2
43415,6,7
43416,7,7
43417,4,4
43418,5,6
43419,4,6
43420,2,2
43421,2,2
43422,5,5
43423,4,7
43424,4,4
43425,2,3
43426,4,4
43427,4,4
43428,7,7
43429,5,8
43430,5,7
43431,1,4
43432,2,2
43433,4,8
43434,2,6
43435,8,11
43436,3,3
43437,2,3
43438,3,3
43439,0,8
43440,5,5
43441,6,7
43442,7,7
43443,3,7
43444,4,5
43445,3,5
43446,5,5
43447,3,4
43448,4,4
43449,5,7
43450,2,2
43451,3,4
43452,6,7
43453,4,7
43454,4,4
43455,3,5
43456,4,4
43457,6,6
43458,3,3
43459,2,4
43460,2,2
43461,6,7
43462,2,2
43463,3,3
43464,2,2
43465,2,3
43466,5,5
43467,1,5
43468,3,3
43469,1,3
43470,2,3
43471,1,6
43472,5,6
43473,1,2
43474,3,3
43475,0,6
43476,4,4
43477,0,2
43478,4,8
43479,4,4
43480,2,2
43481,0,6
43482,3,3
43483,2,4
43484,4,6
43485,2,2
43486,3,3
43487,3,8
43488,4,4
43489,0,2
43490,3,3
43491,2,2
43492,4,4
43493,1,6
43494,6,6
43495,0,2
43496,3,3
43497,6,6
43498,8,8
43499,4,5
43500,2,8
43501,3,7
43502,2,2
43503,3,4
43504,4,6
43505,1,3
43506,5,5
43507,4,6
43508,2,2
43509,4,6
43510,6,6
43511,2,5
43512,3,3
43513,3,4
43514,3,3
43515,4,5
43516,4,5
43517,4,7
43518,6,6
43519,3,5
43520,3,7
43521,2,2
43522,3,3
43523,5,7
43524,3,3
43525,7,7
43526,2,2
43527,1,3
43528,6,6
43529,3,7
43530,2,2
43531,3,5
43532,4,4
43533,2,2
43534,7,7
43535,3,5
43536,3,5
43537,3,3
43538,2,2
43539,3,6
43540,7,7
43541,0,8
43542,2,3
43543,7,7
43544,5,5
43545,1,3
43546,2,2
43547,2,2
43548,2,2
43549,2,5
43550,4,6
43551,2,7
43552,2,2
43553,2,3
43554,2,2
43555,1,3
43556,3,4
43557,3,5
43558,6,6
43559,2,2
43560,2,2
43561,2,3
43562,6,7
43563,5,7
43564,4,7
43565,4,4
43566,7,7
43567,4,4
43568,4,5
43569,4,5
43570,5,7
43571,5,7
43572,5,5
43573,3,4
43574,2,2
43575,3,5
43576,3,3
43577,4,5
43578,4,4
43579,3,5
43580,3,5
43581,1,3
43582,3,3
43583,2,2
43584,5,8
43585,3,5
43586,2,3
43587,4,4
43588,4,7
43589,2,2
43590,2,4
43591,2,2
43592,4,4
43593,3,7
43594,3,5
43595,3,7
43596,3,3
43597,1,4
43598,6,6
43599,5,6
43600,3,6
43601,4,9
43602,3,3
43603,2,4
43604,6,7
43605,3,3
43606,2,6
43607,3,3
43608,5,5
43609,1,5
43610,6,6
43611,1,8
43612,4,7
43613,1,2
43614,5,6
43615,0,3
43616,4,4
43617,4,7
43618,4,5
43619,3,3
43620,4,4
43621,1,7
43622,6,6
43623,2,2
43624,2,5
43625,0,5
43626,3,4
43627,1,3
43628,1,1
43629,5,5
43630,2,2
43631,3,7
43632,7,7
43633,0,4
43634,3,3
43635,2,3
43636,3,4
43637,1,2
43638,4,4
43639,5,7
43640,3,3
43641,2,3
43642,6,7
43643,1,4
43644,2,2
43645,0,4
43646,3,4
43647,3,3
43648,4,6
43649,2,2
43650,3,3
43651,2,2
43652,3,3
43653,3,3
43654,2,7
43655,5,7
43656,3,8
43657,3,5
43658,2,5
43659,2,3
43660,2,4
43661,6,7
43662,5,6
43663,2,2
43664,3,6
43665,3,3
43666,2,2
43667,5,5
43668,3,3
43669,3,6
43670,2,2
43671,1,1
43672,2,3
43673,0,4
43674,2,7
43675,2,2
43676,3,7
43677,5,5
43678,2,7
43679,1,1
43680,6,7
43681,1,2
43682,3,3
43683,0,2
43684,6,6
43685,2,3
43686,6,6
43687,3,4
43688,8,8
43689,2,4
43690,2,2
43691,3,3
43692,4,4
43693,1,2
43694,3,3
43695,2,2
43696,7,7
43697,0,3
43698,1,1
43699,4,6
43700,4,4
43701,1,5
43702,3,3
43703,1,7
43704,2,2
43705,2,3
43706,2,6
43707,0,7
43708,1,1
43709,2,3
43710,3,4
43711,4,5
43712,7,7
43713,2,3
43714,5,5
43715,3,4
43716,3,3
43717,3,3
43718,3,8
43719,1,5
43720,2,2
43721,2,4
43722,3,7
43723,0,2
43724,2,2
43725,0,3
43726,5,7
43727,1,7
43728,5,6
43729,0,2
43730,5,5
43731,2,2
43732,3,3
43733,1,2
43734,3,3
43735,2,3
43736,8,8
43737,1,5
43738,2,2
43739,5,6
43740,6,7
43741,7,8
43742,2,2
43743,4,7
43744,5,5
43745,3,6
43746,2,6
43747,2,4
43748,4,4
43749,3,3
43750,2,2
43751,2,2
43752,2,2
43753,6,8
43754,8,8
43755,0,2
43756,3,3
43757,0,5
43758,3,6
43759,3,6
43760,4,7
43761,5,6
43762,4,4
43763,4,6
43764,2,2
43765,4,4
43766,5,5
43767,2,4
43768,2,7
43769,1,2
43770,3,5
43771,0,6
43772,4,4
43773,2,7
43774,7,7
43775,3,4
43776,7,7
43777,3,7
43778,6,6
43779,0,7
43780,4,5
43781,0,6
43782,3,3
43783,7,7
43784,2,2
43785,6,7
43786,4,4
43787,0,2
43788,6,6
43789,0,6
43790,3,4
43791,0,2
43792,4,5
43793,2,3
43794,2,6
43795,0,1
43796,7,7
43797,4,4
43798,6,7
43799,4,7
43800,6,6
43801,2,6
43802,3,3
43803,5,7
43804,5,7
43805,2,3
43806,4,7
43807,7,8
43808,5,5
43809,3,7
43810,1,1
43811,6,8
43812,3,5
43813,3,3
43814,4,4
43815,5,6
43816,5,6
43817,7,8
43818,5,8
43819,5,6
43820,4,4
43821,3,5
43822,2,2
43823,0,5
43824,2,2
43825,0,9
43826,5,5
43827,1,3
43828,4,4
43829,6,7
43830,2,2
43831,2,3
43832,6,6
43833,2,4
43834,3,3
43835,2,3
43836,6,7
43837,3,6
43838,2,2
43839,6,6
43840,7,7
43841,5,7
43842,2,2
43843,3,5
43844,3,7
43845,6,7
43846,2,5
43847,3,6
43848,2,7
43849,3,7
43850,6,6
43851,5,7
43852,6,7
43853,1,8
43854,2,6
43855,3,7
43856,3,4
43857,3,5
43858,3,3
43859,3,6
43860,5,5
43861,0,4
43862,4,4
43863,1,2
43864,7,7
43865,3,7
43866,3,3
43867,2,4
43868,2,2
43869,4,4
43870,7,7
43871,0,8
43872,2,4
43873,4,5
43874,4,6
43875,2,3
43876,2,2
43877,0,3
43878,7,7
43879,2,3
43880,5,7
43881,6,7
43882,5,5
43883,2,4
43884,2,7
43885,2,3
43886,4,4
43887,2,5
43888,6,6
43889,1,3
43890,7,8
43891,4,6
43892,4,4
43893,3,3
43894,7,7
43895,0,8
43896,3,5
43897,2,2
43898,7,7
43899,2,2
43900,3,6
43901,4,5
43902,6,8
43903,4,6
43904,3,3
43905,1,2
43906,2,5
43907,2,3
43908,3,3
43909,0,3
43910,6,6
43911,0,5
43912,6,8
43913,0,4
43914,2,2
43915,1,7
43916,7,7
43917,2,7
43918,2,2
43919,3,5
43920,5,8
43921,2,2
43922,2,2
43923,0,3
43924,2,4
43925,1,2
43926,5,6
43927,4,8
43928,5,5
43929,3,7
43930,2,3
43931,6,8
43932,4,4
43933,2,2
43934,3,3
43935,2,7
43936,3,7
43937,4,6
43938,6,6
43939,1,2
43940,5,5
43941,1,6
43942,4,4
43943,2,4
43944,4,6
43945,2,4
43946,6,7
43947,1,6
43948,3,7
43949,4,6
43950,6,6
43951,4,5
43952,3,6
43953,0,5
43954,3,4
43955,1,1
43956,5,5
43957,1,4
43958,2,2
43959,4,4
43960,4,7
43961,4,4
43962,4,5
43963,0,3
43964,2,2
43965,3,3
43966,6,6
43967,4,7
43968,7,7
43969,1,2
43970,2,2
43971,4,6
43972,4,7
43973,3,3
43974,3,3
43975,6,6
43976,5,5
43977,3,5
43978,2,2
43979,5,5
43980,6,6
43981,1,2
43982,2,2
43983,3,6
43984,2,5
43985,2,6
43986,3,3
43987,1,3
43988,6,6
43989,1,5
43990,2,2
43991,4,5
43992,3,3
43993,2,2
43994,3,3
43995,2,3
43996,3,7
43997,3,5
43998,2,2
43999,4,7
44000,2,3
44001,1,3
44002,4,8
44003,1,2
44004,2,3
44005,1,6
44006,3,3
44007,6,6
44008,4,7
44009,5,6
44010,4,4
44011,2,2
44012,3,5
44013,5,6
44014,3,3
44015,2,2
44016,3,3
44017,2,3
44018,2,2
44019,2,2
44020,3,3
44021,3,6
44022,4,4
44023,5,7
44024,7,8
44025,0,2
44026,3,3
44027,1,2
44028,5,5
44029,2,5
44030,4,5
44031,4,5
44032,4,4
44033,2,2
44034,3,3
44035,2,2
44036,7,7
44037,1,6
44038,6,8
44039,5,6
44040,2,8
44041,1,5
44042,6,6
44043,2,5
44044,3,3
44045,3,5
44046,3,3
44047,0,2
44048,2,5
44049,1,2
44050,6,6
44051,4,7
44052,5,6
44053,3,3
44054,3,3
44055,1,5
44056,4,4
44057,3,5
44058,2,2
44059,3,5
44060,2,2
44061,5,7
44062,2,2
44063,2,8
44064,3,3
44065,3,6
44066,4,5
44067,3,4
44068,1,1
44069,2,5
44070,5,5
44071,0,5
44072,3,4
44073,2,4
44074,2,2
44075,5,8
44076,4,4
44077,0,3
44078,2,3
44079,4,4
44080,2,2
44081,4,6
44082,2,2
44083,6,9
44084,2,2
44085,4,6
44086,5,7
44087,2,5
44088,6,6
44089,2,2
44090,4,4
44091,3,7
44092,3,4
44093,4,4
44094,6,6
44095,2,3
44096,5,5
44097,2,2
44098,7,7
44099,1,2
44100,4,4
44101,3,5
44102,2,6
44103,3,3
44104,3,4
44105,3,7
44106,2,5
44107,0,2
44108,7,7
44109,3,3
44110,5,5
44111,3,4
44112,5,5
44113,3,4
44114,2,2
44115,5,7
44116,2,6
44117,0,5
44118,5,5
44119,2,4
44120,2,3
44121,4,4
44122,2,4
44123,0,4
44124,4,4
44125,2,3
44126,5,5
44127,5,6
44128,6,6
44129,5,6
44130,4,7
44131,4,6
44132,3,4
44133,1,7
44134,3,3
44135,0,5
44136,3,3
44137,2,3
44138,2,6
44139,2,4
44140,4,6
44141,3,5
44142,3,3
44143,3,3
44144,2,2
44145,2,2
44146,3,3
44147,7,8
44148,5,5
44149,3,5
44150,5,6
44151,6,6
44152,7,7
44153,2,6
44154,2,6
44155,4,5
44156,6,6
44157,4,5
44158,3,3
44159,1,8
44160,4,4
44161,0,5
44162,4,4
44163,5,7
44164,4,4
44165,3,9
44166,4,5
44167,4,4
44168,4,5
44169,1,2
44170,2,5
44171,3,4
44172,2,2
44173,3,3
44174,2,2
44175,3,3
44176,3,5
44177,3,4
44178,7,8
44179,5,5
44180,2,2
44181,5,8
44182,3,4
44183,3,5
44184,4,4
44185,4,4
44186,3,4
44187,2,3
44188,3,6
44189,1,2
44190,4,7
44191,0,5
44192,2,7
44193,1,6
44194,4,4
44195,2,4
44196,5,5
44197,0,2
44198,6,6
44199,3,5
44200,2,2
44201,2,2
44202,7,7
44203,0,7
44204,4,5
44205,0,4
44206,5,5
44207,4,4
44208,3,5
44209,2,6
44210,7,7
44211,4,7
44212,2,3
44213,2,6
44214,6,6
44215,3,4
44216,3,6
44217,4,4
44218,2,2
44219,6,6
44220,2,2
44221,3,5
44222,2,5
44223,4,7
44224,2,7
44225,5,8
44226,4,4
44227,2,4
44228,5,5
44229,2,3
44230,8,8
44231,0,3
44232,5,6
44233,0,4
44234,5,5
44235,3,7
44236,7,7
44237,2,5
44238,2,2
44239,3,4
44240,3,6
44241,2,8
44242,3,5
44243,4,5
44244,5,6
44245,1,6
44246,2,2
44247,6,7
44248,2,3
44249,7,7
44250,2,5
44251,2,8
44252,3,3
44253,2,5
44254,5,5
44255,2,4
44256,2,2
44257,5,7
44258,5,5
44259,0,4
44260,8,8
44261,5,5
44262,4,4
44263,4,7
44264,2,3
44265,2,2
44266,3,7
44267,2,6
44268,2,2
44269,1,3
44270,4,6
44271,0,5
44272,2,7
44273,1,2
44274,6,6
44275,4,6
44276,2,2
44277,2,3
44278,3,7
44279,1,3
44280,9,9
44281,4,5
44282,2,2
44283,1,3
44284,5,5
44285,7,8
44286,5,5
44287,4,6
44288,3,5
44289,4,5
44290,2,2
44291,2,8
44292,4,5
44293,4,8
44294,4,4
44295,1,2
44296,6,6
44297,6,6
44298,4,4
44299,3,6
44300,2,2
44301,6,7
44302,6,6
44303,1,5
44304,4,4
44305,0,4
44306,2,2
44307,2,3
44308,3,3
44309,1,5
44310,4,6
44311,0,5
44312,5,5
44313,6,7
44314,5,5
44315,5,7
44316,2,2
44317,2,5
44318,7,7
44319,3,5
44320,3,3
44321,1,2
44322,5,5
44323,3,6
44324,2,4
44325,3,5
44326,6,6
44327,1,2
44328,5,6
44329,3,7
44330,3,4
44331,2,7
44332,4,4
44333,0,4
44334,2,2
44335,1,6
44336,8,8
44337,3,6
44338,3,4
44339,1,4
44340,2,2
44341,7,8
44342,2,5
44343,5,7
44344,3,5
44345,4,4
44346,6,6
44347,2,3
44348,2,2
44349,4,5
44350,3,8
44351,0,3
44352,3,7
44353,5,5
44354,8,8
44355,3,8
44356,2,2
44357,0,2
44358,2,4
44359,5,7
44360,2,2
44361,5,7
44362,7,7
44363,1,5
44364,3,6
44365,2,5
44366,2,8
44367,5,5
44368,4,7
44369,1,6
44370,6,7
44371,0,2
44372,4,6
44373,4,5
44374,2,2
44375,1,7
44376,4,4
44377,4,5
44378,2,2
44379,3,3
44380,3,5
44381,1,3
44382,5,6
44383,1,6
44384,6,7
44385,4,7
44386,5,5
44387,5,6
44388,6,6
44389,1,7
44390,5,5
44391,2,5
44392,7,8
44393,3,7
44394,5,5
44395,2,3
44396,3,3
44397,2,7
44398,5,7
44399,3,4
44400,5,6
44401,2,4
44402,5,5
44403,4,5
44404,4,4
44405,4,6
44406,4,4
44407,2,2
44408,3,8
44409,2,5
44410,2,2
44411,1,2
44412,2,2
44413,3,3
44414,6,6
44415,1,7
44416,4,4
44417,5,7
44418,2,4
44419,2,2
44420,7,7
44421,2,3
44422,3,3
44423,2,6
44424,2,2
44425,3,5
44426,1,1
44427,2,2
44428,6,6
44429,7,7
44430,4,6
44431,0,4
44432,2,2
44433,3,3
44434,2,4
44435,3,7
44436,3,7
44437,0,3
44438,5,5
44439,2,2
44440,2,3
44441,4,6
44442,4,4
44443,4,5
44444,6,6
44445,1,6
44446,3,5
44447,5,7
44448,3,3
44449,2,3
44450,3,3
44451,4,5
44452,3,6
44453,2,2
44454,4,6
44455,0,8
44456,2,2
44457,1,3
44458,5,5
44459,5,7
44460,4,5
44461,1,2
44462,8,8
44463,2,5
44464,4,4
44465,4,5
44466,2,3
44467,4,5
44468,5,5
44469,2,3
44470,3,7
44471,5,7
44472,3,7
44473,1,3
44474,5,5
44475,3,3
44476,5,5
44477,2,4
44478,4,4
44479,3,5
44480,4,4
44481,2,2
44482,3,3
44483,0,4
44484,3,3
44485,1,2
44486,2,2
44487,5,5
44488,4,4
44489,3,7
44490,2,6
44491,3,4
44492,5,6
44493,3,3
44494,2,3
44495,2,5
44496,7,7
44497,1,6
44498,3,3
44499,4,5
44500,2,2
44501,6,7
44502,6,6
44503,3,4
44504,2,2
44505,2,2
44506,8,8
44507,1,2
44508,4,4
44509,2,3
44510,4,4
44511,3,3
44512,6,8
44513,3,4
44514,2,5
44515,1,2
44516,3,3
44517,2,2
44518,3,3
44519,3,5
44520,3,4
44521,2,7
44522,2,2
44523,6,7
44524,3,3
44525,3,3
44526,6,6
44527,2,2
44528,4,5
44529,3,4
44530,2,2
44531,1,2
44532,2,2
44533,5,5
44534,2,2
44535,2,3
44536,3,9
44537,1,5
44538,2,2
44539,2,2
44540,6,6
44541,2,2
44542,6,6
44543,2,3
44544,6,8
44545,0,2
44546,2,2
44547,0,6
44548,3,3
44549,3,7
44550,3,4
44551,0,2
44552,3,8
44553,0,8
44554,6,6
44555,2,2
44556,2,4
44557,3,3
44558,7,7
44559,3,3
44560,4,4
44561,5,5
44562,3,3
44563,4,4
44564,2,4
44565,0,5
44566,2,2
44567,2,6
44568,2,2
44569,3,5
44570,6,6
44571,1,4
44572,4,6
44573,3,4
44574,2,2
44575,1,3
44576,3,4
44577,4,4
44578,4,5
44579,1,2
44580,5,5
44581,4,7
44582,7,8
44583,4,10
44584,2,2
44585,0,3
44586,3,3
44587,2,6
44588,6,7
44589,2,8
44590,3,3
44591,0,2
44592,2,2
44593,2,2
44594,2,2
44595,3,3
44596,3,3
44597,5,6
44598,5,5
44599,3,7
44600,7,7
44601,5,7
44602,3,4
44603,4,5
44604,2,2
44605,2,2
44606,4,4
44607,4,5
44608,7,7
44609,1,6
44610,5,6
44611,4,8
44612,5,6
44613,2,2
44614,4,7
44615,2,2
44616,6,6
44617,3,6
44618,3,3
44619,5,7
44620,2,7
44621,3,8
44622,6,6
44623,2,4
44624,7,7
44625,6,8
44626,5,5
44627,4,6
44628,4,4
44629,1,3
44630,4,5
44631,3,7
44632,3,3
44633,5,5
44634,2,2
44635,2,5
44636,7,7
44637,4,5
44638,6,6
44639,1,7
44640,3,3
44641,0,6
44642,6,6
44643,1,6
44644,8,8
44645,2,2
44646,2,2
44647,2,6
44648,3,9
44649,1,7
44650,3,4
44651,1,3
44652,2,2
44653,0,2
44654,5,5
44655,5,5
44656,2,2
44657,3,3
44658,2,4
44659,7,7
44660,3,5
44661,3,4
44662,2,2
44663,3,8
44664,5,5
44665,0,3
44666,7,7
44667,1,5
44668,4,5
44669,6,8
44670,4,4
44671,3,5
44672,3,7
44673,8,9
44674,6,8
44675,5,5
44676,6,6
44677,4,7
44678,6,6
44679,4,4
44680,3,3
44681,2,5
44682,6,6
44683,3,5
44684,4,8
44685,6,7
44686,6,6
44687,3,5
44688,5,7
44689,4,7
44690,3,3
44691,2,2
44692,3,7
44693,3,7
44694,2,2
44695,3,8
44696,4,4
44697,2,2
44698,4,6
44699,1,2
44700,3,7
44701,3,6
44702,6,8
44703,1,8
44704,6,6
44705,2,3
44706,7,7
44707,1,4
44708,3,3
44709,6,8
44710,3,3
44711,0,2
44712,7,7
44713,0,6
44714,3,4
44715,2,6
44716,5,5
44717,2,2
44718,4,4
44719,5,6
44720,4,4
44721,6,6
44722,5,7
44723,0,8
44724,5,6
44725,0,5
44726,7,7
44727,2,2
44728,8,8
44729,2,8
44730,4,6
44731,0,1
44732,4,4
44733,4,4
44734,2,6
44735,8,8
44736,4,6
44737,1,6
44738,5,5
44739,5,7
44740,4,4
44741,2,4
44742,2,2
44743,4,4
44744,3,4
44745,3,8
44746,4,6
44747,5,5
44748,7,7
44749,2,4
44750,4,4
44751,2,2
44752,7,7
44753,1,4
44754,3,7
44755,3,4
44756,4,4
44757,0,6
44758,1,1
44759,0,2
44760,4,4
44761,0,3
44762,6,6
44763,3,4
44764,3,3
44765,4,5
44766,6,6
44767,5,5
44768,6,6
44769,0,6
44770,4,4
44771,1,7
44772,3,3
44773,1,2
44774,5,5
44775,3,7
44776,3,7
44777,1,3
44778,3,6
44779,5,7
44780,5,6
44781,3,3
44782,4,4
44783,2,8
44784,3,6
44785,1,3
44786,4,5
44787,0,4
44788,7,7
44789,2,7
44790,4,6
44791,5,8
44792,3,3
44793,1,6
44794,3,3
44795,5,6
44796,5,5
44797,2,3
44798,4,4
44799,0,3
44800,5,5
44801,3,8
44802,5,5
44803,0,8
44804,2,2
44805,6,7
44806,3,3
44807,4,7
44808,5,6
44809,2,3
44810,7,7
44811,1,2
44812,5,7
44813,5,8
44814,3,3
44815,3,4
44816,2,2
44817,3,4
44818,7,7
44819,1,2
44820,3,8
44821,2,7
44822,5,5
44823,3,3
44824,4,4
44825,2,2
44826,4,4
44827,5,5
44828,4,4
44829,5,5
44830,2,2
44831,3,3
44832,2,2
44833,5,7
44834,5,5
44835,8,8
44836,2,3
44837,0,4
44838,2,2
44839,2,4
44840,4,7
44841,2,2
44842,2,3
44843,2,4
44844,4,6
44845,5,5
44846,2,6
44847,6,7
44848,6,6
44849,7,7
44850,4,4
44851,7,8
44852,6,6
44853,4,6
44854,2,2
44855,4,4
44856,5,5
44857,2,5
44858,3,3
44859,1,2
44860,4,4
44861,6,6
44862,2,5
44863,1,3
44864,3,3
44865,3,3
44866,3,3
44867,1,3
44868,5,5
44869,1,2
44870,4,5
44871,2,5
44872,5,5
44873,5,6
44874,3,5
44875,5,8
44876,7,7
44877,1,6
44878,3,3
44879,7,7
44880,7,7
44881,1,7
44882,2,2
44883,6,8
44884,2,3
44885,1,7
44886,8,8
44887,1,4
44888,4,6
44889,0,4
44890,7,7
44891,3,6
44892,7,7
44893,2,2
44894,5,5
44895,2,5
44896,6,6
44897,4,5
44898,2,2
44899,1,4
44900,8,8
44901,0,3
44902,5,5
44903,1,2
44904,2,2
44905,6,8
44906,2,2
44907,5,6
44908,5,9
44909,3,5
44910,6,8
44911,2,2
44912,8,9
44913,1,6
44914,5,6
44915,1,3
44916,3,5
44917,0,6
44918,3,5
44919,2,2
44920,5,5
44921,5,6
44922,5,5
44923,4,8
44924,7,8
44925,1,3
44926,6,6
44927,1,3
44928,3,3
44929,2,2
44930,5,5
44931,2,2
44932,6,6
44933,6,7
44934,2,5
44935,5,6
44936,4,4
44937,2,5
44938,3,5
44939,2,5
44940,6,6
44941,3,5
44942,5,6
44943,0,6
44944,4,5
44945,7,9
44946,3,3
44947,4,5
44948,3,3
44949,2,6
44950,2,2
44951,3,3
44952,3,3
44953,1,2
44954,2,2
44955,3,5
44956,4,5
44957,4,6
44958,4,8
44959,7,9
44960,5,6
44961,2,2
44962,6,7
44963,2,7
44964,3,3
44965,3,7
44966,2,2
44967,4,4
44968,5,5
44969,1,2
44970,5,7
44971,1,4
44972,3,3
44973,7,7
44974,6,6
44975,8,9
44976,6,6
44977,2,3
44978,2,7
44979,4,5
44980,3,3
44981,2,3
44982,7,7
44983,2,2
44984,2,2
44985,3,4
44986,3,3
44987,2,3
44988,4,4
44989,3,5
44990,3,3
44991,3,7
44992,4,4
44993,2,6
44994,3,5
44995,0,7
44996,4,4
44997,3,3
44998,6,7
44999,3,5
45000,5,6
45001,3,5
45002,6,7
45003,1,2
45004,2,2
45005,3,4
45006,2,3
45007,6,6
45008,8,8
45009,3,8
45010,4,4
45011,0,4
45012,4,6
45013,5,6
45014,2,2
45015,0,5
45016,7,7
45017,7,8
45018,7,7
45019,5,6
45020,3,3
45021,3,3
45022,4,6
45023,4,6
45024,4,4
45025,5,7
45026,4,4
45027,0,3
45028,4,5
45029,0,2
45030,3,3
45031,3,5
45032,2,2
45033,3,3
45034,6,6
45035,3,3
45036,6,6
45037,4,7
45038,2,4
45039,1,2
45040,5,5
45041,4,6
45042,3,5
45043,0,6
45044,2,2
45045,5,6
45046,2,5
45047,2,5
45048,3,3
45049,3,8
45050,3,5
45051,1,2
45052,3,3
45053,1,2
45054,6,7
45055,0,5
45056,7,7
45057,1,3
45058,3,5
45059,1,1
45060,4,6
45061,0,5
45062,2,2
45063,3,5
45064,7,7
45065,4,5
45066,2,2
45067,1,2
45068,3,3
45069,5,6
45070,4,4
45071,3,4
45072,5,6
45073,7,7
45074,8,8
45075,3,6
45076,6,6
45077,2,2
45078,4,4
45079,6,8
45080,3,7
45081,0,6
45082,2,2
45083,1,2
45084,5,5
45085,1,2
45086,6,6
45087,1,5
45088,3,3
45089,6,7
45090,7,7
45091,2,2
45092,6,6
45093,5,5
45094,2,8
45095,2,3
45096,2,4
45097,2,3
45098,2,2
45099,2,7
45100,5,5
45101,1,3
45102,7,8
45103,2,4
45104,4,4
45105,1,3
45106,3,3
45107,2,3
45108,6,6
45109,0,2
45110,5,6
45111,2,7
45112,4,4
45113,3,4
45114,5,5
45115,3,4
45116,4,4
45117,2,3
45118,4,5
45119,4,5
45120,3,3
45121,3,7
45122,5,7
45123,3,7
45124,8,8
45125,4,5
45126,4,5
45127,3,5
45128,3,6
45129,6,6
45130,2,2
45131,2,3
45132,6,6
45133,6,7
45134,6,6
45135,4,7
45136,5,6
45137,2,3
45138,3,3
45139,3,5
45140,5,5
45141,1,2
45142,5,5
45143,2,5
45144,2,2
45145,0,3
45146,5,5
45147,2,2
45148,6,7
45149,4,7
45150,2,6
45151,5,5
45152,3,3
45153,3,4
45154,5,5
45155,1,2
45156,2,2
45157,5,6
45158,4,5
45159,3,8
45160,5,5
45161,1,3
45162,7,7
45163,3,6
45164,5,7
45165,2,5
45166,7,8
45167,1,2
45168,4,4
45169,4,4
45170,7,7
45171,4,7
45172,3,6
45173,1,3
45174,9,9
45175,2,2
45176,5,6
45177,4,5
45178,5,7
45179,3,4
45180,7,7
45181,1,5
45182,7,7
45183,3,6
45184,3,3
45185,5,5
45186,5,7
45187,0,3
45188,5,5
45189,1,2
45190,3,3
45191,0,5
45192,3,5
45193,3,5
45194,4,4
45195,2,2
45196,6,6
45197,2,2
45198,3,3
45199,3,6
45200,2,2
45201,0,8
45202,5,5
45203,1,5
45204,2,4
45205,4,5
45206,3,3
45207,2,7
45208,4,4
45209,0,4
45210,3,3
45211,2,2
45212,3,3
45213,3,6
45214,6,8
45215,4,6
45216,2,3
45217,2,7
45218,4,5
45219,3,4
45220,4,5
45221,3,3
45222,3,3
45223,0,7
45224,2,7
45225,4,7
45226,1,1
45227,2,5
45228,6,6
45229,1,6
45230,3,3
45231,2,2
45232,3,4
45233,0,8
45234,5,5
45235,3,5
45236,8,8
45237,4,7
45238,3,4
45239,2,7
45240,3,5
45241,1,4
45242,4,4
45243,6,6
45244,3,5
45245,1,2
45246,7,7
45247,2,2
45248,5,7
45249,2,2
45250,5,6
45251,0,3
45252,4,6
45253,2,3
45254,3,4
45255,0,2
45256,4,4
45257,0,4
45258,4,5
45259,1,8
45260,4,6
45261,3,6
45262,4,5
45263,2,4
45264,3,3
45265,1,2
45266,7,7
45267,4,5
45268,6,7
45269,2,3
45270,3,3
45271,4,5
45272,4,4
45273,2,4
45274,6,6
45275,4,8
45276,2,2
45277,0,1
45278,3,3
45279,2,5
45280,2,2
45281,6,7
45282,3,4
45283,2,6
45284,4,5
45285,2,2
45286,4,6
45287,5,8
45288,5,8
45289,4,7
45290,3,4
45291,1,3
45292,5,7
45293,2,3
45294,3,3
45295,4,6
45296,7,7
45297,1,3
45298,4,5
45299,2,4
45300,6,7
45301,2,5
45302,2,2
45303,3,6
45304,4,4
45305,3,3
45306,4,4
45307,3,3
45308,5,5
45309,2,3
45310,2,2
45311,2,6
45312,5,5
45313,4,7
45314,2,3
45315,1,8
45316,3,5
45317,2,5
45318,4,5
45319,4,7
45320,6,6
45321,3,7
45322,4,7
45323,5,5
45324,6,6
45325,2,7
45326,2,4
45327,4,5
45328,4,4
45329,8,8
45330,5,5
45331,2,4
45332,2,4
45333,1,3
45334,4,5
45335,1,3
45336,4,4
45337,1,3
45338,5,5
45339,2,2
45340,3,7
45341,2,4
45342,4,4
45343,2,5
45344,7,8
45345,1,7
45346,5,5
45347,1,5
45348,6,6
45349,3,4
45350,5,5
45351,3,5
45352,3,8
45353,0,7
45354,5,5
45355,2,5
45356,5,5
45357,2,2
45358,5,5
45359,1,5
45360,3,3
45361,3,5
45362,7,7
45363,7,7
45364,6,6
45365,5,6
45366,3,7
45367,4,7
45368,5,7
45369,4,7
45370,6,6
45371,6,7
45372,3,3
45373,3,3
45374,3,7
45375,3,4
45376,2,2
45377,6,8
45378,3,3
45379,4,5
45380,6,9
45381,3,3
45382,2,2
45383,6,6
45384,7,7
45385,0,3
45386,7,9
45387,2,4
45388,6,6
45389,5,8
45390,5,5
45391,1,8
45392,3,3
45393,3,3
45394,2,2
45395,3,3
45396,4,4
45397,0,2
45398,9,9
45399,0,6
45400,3,3
45401,1,2
45402,4,4
45403,3,7
45404,5,5
45405,4,6
45406,2,3
45407,6,6
45408,6,6
45409,4,6
45410,3,3
45411,0,3
45412,4,5
45413,3,7
45414,8,8
45415,2,6
45416,4,6
45417,6,6
45418,6,6
45419,4,6
45420,2,2
45421,1,8
45422,2,2
45423,1,7
45424,2,2
45425,1,4
45426,6,7
45427,4,8
45428,2,2
45429,4,5
45430,6,8
45431,2,8
45432,3,3
45433,3,7
45434,8,9
45435,5,8
45436,5,5
45437,0,5
45438,2,2
45439,2,3
45440,5,8
45441,3,6
45442,4,4
45443,3,7
45444,7,8
45445,2,6
45446,2,3
45447,7,7
45448,5,5
45449,2,4
45450,2,3
45451,0,2
45452,3,3
45453,1,5
45454,5,5
45455,3,3
45456,3,3
45457,1,3
45458,3,4
45459,2,2
45460,4,4
45461,1,3
45462,4,4
45463,2,3
45464,3,3
45465,4,6
45466,2,2
45467,3,6
45468,6,6
45469,1,7
45470,2,2
45471,0,5
45472,4,5
45473,5,8
45474,2,8
45475,3,8
45476,3,3
45477,2,2
45478,2,7
45479,3,5
45480,7,8
45481,0,5
45482,7,7
45483,0,5
45484,3,3
45485,4,5
45486,7,7
45487,2,4
45488,3,3
45489,4,5
45490,5,5
45491,5,7
45492,7,7
45493,1,4
45494,5,7
45495,4,7
45496,9,10
45497,1,4
45498,2,3
45499,2,2
45500,3,5
45501,4,4
45502,2,2
45503,6,8
45504,2,2
45505,4,7
45506,5,7
45507,0,6
45508,6,7
45509,4,5
45510,2,5
45511,2,3
45512,4,7
45513,2,3
45514,3,4
45515,1,7
45516,7,7
45517,2,5
45518,4,4
45519,4,6
45520,2,6
45521,0,2
45522,3,3
45523,4,6
45524,5,5
45525,4,6
45526,2,3
45527,7,7
45528,5,5
45529,4,5
45530,5,5
45531,7,7
45532,2,2
45533,3,5
45534,5,6
45536,2,4
45537,3,3
45538,3,4
45539,5,6
45540,1,6
45541,3,3
45542,4,7
45543,3,3
45544,3,6
45545,3,3
45546,1,7
45547,6,6
45548,6,8
45549,5,5
45550,3,4
45551,4,4
45552,3,4
45553,7,7
45554,1,2
45555,6,6
45556,3,7
45557,3,8
45558,0,2
45559,4,5
45560,3,4
45561,6,6
45562,2,4
45563,4,4
45564,0,3
45565,3,3
45566,0,2
45567,4,4
45568,4,4
45569,8,8
45570,6,8
45571,6,6
45572,2,4
45573,3,3
45574,5,5
45575,7,8
45576,4,5
45577,2,3
45578,3,8
45579,4,4
45580,5,8
45581,2,2
45582,6,9
45583,4,4
45584,2,2
45585,1,1
45586,1,4
45587,4,5
45588,1,3
45589,3,3
45590,3,7
45591,6,6
45592,3,5
45593,3,4
45594,2,3
45595,4,6
45596,4,6
45597,8,8
45598,2,6
45599,8,8
45600,5,5
45601,3,3
45602,1,5
45603,2,3
45604,1,1
45605,2,5
45606,6,6
45607,3,6
45608,4,7
45609,2,3
45610,3,5
45611,2,2
45612,2,2
45613,2,2
45614,4,4
45615,4,4
45616,1,4
45617,3,6
45618,5,5
45619,4,4
45620,4,4
45621,3,4
45622,2,4
45623,3,3
45624,2,3
45625,4,5
45626,1,5
45627,4,4
45628,5,8
45629,2,2
45630,5,5
45631,3,7
45632,3,3
45633,2,2
45634,3,5
45635,2,2
45636,5,6
45637,6,6
45638,5,7
45639,2,2
45640,2,2
45641,2,2
45642,2,3
45643,2,2
45644,6,7
45645,6,6
45646,7,7
45647,5,5
45648,4,6
45649,3,3
45650,2,5
45651,2,2
45652,5,6
45653,5,6
45654,2,4
45655,4,5
45656,3,4
45657,2,2
45658,3,8
45659,4,4
45660,2,2
45661,4,4
45662,4,5
45663,5,5
45664,5,6
45665,3,3
45666,1,2
45667,6,6
45668,2,2
45669,6,6
45670,4,5
45671,7,7
45672,3,7
45673,6,6
45674,4,6
45675,6,6
45676,3,4
45677,2,2
45678,3,6
45679,8,8
45680,1,2
45681,2,2
45682,3,5
45683,3,4
45684,1,2
45685,4,4
45686,5,6
45687,3,3
45688,2,2
45689,3,3
45690,2,2
45691,2,2
45692,3,5
45693,4,4
45694,7,9
45695,2,2
45696,1,6
45697,4,4
45698,2,2
45699,3,3
45700,7,7
45701,3,3
45702,3,5
45703,2,2
45704,5,6
45705,4,4
45706,1,4
45707,6,7
45708,2,6
45709,6,6
45710,4,4
45711,3,3
45712,1,7
45713,2,3
45714,3,3
45715,3,3
45716,5,7
45717,4,6
45718,0,7
45719,6,6
45720,3,5
45721,7,7
45722,3,4
45723,7,7
45724,6,7
45725,6,6
45726,5,6
45727,4,4
45728,4,7
45729,2,2
45730,3,4
45731,6,7
45732,3,5
45733,6,6
45734,5,8
45735,4,4
45736,3,7
45737,3,3
45738,1,3
45739,1,1
45740,0,4
45741,6,6
45742,0,4
45743,5,8
45744,2,2
45745,3,7
45746,2,3
45747,6,6
45748,3,5
45749,5,5
45750,5,7
45751,2,4
45752,2,5
45753,2,2
45754,2,4
45755,6,6
45756,3,8
45757,2,2
45758,1,7
45759,2,5
45760,7,7
45761,2,2
45762,1,2
45763,2,7
45764,2,3
45765,7,7
45766,4,8
45767,4,6
45768,4,6
45769,8,8
45770,2,7
45771,6,7
45772,3,3
45773,6,6
45774,1,4
45775,5,5
45776,4,6
45777,3,4
45778,4,5
45779,6,8
45780,5,6
45781,4,8
45782,3,3
45783,7,7
45784,2,6
45785,5,8
45786,3,3
45787,4,4
45788,1,4
45789,3,4
45790,0,3
45791,5,7
45792,6,8
45793,6,6
45794,5,6
45795,4,4
45796,1,4
45797,4,4
45798,1,2
45799,6,7
45800,2,2
45801,3,6
45802,3,5
45803,2,2
45804,3,6
45805,5,5
45806,4,7
45807,8,8
45808,1,7
45809,5,5
45810,2,8
45811,5,5
45812,7,7
45813,3,5
45814,1,6
45815,3,3
45816,5,6
45817,2,2
45818,2,4
45819,7,7
45820,1,4
45821,6,6
45822,5,6
45823,4,4
45824,3,3
45825,3,3
45826,1,3
45827,9,9
45828,2,5
45829,3,6
45830,3,3
45831,2,3
45832,3,4
45833,2,2
45834,0,5
45835,3,4
45836,3,4
45837,6,7
45838,5,5
45839,4,4
45840,2,2
45841,4,5
45842,0,4
45843,3,3
45844,0,4
45845,5,5
45846,3,6
45847,6,6
45848,4,4
45849,2,2
45850,5,6
45851,7,7
45852,2,4
45853,5,5
45854,0,4
45855,2,7
45856,6,6
45857,3,6
45858,3,5
45859,6,6
45860,3,3
45861,4,4
45862,4,6
45863,2,8
45864,1,8
45865,3,7
45866,5,9
45867,2,2
45868,0,5
45869,2,2
45870,5,6
45871,3,3
45872,4,4
45873,2,2
45874,2,5
45875,3,3
45876,0,3
45877,2,2
45878,1,2
45879,5,6
45880,2,4
45881,4,4
45882,1,6
45883,3,4
45884,3,6
45885,6,7
45886,1,7
45887,4,4
45888,3,3
45889,8,8
45890,2,8
45891,2,5
45892,1,7
45893,6,8
45894,5,5
45895,6,8
45896,1,7
45897,4,5
45898,1,7
45899,2,2
45900,3,7
45901,7,7
45902,4,6
45903,6,6
45904,3,8
45905,4,4
45906,3,4
45907,2,2
45908,3,4
45909,3,6
45910,3,4
45911,4,4
45912,1,6
45913,2,2
45914,3,4
45915,5,5
45916,5,7
45917,4,4
45918,4,4
45919,6,7
45920,5,7
45921,8,8
45922,1,2
45923,3,3
45924,2,2
45925,6,7
45926,0,3
45927,2,5
45928,3,7
45929,3,4
45930,3,3
45931,4,4
45932,3,6
45933,2,8
45934,2,4
45935,5,5
45936,3,3
45937,3,8
45938,2,2
45939,6,6
45940,1,5
45941,2,2
45942,2,4
45943,6,6
45944,0,3
45945,4,4
45946,5,6
45947,6,7
45948,2,3
45949,4,4
45950,0,2
45951,6,6
45952,1,5
45953,2,2
45954,1,2
45955,3,3
45956,5,6
45957,6,6
45958,1,2
45959,2,2
45960,3,3
45961,2,2
45962,6,7
45963,4,6
45964,1,5
45965,3,3
45966,6,8
45967,2,2
45968,5,7
45969,6,6
45970,3,3
45971,2,5
45972,1,5
45973,2,8
45974,0,2
45975,4,4
45976,1,2
45977,2,2
45978,1,2
45979,2,2
45980,4,6
45981,3,3
45982,4,5
45983,4,4
45984,2,5
45985,3,4
45986,3,4
45987,3,3
45988,1,7
45989,2,7
45990,1,5
45991,4,4
45992,3,5
45993,4,4
45994,3,3
45995,4,4
45996,6,7
45997,3,3
45998,7,7
45999,2,2
46000,4,6
46001,5,5
46002,3,4
46003,3,8
46004,1,2
46005,4,4
46006,6,7
46007,3,6
46008,2,6
46009,1,1
46010,0,6
46011,3,8
46012,2,3
46013,3,6
46014,2,7
46015,2,2
46016,2,2
46017,5,5
46018,0,3
46019,6,7
46020,2,3
46021,3,3
46022,3,3
46023,6,6
46024,4,4
46025,6,7
46026,6,8
46027,5,5
46028,6,8
46029,5,5
46030,3,4
46031,5,5
46032,0,3
46033,6,7
46034,4,6
46035,4,5
46036,2,6
46037,4,4
46038,3,6
46039,7,7
46040,2,2
46041,3,4
46042,4,4
46043,3,7
46044,0,6
46045,3,3
46046,1,5
46047,8,8
46048,4,7
46049,1,1
46050,2,3
46051,2,2
46052,1,9
46053,2,2
46054,9,9
46055,2,2
46056,3,3
46057,2,2
46058,4,6
46059,4,5
46060,1,2
46061,3,3
46062,4,7
46063,7,8
46064,0,2
46065,5,7
46066,0,6
46067,4,4
46068,3,4
46069,2,2
46070,2,3
46071,4,7
46072,4,6
46073,6,6
46074,4,4
46075,3,3
46076,2,9
46077,4,4
46078,3,4
46079,4,7
46080,4,7
46081,2,2
46082,0,8
46083,2,4
46084,5,7
46085,5,5
46086,2,3
46087,6,6
46088,3,4
46089,6,6
46090,4,5
46091,4,4
46092,1,4
46093,4,4
46094,3,3
46095,4,6
46096,3,4
46097,7,7
46098,2,5
46099,7,7
46100,0,3
46101,5,5
46102,4,6
46103,4,4
46104,1,4
46105,3,4
46106,5,5
46107,5,5
46108,2,5
46109,4,4
46110,4,8
46111,8,8
46112,4,4
46113,4,4
46114,1,6
46115,2,5
46116,3,5
46117,3,3
46118,0,5
46119,7,7
46120,0,2
46121,2,3
46122,1,5
46123,8,9
46124,4,6
46125,6,7
46126,0,5
46127,2,7
46128,1,5
46129,7,7
46130,0,1
46131,4,8
46132,2,8
46133,6,6
46134,3,4
46135,6,6
46136,4,7
46137,6,7
46138,4,5
46139,2,2
46140,1,5
46141,3,4
46142,3,6
46143,5,7
46144,0,3
46145,3,5
46146,3,3
46147,3,5
46148,3,4
46149,5,5
46150,1,5
46151,4,4
46152,5,7
46153,7,7
46154,3,3
46155,5,6
46156,7,7
46157,2,2
46158,5,6
46159,5,6
46160,2,2
46161,7,8
46162,1,2
46163,5,5
46164,1,2
46165,2,2
46166,2,4
46167,6,9
46168,2,6
46169,2,6
46170,2,6
46171,5,5
46172,5,7
46173,5,5
46174,3,4
46175,5,5
46176,7,7
46177,5,7
46178,2,2
46179,3,3
46180,2,2
46181,2,2
46182,2,3
46183,7,7
46184,2,2
46185,4,4
46186,3,4
46187,5,5
46188,4,5
46189,7,8
46190,2,2
46191,2,2
46192,2,4
46193,4,4
46194,0,2
46195,3,3
46196,2,4
46197,5,5
46198,3,4
46199,4,4
46200,5,8
46201,2,5
46202,7,8
46203,4,4
46204,1,5
46205,2,3
46206,4,5
46207,3,5
46208,3,5
46209,4,5
46210,1,2
46211,4,6
46212,4,4
46213,5,5
46214,2,2
46215,4,7
46216,0,7
46217,2,4
46218,6,6
46219,2,5
46220,1,2
46221,3,4
46222,2,6
46223,6,6
46224,1,6
46225,7,7
46226,1,1
46227,7,8
46228,2,4
46229,3,3
46230,2,3
46231,3,3
46232,5,7
46233,2,2
46234,0,7
46235,5,7
46236,1,2
46237,2,2
46238,2,4
46239,6,6
46240,4,8
46241,3,3
46242,3,6
46243,5,5
46244,0,4
46245,3,3
46246,2,4
46247,2,7
46248,3,7
46249,2,2
46250,4,5
46251,5,5
46252,0,2
46253,5,5
46254,0,2
46255,2,6
46256,3,5
46257,3,5
46258,3,5
46259,4,4
46260,3,7
46261,5,5
46262,2,3
46263,3,8
46264,2,6
46265,6,6
46266,2,4
46267,3,3
46268,5,7
46269,2,2
46270,1,3
46271,3,8
46272,3,7
46273,3,3
46274,1,4
46275,3,3
46276,1,5
46277,6,8
46278,3,3
46279,6,8
46280,1,2
46281,4,6
46282,0,4
46283,3,3
46284,1,3
46285,2,2
46286,1,5
46287,3,6
46288,1,2
46289,4,6
46290,3,7
46291,7,8
46292,3,5
46293,3,3
46294,2,7
46295,3,3
46296,1,2
46297,2,2
46298,4,7
46299,5,6
46300,1,5
46301,4,4
46302,2,4
46303,7,8
46304,4,5
46305,4,7
46306,2,4
46307,5,5
46308,3,8
46309,7,7
46310,2,4
46311,2,2
46312,3,6
46313,2,3
46314,2,6
46315,4,4
46316,2,3
46317,5,6
46318,1,6
46319,3,4
46320,0,8
46321,2,2
46322,1,7
46323,6,6
46324,3,3
46325,2,4
46326,2,5
46327,4,4
46328,1,2
46329,3,4
46330,3,4
46331,4,4
46332,2,3
46333,7,7
46334,1,2
46335,2,4
46336,5,6
46337,6,7
46338,2,3
46339,6,6
46340,3,4
46341,4,5
46342,3,5
46343,4,7
46344,3,7
46345,6,7
46346,1,2
46347,7,7
46348,2,2
46349,5,7
46350,0,4
46351,5,8
46352,6,8
46353,5,5
46354,1,7
46355,7,7
46356,2,5
46357,8,8
46358,1,3
46359,5,8
46360,2,7
46361,3,5
46362,4,4
46363,2,4
46364,2,3
46365,4,4
46366,4,8
46367,2,2
46368,1,3
46369,3,3
46370,0,3
46371,6,7
46372,2,5
46373,5,6
46374,0,1
46375,3,4
46376,5,7
46377,6,6
46378,2,2
46379,5,5
46380,2,9
46381,4,6
46382,5,6
46383,6,7
46384,2,3
46385,4,4
46386,2,6
46387,2,2
46388,4,7
46389,7,7
46390,3,3
46391,3,3
46392,5,6
46393,6,6
46394,1,3
46395,3,4
46396,1,3
46397,3,4
46398,0,5
46399,3,3
46400,2,3
46401,5,5
46402,1,8
46403,6,6
46404,3,3
46405,2,2
46406,2,6
46407,6,6
46408,0,3
46409,3,3
46410,1,2
46411,3,7
46412,1,5
46413,4,4
46414,4,7
46415,2,5
46416,7,8
46417,2,5
46418,4,5
46419,5,5
46420,4,5
46421,3,3
46422,2,2
46423,6,6
46424,0,4
46425,1,1
46426,3,3
46427,3,3
46428,1,2
46429,6,8
46430,4,7
46431,3,4
46432,2,2
46433,5,6
46434,0,4
46435,8,8
46436,2,2
46437,7,7
46438,1,7
46439,3,3
46440,2,4
46441,3,6
46442,1,4
46443,7,7
46444,1,3
46445,7,7
46446,2,4
46447,7,7
46448,4,5
46449,2,2
46450,3,4
46451,7,7
46452,3,3
46453,6,6
46454,6,6
46455,6,6
46456,2,6
46457,4,4
46458,7,8
46459,4,8
46460,0,4
46461,6,6
46462,5,7
46463,6,7
46464,3,6
46465,2,2
46466,3,6
46467,5,5
46468,2,7
46469,2,5
46470,2,3
46471,4,5
46472,2,7
46473,7,7
46474,2,4
46475,2,2
46476,0,7
46477,3,3
46478,3,4
46479,5,5
46480,0,7
46481,4,6
46482,2,4
46483,3,5
46484,2,2
46485,3,3
46486,4,4
46487,5,8
46488,2,5
46489,8,8
46490,4,6
46491,5,5
46492,3,3
46493,3,3
46494,4,5
46495,3,3
46496,2,2
46497,2,3
46498,1,3
46499,7,7
46500,0,5
46501,4,4
46502,1,4
46503,5,5
46504,2,3
46505,8,8
46506,3,5
46507,4,4
46508,2,2
46509,2,3
46510,2,2
46511,6,6
46512,5,5
46513,4,4
46514,1,4
46515,3,4
46516,1,3
46517,4,4
46518,4,5
46519,6,6
46520,3,3
46521,6,6
46522,3,5
46523,2,3
46524,2,3
46525,4,7
46526,2,3
46527,3,4
46528,3,5
46529,6,6
46530,2,3
46531,4,4
46532,2,2
46533,2,2
46534,3,4
46535,3,3
46536,1,6
46537,4,4
46538,2,4
46539,4,4
46540,1,8
46541,3,7
46542,2,2
46543,3,3
46544,1,5
46545,6,6
46546,5,5
46547,7,7
46548,6,7
46549,3,7
46550,3,4
46551,6,7
46552,6,7
46553,2,2
46554,1,3
46555,3,4
46556,5,6
46557,2,2
46558,2,3
46559,7,7
46560,2,6
46561,3,3
46562,4,5
46563,5,6
46564,1,2
46565,2,2
46566,2,3
46567,3,3
46568,5,6
46569,4,4
46570,0,5
46571,6,8
46572,4,6
46573,3,4
46574,4,4
46575,4,6
46576,1,6
46577,5,5
46578,5,7
46579,5,5
46580,2,3
46581,4,4
46582,4,8
46583,4,5
46584,4,5
46585,5,5
46586,3,3
46587,3,3
46588,3,3
46589,6,7
46590,1,7
46591,8,8
46592,6,6
46593,7,7
46594,1,8
46595,7,7
46596,5,6
46597,3,3
46598,0,3
46599,2,2
46600,3,7
46601,4,5
46602,0,2
46603,4,4
46604,1,2
46605,5,6
46606,4,4
46607,7,7
46608,2,5
46609,3,3
46610,2,6
46611,8,8
46612,1,3
46613,2,7
46614,2,5
46615,5,5
46616,6,7
46617,3,7
46618,3,6
46619,5,5
46620,1,3
46621,6,6
46622,1,2
46623,7,7
46624,3,4
46625,2,6
46626,2,4
46627,4,5
46628,6,7
46629,4,4
46630,0,4
46631,2,2
46632,1,8
46633,4,4
46634,4,7
46635,5,7
46636,5,7
46637,4,4
46638,3,5
46639,2,2
46640,2,2
46641,2,2
46642,4,4
46643,3,5
46644,1,7
46645,2,2
46646,3,5
46647,3,4
46648,3,4
46649,4,4
46650,3,4
46651,7,7
46652,1,2
46653,2,8
46654,2,3
46655,3,3
46656,5,5
46657,3,5
46658,3,7
46659,7,7
46660,1,6
46661,4,7
46662,1,2
46663,3,8
46664,2,6
46665,4,4
46666,4,4
46667,5,5
46668,2,2
46669,2,2
46670,0,6
46671,4,4
46672,3,5
46673,2,2
46674,2,3
46675,2,5
46676,5,7
46677,4,4
46678,2,2
46679,3,3
46680,4,5
46681,5,5
46682,0,1
46683,7,8
46684,2,2
46685,4,5
46686,4,5
46687,5,5
46688,3,4
46689,5,6
46690,2,2
46691,4,4
46692,4,5
46693,2,2
46694,0,8
46695,3,3
46696,3,4
46697,3,3
46698,3,5
46699,2,2
46700,2,2
46701,6,6
46702,3,3
46703,8,8
46704,3,4
46705,3,4
46706,5,7
46707,1,1
46708,1,3
46709,4,4
46710,0,2
46711,7,7
46712,6,7
46713,2,2
46714,2,2
46715,3,3
46716,1,1
46717,7,7
46718,3,6
46719,4,4
46720,4,5
46721,2,2
46722,2,3
46723,5,5
46724,1,8
46725,3,5
46726,4,5
46727,3,4
46728,0,3
46729,6,6
46730,0,8
46731,5,5
46732,2,3
46733,5,5
46734,1,8
46735,2,2
46736,3,4
46737,2,2
46738,3,6
46739,7,7
46740,2,3
46741,2,2
46742,4,7
46743,8,8
46744,3,6
46745,6,7
46746,4,5
46747,3,3
46748,0,6
46749,6,7
46750,1,2
46751,4,7
46752,1,2
46753,4,4
46754,5,5
46755,5,5
46756,1,2
46757,2,2
46758,2,5
46759,3,3
46760,0,7
46761,3,3
46762,4,7
46763,7,7
46764,0,3
46765,3,3
46766,4,6
46767,3,3
46768,7,7
46769,3,3
46770,3,6
46771,2,2
46772,2,4
46773,2,4
46774,7,7
46775,6,7
46776,4,6
46777,8,8
46778,2,3
46779,4,6
46780,4,4
46781,3,3
46782,1,4
46783,8,8
46784,1,6
46785,7,7
46786,6,7
46787,7,7
46788,4,7
46789,2,2
46790,7,8
46791,3,4
46792,3,5
46793,5,5
46794,2,7
46795,2,2
46796,4,6
46797,6,6
46798,4,4
46799,5,5
46800,2,3
46801,2,2
46802,4,8
46803,3,3
46804,5,7
46805,2,2
46806,0,2
46807,5,7
46808,2,7
46809,4,5
46810,5,5
46811,5,5
46812,4,5
46813,2,5
46814,2,2
46815,7,7
46816,0,5
46817,3,3
46818,2,2
46819,3,8
46820,4,4
46821,4,4
46822,1,2
46823,3,3
46824,3,3
46825,2,2
46826,2,3
46827,2,2
46828,2,3
46829,7,7
46830,5,6
46831,7,7
46832,5,7
46833,6,6
46834,0,3
46835,3,3
46836,1,7
46837,6,6
46838,2,2
46839,1,1
46840,1,4
46841,4,4
46842,4,5
46843,3,4
46844,1,7
46845,4,8
46846,1,7
46847,3,3
46848,2,3
46849,4,5
46850,4,7
46851,3,3
46852,1,4
46853,2,2
46854,3,5
46855,4,4
46856,1,5
46857,6,7
46858,4,5
46859,3,3
46860,6,8
46861,7,7
46862,2,2
46863,2,2
46864,0,5
46865,3,3
46866,2,7
46867,4,4
46868,5,6
46869,7,7
46870,4,5
46871,2,2
46872,3,4
46873,3,3
46874,2,8
46875,3,3
46876,4,5
46877,3,6
46878,0,2
46879,4,4
46880,2,3
46881,5,5
46882,2,2
46883,2,7
46884,4,7
46885,5,5
46886,0,4
46887,3,3
46888,2,4
46889,4,4
46890,1,7
46891,3,8
46892,4,5
46893,4,6
46894,3,3
46895,3,3
46896,1,6
46897,1,1
46898,5,6
46899,3,3
46900,2,2
46901,5,5
46902,0,3
46903,3,3
46904,4,5
46905,3,5
46906,6,6
46907,4,4
46908,4,4
46909,1,1
46910,5,6
46911,7,7
46912,2,3
46913,6,6
46914,7,8
46915,2,3
46916,2,4
46917,2,2
46918,5,6
46919,6,6
46920,1,7
46921,5,5
46922,4,8
46923,2,2
46924,3,4
46925,5,5
46926,5,6
46927,4,4
46928,2,3
46929,4,6
46930,2,3
46931,7,7
46932,1,3
46933,2,4
46934,3,4
46935,3,4
46936,1,7
46937,5,6
46938,3,4
46939,2,2
46940,1,2
46941,3,3
46942,4,7
46943,2,2
46944,1,2
46945,5,5
46946,2,2
46947,4,5
46948,4,5
46949,2,2
46950,0,2
46951,4,4
46952,2,2
46953,2,2
46954,2,3
46955,2,2
46956,3,3
46957,4,4
46958,2,3
46959,3,7
46960,0,6
46961,2,6
46962,2,2
46963,4,6
46964,1,3
46965,4,5
46966,1,5
46967,2,2
46968,4,8
46969,4,4
46970,2,2
46971,2,2
46972,4,4
46973,5,7
46974,3,7
46975,3,4
46976,3,5
46977,5,5
46978,1,5
46979,2,5
46980,0,5
46981,6,6
46982,4,5
46983,5,7
46984,3,8
46985,7,7
46986,3,3
46987,3,3
46988,1,3
46989,2,4
46990,3,4
46991,8,8
46992,3,4
46993,4,5
46994,4,7
46995,3,4
46996,1,2
46997,5,6
46998,1,1
46999,2,6
47000,1,1
47001,8,9
47002,0,2
47003,2,2
47004,3,4
47005,4,4
47006,3,4
47007,4,4
47008,3,5
47009,2,5
47010,0,2
47011,2,2
47012,0,2
47013,2,2
47014,1,2
47015,4,4
47016,4,5
47017,5,5
47018,1,5
47019,2,2
47020,1,2
47021,6,6
47022,4,8
47023,2,4
47024,3,4
47025,3,3
47026,2,2
47027,2,5
47028,4,6
47029,5,7
47030,2,3
47031,5,7
47032,4,5
47033,2,2
47034,3,4
47035,2,2
47036,1,5
47037,4,4
47038,3,5
47039,2,3
47040,6,7
47041,7,7
47042,4,6
47043,7,9
47044,5,8
47045,1,1
47046,2,4
47047,3,3
47048,1,2
47049,6,6
47050,2,2
47051,3,3
47052,3,3
47053,3,3
47054,4,5
47055,3,6
47056,2,5
47057,2,2
47058,6,6
47059,5,5
47060,0,3
47061,7,7
47062,3,3
47063,3,3
47064,3,6
47065,7,8
47066,4,6
47067,7,7
47068,2,2
47069,2,2
47070,2,3
47071,6,6
47072,2,2
47073,2,8
47074,3,5
47075,2,2
47076,0,3
47077,3,3
47078,6,6
47079,6,6
47080,0,2
47081,3,5
47082,3,6
47083,4,4
47084,4,6
47085,2,2
47086,5,6
47087,2,2
47088,3,3
47089,2,2
47090,3,3
47091,7,7
47092,2,3
47093,8,8
47094,5,6
47095,8,8
47096,4,6
47097,4,7
47098,2,5
47099,5,6
47100,1,5
47101,2,2
47102,4,5
47103,6,6
47104,2,4
47105,4,4
47106,5,7
47107,6,8
47108,1,2
47109,2,3
47110,6,7
47111,4,4
47112,2,2
47113,4,5
47114,2,2
47115,3,8
47116,2,2
47117,4,6
47118,3,5
47119,4,8
47120,2,2
47121,7,7
47122,1,2
47123,6,6
47124,3,3
47125,2,2
47126,3,8
47127,6,6
47128,4,6
47129,1,1
47130,2,3
47131,2,5
47132,0,2
47133,3,3
47134,3,6
47135,2,7
47136,0,6
47137,5,6
47138,2,5
47139,4,4
47140,3,7
47141,6,6
47142,1,2
47143,5,5
47144,4,4
47145,2,8
47146,1,6
47147,6,7
47148,1,4
47149,3,3
47150,5,7
47151,3,4
47152,1,8
47153,2,2
47154,2,5
47155,4,5
47156,1,7
47157,3,3
47158,0,7
47159,2,5
47160,0,3
47161,7,7
47162,2,2
47163,5,5
47164,5,6
47165,4,4
47166,2,3
47167,5,5
47168,6,7
47169,2,4
47170,2,5
47171,6,7
47172,3,5
47173,7,8
47174,2,6
47175,6,7
47176,1,2
47177,3,4
47178,3,7
47179,3,3
47180,6,8
47181,2,2
47182,4,4
47183,3,3
47184,2,7
47185,5,5
47186,2,5
47187,5,7
47188,7,8
47189,3,7
47190,3,5
47191,6,6
47192,2,4
47193,4,4
47194,5,5
47195,5,5
47196,5,5
47197,2,6
47198,3,5
47199,2,3
47200,0,2
47201,2,2
47202,2,7
47203,4,6
47204,2,3
47205,5,6
47206,4,5
47207,5,6
47208,4,7
47209,2,7
47210,4,8
47211,4,6
47212,2,4
47213,2,4
47214,5,6
47215,2,2
47216,0,1
47217,3,7
47218,2,3
47219,5,5
47220,5,9
47221,4,5
47222,6,8
47223,4,6
47224,5,8
47225,3,3
47226,1,5
47227,6,6
47228,1,6
47229,2,2
47230,4,5
47231,3,3
47232,3,5
47233,4,7
47234,3,5
47235,5,7
47236,3,5
47237,6,7
47238,3,5
47239,2,2
47240,3,6
47241,6,6
47242,2,2
47243,4,5
47244,4,6
47245,2,8
47246,2,3
47247,3,3
47248,4,9
47249,2,2
47250,1,6
47251,5,5
47252,2,2
47253,4,4
47254,3,3
47255,3,4
47256,0,4
47257,3,3
47258,3,3
47259,4,8
47260,4,6
47261,4,4
47262,3,6
47263,5,5
47264,3,5
47265,5,6
47266,4,5
47267,4,4
47268,2,6
47269,2,2
47270,2,4
47271,5,6
47272,3,8
47273,4,4
47274,0,7
47275,2,2
47276,1,1
47277,3,3
47278,3,5
47279,2,6
47280,3,4
47281,2,2
47282,1,6
47283,4,5
47284,4,6
47285,3,3
47286,4,5
47287,5,5
47288,0,5
47289,4,4
47290,1,6
47291,4,4
47292,5,7
47293,3,3
47294,3,5
47295,3,5
47296,5,8
47297,1,1
47298,7,7
47299,5,5
47300,4,6
47301,3,3
47302,0,2
47303,2,2
47304,3,5
47305,3,5
47306,4,4
47307,3,4
47308,4,5
47309,3,3
47310,2,6
47311,3,3
47312,3,4
47313,2,2
47314,2,4
47315,8,8
47316,5,8
47317,2,2
47318,2,8
47319,3,3
47320,1,1
47321,5,5
47322,1,3
47323,2,2
47324,6,8
47325,5,6
47326,4,8
47327,5,5
47328,1,4
47329,5,5
47330,3,7
47331,5,7
47332,5,6
47333,2,2
47334,5,6
47335,5,5
47336,7,7
47337,3,8
47338,3,5
47339,3,7
47340,1,7
47341,4,6
47342,1,2
47343,2,2
47344,2,4
47345,6,6
47346,1,2
47347,3,3
47348,2,7
47349,3,3
47350,3,7
47351,4,6
47352,1,6
47353,8,8
47354,7,9
47355,2,7
47356,0,4
47357,4,4
47358,4,5
47359,5,5
47360,2,2
47361,3,4
47362,2,5
47363,5,5
47364,3,7
47365,4,5
47366,1,2
47367,5,5
47368,1,4
47369,3,3
47370,3,5
47371,7,7
47372,4,6
47373,6,6
47374,3,6
47375,2,2
47376,4,9
47377,3,6
47378,5,5
47379,2,2
47380,8,9
47381,5,5
47382,5,8
47383,5,5
47384,1,6
47385,4,7
47386,0,8
47387,4,4
47388,5,6
47389,7,7
47390,5,7
47391,3,7
47392,5,6
47393,6,6
47394,2,4
47395,5,5
47396,0,3
47397,4,4
47398,2,3
47399,7,7
47400,4,6
47401,5,6
47402,1,5
47403,4,4
47404,7,8
47405,2,2
47406,6,7
47407,6,6
47408,1,7
47409,3,5
47410,2,2
47411,7,9
47412,0,2
47413,2,2
47414,2,3
47415,2,4
47416,2,4
47417,3,3
47418,6,7
47419,4,4
47420,5,7
47421,7,7
47422,6,6
47423,4,4
47424,4,6
47425,2,2
47426,4,4
47427,2,2
47428,3,5
47429,5,5
47430,2,3
47431,6,6
47432,2,4
47433,3,3
47434,2,2
47435,4,5
47436,1,7
47437,5,8
47438,6,7
47439,3,3
47440,0,2
47441,6,6
47442,2,4
47443,6,8
47444,2,6
47445,3,3
47446,4,5
47447,8,8
47448,4,4
47449,7,7
47450,2,2
47451,3,3
47452,6,8
47453,2,2
47454,3,4
47455,6,6
47456,6,7
47457,5,7
47458,2,2
47459,5,7
47460,5,5
47461,5,7
47462,2,2
47463,6,6
47464,5,7
47465,6,6
47466,0,1
47467,4,4
47468,0,1
47469,2,2
47470,0,5
47471,5,5
47472,2,3
47473,4,7
47474,1,3
47475,5,5
47476,2,4
47477,4,5
47478,0,7
47479,5,5
47480,2,3
47481,2,2
47482,1,2
47483,3,3
47484,2,2
47485,2,2
47486,2,2
47487,2,5
47488,4,6
47489,5,5
47490,3,7
47491,3,4
47492,4,5
47493,5,5
47494,5,5
47495,3,3
47496,5,7
47497,2,2
47498,2,4
47499,6,6
47500,2,3
47501,7,7
47502,3,7
47503,5,6
47504,3,5
47505,4,4
47506,1,4
47507,5,5
47508,2,6
47509,4,4
47510,1,2
47511,5,5
47512,3,7
47513,5,5
47514,1,4
47515,4,4
47516,1,7
47517,2,2
47518,3,6
47519,3,7
47520,2,5
47521,3,3
47522,5,9
47523,2,5
47524,2,2
47525,2,2
47526,2,5
47527,5,5
47528,2,2
47529,3,3
47530,3,5
47531,3,3
47532,6,9
47533,6,6
47534,2,3
47535,7,7
47536,3,5
47537,2,6
47538,1,2
47539,3,5
47540,2,6
47541,4,4
47542,2,2
47543,2,2
47544,1,3
47545,5,5
47546,2,3
47547,5,5
47548,2,4
47549,4,9
47550,6,8
47551,2,2
47552,1,2
47553,5,5
47554,2,2
47555,3,7
47556,3,4
47557,3,3
47558,1,6
47559,5,6
47560,3,3
47561,2,2
47562,5,5
47563,5,5
47564,2,2
47565,4,4
47566,0,2
47567,5,6
47568,2,3
47569,5,5
47570,1,8
47571,4,5
47572,7,7
47573,7,7
47574,3,6
47575,2,2
47576,2,2
47577,2,2
47578,4,6
47579,6,6
47580,2,2
47581,5,5
47582,4,6
47583,4,5
47584,0,6
47585,3,7
47586,3,6
47587,4,4
47588,3,3
47589,5,5
47590,4,5
47591,3,3
47592,4,5
47593,3,7
47594,0,5
47595,3,3
47596,0,3
47597,4,5
47598,2,4
47599,2,2
47600,0,3
47601,4,6
47602,0,7
47603,3,3
47604,1,5
47605,2,5
47606,1,2
47607,3,3
47608,0,6
47609,2,2
47610,2,2
47611,3,3
47612,1,7
47613,4,5
47614,7,8
47615,3,6
47616,2,3
47617,2,3
47618,1,3
47619,3,3
47620,5,7
47621,2,2
47622,4,5
47623,4,4
47624,0,2
47625,4,4
47626,8,8
47627,3,3
47628,1,5
47629,8,8
47630,1,5
47631,3,3
47632,3,4
47633,4,5
47634,1,2
47635,6,7
47636,3,3
47637,4,4
47638,0,3
47639,4,4
47640,0,5
47641,4,7
47642,4,4
47643,2,2
47644,7,7
47645,3,6
47646,2,2
47647,6,6
47648,3,3
47649,5,7
47650,2,6
47651,3,3
47652,2,2
47653,5,5
47654,4,4
47655,2,6
47656,0,5
47657,7,7
47658,2,2
47659,2,2
47660,1,2
47661,4,5
47662,3,4
47663,3,5
47664,5,6
47665,5,7
47666,6,6
47667,4,4
47668,5,8
47669,2,2
47670,6,6
47671,7,7
47672,3,7
47673,4,4
47674,4,5
47675,7,7
47676,5,7
47677,4,5
47678,3,6
47679,2,2
47680,3,8
47681,3,3
47682,6,7
47683,2,2
47684,3,3
47685,3,3
47686,0,6
47687,4,5
47688,7,8
47689,4,4
47690,2,3
47691,7,7
47692,6,7
47693,4,4
47694,3,4
47695,2,8
47696,4,4
47697,2,6
47698,4,5
47699,3,3
47700,3,5
47701,6,6
47702,3,3
47703,3,6
47704,3,4
47705,2,2
47706,2,2
47707,4,4
47708,3,5
47709,4,4
47710,1,3
47711,2,6
47712,1,3
47713,6,6
47714,4,5
47715,7,7
47716,1,3
47717,5,5
47718,2,2
47719,3,8
47720,5,7
47721,5,5
47722,1,9
47723,4,8
47724,3,4
47725,5,5
47726,0,2
47727,8,8
47728,1,1
47729,2,2
47730,1,7
47731,7,8
47732,1,5
47733,2,2
47734,3,5
47735,5,5
47736,2,2
47737,4,7
47738,3,7
47739,3,4
47740,2,6
47741,4,4
47742,4,5
47743,2,3
47744,0,4
47745,3,3
47746,0,2
47747,3,3
47748,2,5
47749,2,2
47750,5,6
47751,3,5
47752,4,4
47753,4,4
47754,1,3
47755,5,5
47756,0,7
47757,4,4
47758,2,3
47759,4,4
47760,2,2
47761,2,8
47762,5,7
47763,4,4
47764,3,7
47765,3,3
47766,4,5
47767,2,2
47768,1,5
47769,4,4
47770,0,4
47771,5,5
47772,3,3
47773,2,2
47774,6,7
47775,2,2
47776,3,4
47777,2,7
47778,0,8
47779,6,6
47780,3,7
47781,5,8
47782,4,5
47783,2,6
47784,0,3
47785,6,6
47786,3,7
47787,7,8
47788,2,2
47789,4,4
47790,1,1
47791,4,5
47792,2,7
47793,2,6
47794,4,8
47795,7,7
47796,2,2
47797,5,5
47798,5,8
47799,2,2
47800,1,4
47801,2,2
47802,4,6
47803,2,2
47804,5,5
47805,4,4
47806,1,2
47807,6,6
47808,4,5
47809,6,6
47810,2,7
47811,6,6
47812,4,4
47813,3,3
47814,2,2
47815,2,2
47816,0,1
47817,6,6
47818,1,6
47819,3,3
47820,1,2
47821,6,6
47822,2,7
47823,6,6
47824,4,4
47825,4,7
47826,4,5
47827,3,3
47828,0,3
47829,6,7
47830,5,5
47831,6,6
47832,3,6
47833,7,7
47834,1,1
47835,3,3
47836,2,2
47837,5,7
47838,6,7
47839,7,7
47840,4,4
47841,3,3
47842,2,3
47843,7,7
47844,1,5
47845,7,7
47846,3,4
47847,5,5
47848,0,2
47849,2,2
47850,3,4
47851,2,6
47852,2,2
47853,4,4
47854,6,7
47855,8,8
47856,2,5
47857,6,8
47858,1,2
47859,2,2
47860,0,2
47861,3,6
47862,3,4
47863,2,3
47864,1,2
47865,6,6
47866,0,4
47867,2,2
47868,2,7
47869,6,7
47870,4,8
47871,2,2
47872,3,4
47873,3,3
47874,2,2
47875,4,4
47876,7,8
47877,4,4
47878,3,4
47879,4,4
47880,6,9
47881,4,7
47882,3,3
47883,5,5
47884,3,4
47885,3,3
47886,1,1
47887,2,2
47888,1,2
47889,3,3
47890,5,7
47891,5,7
47892,5,7
47893,6,7
47894,2,7
47895,3,6
47896,1,2
47897,7,8
47898,2,3
47899,5,5
47900,1,2
47901,8,8
47902,7,8
47903,2,4
47904,1,2
47905,3,5
47906,0,2
47907,3,3
47908,4,8
47909,5,5
47910,1,2
47911,3,4
47912,0,8
47913,3,3
47914,3,4
47915,2,6
47916,2,3
47917,7,7
47918,3,5
47919,5,7
47920,2,3
47921,3,3
47922,3,3
47923,5,8
47924,3,5
47925,3,4
47926,2,2
47927,2,2
47928,1,2
47929,5,7
47930,7,8
47931,2,2
47932,0,5
47933,5,5
47934,3,6
47935,4,6
47936,3,3
47937,4,4
47938,2,8
47939,4,6
47940,4,4
47941,4,4
47942,2,3
47943,3,3
47944,0,2
47945,3,3
47946,5,8
47947,3,3
47948,0,6
47949,6,6
47950,7,7
47951,3,3
47952,3,5
47953,3,4
47954,1,3
47955,3,3
47956,5,5
47957,4,7
47958,2,8
47959,3,3
47960,2,3
47961,6,6
47962,2,2
47963,3,3
47964,2,2
47965,5,5
47966,0,2
47967,5,5
47968,1,6
47969,4,7
47970,1,2
47971,7,7
47972,1,7
47973,6,6
47974,5,6
47975,3,3
47976,2,3
47977,4,4
47978,2,8
47979,5,6
47980,6,7
47981,5,7
47982,3,3
47983,4,5
47984,2,5
47985,4,4
47986,2,2
47987,2,2
47988,2,3
47989,2,5
47990,3,3
47991,3,3
47992,3,4
47993,6,7
47994,5,7
47995,8,8
47996,5,6
47997,3,8
47998,3,4
47999,4,4
48000,6,6
48001,5,5
48002,2,5
48003,5,6
48004,2,6
48005,2,2
48006,3,6
48007,2,3
48008,6,7
48009,6,6
48010,1,5
48011,6,6
48012,6,6
48013,2,4
48014,2,3
48015,9,9
48016,6,8
48017,2,2
48018,3,6
48019,4,6
48020,4,4
48021,2,2
48022,5,8
48023,4,4
48024,4,5
48025,6,6
48026,3,4
48027,3,3
48028,7,7
48029,4,4
48030,4,4
48031,7,7
48032,4,8
48033,4,6
48034,2,9
48035,6,6
48036,1,3
48037,3,3
48038,2,5
48039,6,6
48040,1,2
48041,3,3
48042,0,7
48043,5,5
48044,1,2
48045,8,8
48046,3,3
48047,7,7
48048,1,2
48049,5,8
48050,3,5
48051,6,6
48052,2,6
48053,2,4
48054,1,6
48055,4,4
48056,6,6
48057,4,4
48058,4,6
48059,4,4
48060,4,4
48061,3,4
48062,3,4
48063,2,5
48064,1,4
48065,2,4
48066,2,4
48067,4,4
48068,0,2
48069,5,5
48070,1,2
48071,5,5
48072,1,2
48073,4,4
48074,0,1
48075,5,5
48076,5,6
48077,4,5
48078,2,5
48079,3,3
48080,1,3
48081,8,8
48082,1,4
48083,8,8
48084,0,8
48085,2,2
48086,4,8
48087,5,5
48088,0,2
48089,5,7
48090,2,2
48091,5,6
48092,2,4
48093,2,2
48094,3,4
48095,2,6
48096,2,8
48097,7,8
48098,0,4
48099,3,8
48100,0,4
48101,3,3
48102,1,7
48103,4,4
48104,1,5
48105,3,3
48106,5,5
48107,2,5
48108,2,2
48109,2,2
48110,3,4
48111,3,7
48112,0,6
48113,6,8
48114,4,5
48115,3,3
48116,0,7
48117,5,5
48118,0,4
48119,4,7
48120,5,6
48121,5,5
48122,1,2
48123,2,2
48124,2,2
48125,5,5
48126,3,3
48127,2,2
48128,3,3
48129,3,8
48130,1,2
48131,4,4
48132,1,2
48133,4,4
48134,1,4
48135,3,4
48136,4,5
48137,3,3
48138,6,7
48139,8,8
48140,2,3
48141,3,3
48142,3,3
48143,2,8
48144,5,8
48145,4,6
48146,2,5
48147,2,2
48148,1,3
48149,4,5
48150,3,6
48151,2,3
48152,2,6
48153,3,3
48154,5,7
48155,3,3
48156,2,3
48157,3,7
48158,4,4
48159,4,5
48160,1,2
48161,4,5
48162,0,7
48163,2,3
48164,5,5
48165,5,5
48166,5,8
48167,1,1
48168,1,6
48169,2,2
48170,1,2
48171,5,8
48172,0,3
48173,2,5
48174,2,3
48175,2,2
48176,2,3
48177,4,4
48178,1,2
48179,2,5
48180,1,2
48181,7,7
48182,2,2
48183,2,2
48184,3,7
48185,4,8
48186,2,7
48187,2,2
48188,5,7
48189,3,7
48190,0,4
48191,4,4
48192,3,4
48193,6,6
48194,4,5
48195,3,3
48196,4,5
48197,2,2
48198,2,3
48199,7,7
48200,2,6
48201,4,8
48202,3,4
48203,4,4
48204,3,5
48205,6,8
48206,1,8
48207,4,4
48208,6,7
48209,5,5
48210,0,3
48211,2,5
48212,1,4
48213,7,7
48214,3,5
48215,2,2
48216,0,5
48217,3,3
48218,3,5
48219,7,7
48220,6,9
48221,3,3
48222,3,5
48223,3,3
48224,2,9
48225,5,8
48226,1,2
48227,2,2
48228,3,4
48229,4,7
48230,7,8
48231,4,6
48232,5,5
48233,4,4
48234,3,6
48235,4,4
48236,6,7
48237,5,8
48238,5,8
48239,4,7
48240,3,8
48241,5,5
48242,4,8
48243,2,2
48244,4,5
48245,3,3
48246,1,4
48247,4,4
48248,5,6
48249,6,6
48250,4,6
48251,6,7
48252,1,2
48253,6,6
48254,6,9
48255,6,6
48256,3,6
48257,2,7
48258,5,6
48259,5,5
48260,1,2
48261,9,9
48262,3,3
48263,5,5
48264,0,8
48265,4,4
48266,0,4
48267,8,8
48268,2,4
48269,3,4
48270,0,5
48271,4,4
48272,1,6
48273,2,2
48274,2,2
48275,3,3
48276,4,4
48277,3,3
48278,5,6
48279,3,6
48280,3,5
48281,3,3
48282,2,3
48283,5,5
48284,3,3
48285,2,2
48286,2,6
48287,3,5
48288,3,3
48289,4,4
48290,0,2
48291,2,2
48292,0,1
48293,6,6
48294,0,5
48295,3,7
48296,5,7
48297,5,7
48298,6,7
48299,5,7
48300,3,8
48301,4,4
48302,0,5
48303,5,5
48304,1,3
48305,3,3
48306,2,8
48307,3,7
48308,2,7
48309,6,6
48310,1,4
48311,3,3
48312,3,7
48313,3,7
48314,2,5
48315,3,3
48316,2,2
48317,5,6
48318,2,2
48319,2,2
48320,2,5
48321,2,2
48322,4,5
48323,2,2
48324,3,8
48325,2,6
48326,4,4
48327,4,4
48328,3,6
48329,6,6
48330,4,8
48331,7,7
48332,0,7
48333,5,5
48334,3,5
48335,3,3
48336,1,2
48337,4,4
48338,5,7
48339,4,4
48340,2,2
48341,5,6
48342,3,3
48343,5,5
48344,0,3
48345,6,6
48346,2,4
48347,7,8
48348,1,2
48349,2,4
48350,6,7
48351,5,8
48352,0,2
48353,7,7
48354,2,2
48355,5,5
48356,6,7
48357,4,4
48358,0,4
48359,4,4
48360,3,5
48361,2,8
48362,6,7
48363,2,2
48364,1,2
48365,2,2
48366,5,7
48367,6,6
48368,2,2
48369,2,4
48370,0,4
48371,3,3
48372,4,7
48373,7,7
48374,0,7
48375,2,2
48376,4,4
48377,3,8
48378,2,4
48379,4,4
48380,1,6
48381,3,5
48382,4,6
48383,4,4
48384,6,6
48385,2,2
48386,3,3
48387,2,5
48388,1,3
48389,3,3
48390,4,4
48391,7,7
48392,8,8
48393,3,3
48394,3,5
48395,4,8
48396,2,2
48397,3,3
48398,0,7
48399,6,7
48400,1,3
48401,5,6
48402,1,4
48403,3,5
48404,4,4
48405,4,4
48406,3,5
48407,2,2
48408,3,7
48409,4,4
48410,2,2
48411,4,5
48412,2,2
48413,3,5
48414,0,4
48415,5,5
48416,0,3
48417,5,5
48418,4,8
48419,3,3
48420,0,5
48421,4,4
48422,3,3
48423,4,4
48424,3,3
48425,2,2
48426,2,2
48427,4,4
48428,6,8
48429,4,4
48430,4,6
48431,5,6
48432,3,6
48433,4,6
48434,5,8
48435,2,3
48436,3,6
48437,6,7
48438,4,8
48439,4,4
48440,1,1
48441,4,5
48442,5,6
48443,5,5
48444,3,9
48445,3,3
48446,5,5
48447,2,2
48448,4,6
48449,5,5
48450,1,5
48451,4,7
48452,2,5
48453,3,7
48454,4,4
48455,4,4
48456,2,2
48457,2,8
48458,2,3
48459,2,2
48460,2,3
48461,3,3
48462,1,2
48463,9,10
48464,4,6
48465,2,2
48466,1,2
48467,1,1
48468,2,2
48469,2,3
48470,4,6
48471,5,5
48472,2,2
48473,2,8
48474,1,2
48475,2,2
48476,3,4
48477,5,5
48478,2,5
48479,6,6
48480,2,2
48481,5,5
48482,1,2
48483,2,2
48484,1,4
48485,4,4
48486,2,5
48487,4,4
48488,3,3
48489,2,2
48490,4,7
48491,2,6
48492,0,2
48493,3,3
48494,4,6
48495,2,2
48496,0,7
48497,2,2
48498,4,4
48499,8,8
48500,3,8
48501,2,2
48502,3,6
48503,3,3
48504,0,2
48505,5,5
48506,1,3
48507,3,8
48508,0,5
48509,5,5
48510,3,7
48511,5,6
48512,2,5
48513,5,7
48514,1,6
48515,5,5
48516,3,6
48517,3,6
48518,5,6
48519,4,4
48520,5,6
48521,3,3
48522,6,7
48523,4,4
48524,4,5
48525,6,6
48526,2,2
48527,5,8
48528,5,6
48529,7,7
48530,6,8
48531,7,7
48532,5,6
48533,4,4
48534,3,3
48535,8,8
48536,5,7
48537,2,2
48538,6,6
48539,5,5
48540,1,8
48541,6,8
48542,2,3
48543,6,6
48544,4,7
48545,8,8
48546,7,8
48547,4,4
48548,0,2
48549,6,6
48550,3,5
48551,6,6
48552,3,5
48553,3,3
48554,1,3
48555,3,3
48556,3,3
48557,5,6
48558,1,6
48559,7,7
48560,2,4
48561,3,4
48562,1,6
48563,6,7
48564,3,4
48565,7,7
48566,2,2
48567,8,8
48568,2,6
48569,5,5
48570,1,4
48571,4,6
48572,5,7
48573,8,9
48574,4,8
48575,8,8
48576,5,6
48577,6,6
48578,1,6
48579,4,4
48580,1,7
48581,3,4
48582,3,8
48583,5,5
48584,2,2
48585,3,3
48586,3,5
48587,7,9
48588,2,2
48589,3,3
48590,5,6
48591,2,6
48592,2,4
48593,2,7
48594,2,7
48595,2,9
48596,4,8
48597,1,1
48598,3,6
48599,2,2
48600,3,4
48601,2,3
48602,7,8
48603,8,8
48604,2,2
48605,3,3
48606,6,7
48607,2,2
48608,1,8
48609,3,3
48610,3,7
48611,3,3
48612,3,5
48613,6,6
48614,0,4
48615,2,2
48616,2,6
48617,2,2
48618,4,6
48619,4,5
48620,2,7
48621,3,3
48622,3,6
48623,6,6
48624,5,8
48625,6,6
48626,2,2
48627,3,4
48628,4,7
48629,6,6
48630,3,8
48631,6,6
48632,0,2
48633,6,6
48634,7,8
48635,4,5
48636,1,3
48637,3,3
48638,4,5
48639,2,5
48640,4,6
48641,7,7
48642,4,6
48643,3,5
48644,3,5
48645,6,6
48646,4,6
48647,2,2
48648,3,3
48649,4,6
48650,0,2
48651,6,6
48652,4,4
48653,2,2
48654,4,5
48655,2,4
48656,6,6
48657,2,3
48658,2,7
48659,4,4
48660,2,4
48661,5,7
48662,4,4
48663,5,5
48664,0,5
48665,5,5
48666,4,5
48667,3,3
48668,4,6
48669,3,4
48670,2,6
48671,2,2
48672,5,7
48673,3,3
48674,3,6
48675,7,7
48676,0,3
48677,2,2
48678,2,5
48679,4,6
48680,3,3
48681,5,5
48682,2,2
48683,3,4
48684,3,4
48685,3,8
48686,2,3
48687,3,3
48688,2,3
48689,2,3
48690,0,2
48691,4,4
48692,6,7
48693,4,4
48694,3,6
48695,4,4
48696,2,3
48697,2,2
48698,5,5
48699,3,3
48700,2,2
48701,2,4
48702,2,3
48703,2,7
48704,2,8
48705,2,5
48706,2,2
48707,4,4
48708,4,4
48709,2,2
48710,0,7
48711,3,7
48712,5,8
48713,5,6
48714,1,7
48715,5,7
48716,6,8
48717,4,5
48718,5,7
48719,4,4
48720,4,4
48721,7,7
48722,3,4
48723,6,6
48724,3,4
48725,3,3
48726,3,5
48727,7,7
48728,2,2
48729,7,7
48730,2,3
48731,7,7
48732,1,7
48733,3,3
48734,5,6
48735,2,2
48736,4,5
48737,3,3
48738,4,6
48739,8,8
48740,2,7
48741,5,5
48742,6,8
48743,7,7
48744,3,3
48745,3,3
48746,3,6
48747,2,2
48748,5,5
48749,3,3
48750,3,6
48751,1,1
48752,0,4
48753,5,7
48754,2,2
48755,2,4
48756,2,4
48757,2,2
48758,5,7
48759,4,4
48760,0,7
48761,6,6
48762,2,6
48763,3,8
48764,1,4
48765,1,1
48766,1,2
48767,6,6
48768,5,8
48769,6,6
48770,0,3
48771,4,6
48772,5,7
48773,4,4
48774,6,7
48775,6,6
48776,4,5
48777,2,2
48778,6,6
48779,2,2
48780,4,6
48781,4,6
48782,5,9
48783,3,8
48784,2,7
48785,1,1
48786,7,9
48787,5,7
48788,0,2
48789,3,8
48790,3,4
48791,3,4
48792,1,5
48793,3,5
48794,3,4
48795,3,3
48796,2,4
48797,7,8
48798,1,2
48799,4,4
48800,0,4
48801,8,8
48802,2,2
48803,7,7
48804,1,5
48805,8,8
48806,3,4
48807,2,5
48808,3,3
48809,5,5
48810,2,2
48811,1,1
48812,5,5
48813,4,4
48814,0,5
48815,6,7
48816,3,8
48817,2,2
48818,3,8
48819,3,3
48820,2,2
48821,6,8
48822,2,3
48823,8,8
48824,0,4
48825,2,4
48826,5,6
48827,2,2
48828,5,6
48829,4,4
48830,2,5
48831,2,2
48832,0,6
48833,5,5
48834,1,1
48835,2,4
48836,6,8
48837,3,6
48838,3,9
48839,3,3
48840,5,6
48841,3,3
48842,3,8
48843,2,8
48844,4,7
48845,3,3
48846,2,4
48847,5,5
48848,3,3
48849,5,6
48850,0,6
48851,8,8
48852,3,9
48853,6,8
48854,5,9
48855,5,8
48856,2,3
48857,5,5
48858,6,7
48859,5,5
48860,2,5
48861,7,7
48862,4,4
48863,5,5
48864,2,3
48865,4,4
48866,3,4
48867,3,5
48868,6,8
48869,4,5
48870,5,5
48871,2,2
48872,1,2
48873,4,4
48874,4,5
48875,2,2
48876,5,6
48877,2,2
48878,0,4
48879,5,7
48880,5,6
48881,8,8
48882,5,5
48883,3,4
48884,2,5
48885,2,4
48886,1,6
48887,7,7
48888,2,2
48889,5,5
48890,0,4
48891,7,7
48892,3,4
48893,5,6
48894,4,5
48895,3,3
48896,2,2
48897,5,5
48898,0,2
48899,3,7
48900,2,5
48901,4,5
48902,1,7
48903,3,5
48904,1,3
48905,3,3
48906,3,7
48907,3,3
48908,4,5
48909,4,4
48910,3,3
48911,5,8
48912,2,4
48913,6,8
48914,1,2
48915,4,5
48916,3,5
48917,3,3
48918,1,4
48919,3,3
48920,2,2
48921,2,4
48922,3,4
48923,6,6
48924,2,3
48925,5,7
48926,1,3
48927,3,3
48928,2,3
48929,4,4
48930,2,4
48931,2,2
48932,4,8
48933,4,4
48934,1,2
48935,4,4
48936,2,7
48937,4,7
48938,4,6
48939,5,8
48940,5,7
48941,6,6
48942,3,6
48943,5,5
48944,4,5
48945,6,6
48946,4,5
48947,5,6
48948,4,8
48949,2,2
48950,3,6
48951,2,2
48952,4,4
48953,2,2
48954,4,5
48955,8,8
48956,3,6
48957,2,2
48958,1,2
48959,3,3
48960,6,7
48961,4,5
48962,0,2
48963,5,7
48964,5,6
48965,7,7
48966,0,5
48967,6,6
48968,6,7
48969,3,3
48970,2,3
48971,5,5
48972,2,3
48973,7,7
48974,3,7
48975,3,3
48976,4,6
48977,6,7
48978,0,3
48979,7,7
48980,2,2
48981,4,4
48982,5,6
48983,3,4
48984,1,7
48985,7,8
48986,4,8
48987,6,7
48988,2,5
48989,6,7
48990,4,4
48991,2,2
48992,1,3
48993,7,7
48994,0,7
48995,5,5
48996,4,5
48997,5,5
48998,7,7
48999,4,4
49000,5,6
49001,6,6
49002,1,5
49003,4,5
49004,3,5
49005,2,4
49006,8,9
49007,2,2
49008,0,2
49009,6,6
49010,2,2
49011,2,2
49012,0,2
49013,2,2
49014,0,7
49015,6,6
49016,2,4
49017,5,5
49018,4,5
49019,6,6
49020,4,4
49021,5,5
49022,0,6
49023,4,5
49024,4,4
49025,3,7
49026,0,3
49027,2,2
49028,2,2
49029,4,4
49030,0,3
49031,7,8
49032,2,3
49033,7,8
49034,2,2
49035,3,3
49036,2,5
49037,2,2
49038,2,3
49039,3,3
49040,2,2
49041,2,2
49042,1,2
49043,3,3
49044,4,4
49045,2,2
49046,2,3
49047,3,8
49048,2,3
49049,5,5
49050,3,4
49051,2,2
49052,2,3
49053,5,5
49054,7,7
49055,1,1
49056,1,4
49057,4,4
49058,5,7
49059,4,5
49060,2,5
49061,2,2
49062,2,5
49063,3,3
49064,7,7
49065,3,4
49066,2,7
49067,7,7
49068,4,8
49069,5,5
49070,1,3
49071,3,3
49072,1,2
49073,4,4
49074,2,2
49075,4,4
49076,4,6
49077,7,9
49078,2,3
49079,6,7
49080,2,3
49081,3,3
49082,2,5
49083,5,5
49084,4,7
49085,7,7
49086,2,4
49087,4,5
49088,3,4
49089,5,6
49090,0,2
49091,2,2
49092,3,4
49093,3,3
49094,0,4
49095,3,4
49096,5,6
49097,2,7
49098,1,7
49099,3,4
49100,3,7
49101,3,4
49102,1,4
49103,4,4
49104,0,4
49105,5,5
49106,1,3
49107,3,3
49108,4,5
49109,6,7
49110,4,8
49111,2,8
49112,3,8
49113,2,2
49114,4,7
49115,6,9
49116,6,6
49117,3,3
49118,7,7
49119,3,3
49120,0,4
49121,2,2
49122,2,3
49123,2,5
49124,1,2
49125,4,4
49126,3,3
49127,4,5
49128,2,2
49129,3,3
49130,4,7
49131,3,8
49132,4,5
49133,4,4
49134,3,4
49135,3,8
49136,4,5
49137,5,7
49138,3,3
49139,6,6
49140,1,3
49141,4,4
49142,2,4
49143,7,7
49144,1,5
49145,3,5
49146,3,5
49147,2,7
49148,2,4
49149,5,8
49150,5,8
49151,3,3
49152,4,7
49153,2,2
49154,2,2
49155,4,4
49156,1,3
49157,5,5
49158,0,6
49159,5,7
49160,1,6
49161,4,4
49162,6,7
49163,7,7
49164,1,3
49165,7,7
49166,0,3
49167,5,5
49168,2,2
49169,5,5
49170,2,2
49171,7,7
49172,3,3
49173,3,3
49174,2,2
49175,2,2
49176,2,6
49177,3,3
49178,1,2
49179,5,5
49180,2,7
49181,7,7
49182,1,2
49183,5,5
49184,3,8
49185,3,7
49186,2,2
49187,7,7
49188,0,2
49189,1,1
49190,5,6
49191,4,7
49192,2,3
49193,5,5
49194,2,5
49195,4,7
49196,0,7
49197,2,5
49198,5,7
49199,7,7
49200,3,3
49201,3,3
49202,4,6
49203,3,4
49204,3,8
49205,6,6
49206,3,3
49207,4,4
49208,2,7
49209,3,3
49210,4,7
49211,3,5
49212,5,7
49213,3,4
49214,5,7
49215,4,4
49216,2,5
49217,3,3
49218,3,4
49219,3,5
49220,0,5
49221,2,2
49222,2,2
49223,4,4
49224,2,6
49225,3,5
49226,1,3
49227,5,7
49228,3,5
49229,6,6
49230,2,6
49231,6,6
49232,2,3
49233,3,3
49234,1,7
49235,6,8
49236,2,5
49237,2,2
49238,6,7
49239,3,3
49240,3,4
49241,6,6
49242,1,4
49243,1,1
49244,5,7
49245,3,3
49246,1,2
49247,7,8
49248,0,7
49249,2,2
49250,2,2
49251,5,5
49252,3,4
49253,4,6
49254,5,7
49255,6,8
49256,6,7
49257,2,2
49258,1,3
49259,3,4
49260,2,2
49261,8,8
49262,2,5
49263,2,2
49264,3,4
49265,3,7
49266,6,6
49267,6,6
49268,4,7
49269,2,2
49270,2,6
49271,3,3
49272,0,2
49273,3,3
49274,0,2
49275,4,4
49276,1,3
49277,8,8
49278,5,6
49279,3,6
49280,0,4
49281,7,7
49282,2,3
49283,4,7
49284,1,4
49285,2,2
49286,6,7
49287,4,4
49288,3,4
49289,3,6
49290,2,8
49291,5,5
49292,2,5
49293,7,7
49294,2,3
49295,2,5
49296,3,5
49297,7,7
49298,2,2
49299,6,6
49300,4,8
49301,4,4
49302,1,5
49303,7,7
49304,3,3
49305,4,4
49306,5,8
49307,2,2
49308,3,5
49309,3,3
49310,2,2
49311,6,6
49312,3,3
49313,2,6
49314,4,6
49315,2,6
49316,2,3
49317,5,6
49318,4,5
49319,4,4
49320,0,4
49321,4,7
49322,2,5
49323,6,6
49324,3,4
49325,4,7
49326,4,5
49327,3,5
49328,2,6
49329,6,6
49330,2,2
49331,2,2
49332,3,3
49333,6,7
49334,3,6
49335,5,6
49336,3,7
49337,5,5
49338,2,2
49339,6,6
49340,6,6
49341,2,5
49342,6,6
49343,2,2
49344,6,7
49345,7,7
49346,2,2
49347,4,5
49348,7,8
49349,3,3
49350,1,3
49351,3,3
49352,3,6
49353,4,4
49354,2,2
49355,3,3
49356,5,7
49357,3,8
49358,3,3
49359,7,7
49360,2,3
49361,4,7
49362,1,4
49363,6,6
49364,6,8
49365,3,3
49366,2,4
49367,3,3
49368,3,4
49369,6,7
49370,2,3
49371,3,3
49372,3,4
49373,5,7
49374,3,7
49375,2,2
49376,3,7
49377,8,8
49378,4,5
49379,2,2
49380,1,6
49381,6,6
49382,4,4
49383,3,3
49384,1,3
49385,5,5
49386,4,5
49387,2,2
49388,8,8
49389,7,7
49390,1,2
49391,5,6
49392,2,5
49393,5,6
49394,1,2
49395,2,2
49396,4,6
49397,6,6
49398,2,3
49399,6,6
49400,4,6
49401,5,5
49402,4,6
49403,3,3
49404,6,8
49405,4,5
49406,0,5
49407,5,5
49408,4,5
49409,4,4
49410,6,7
49411,2,2
49412,6,8
49413,6,6
49414,1,4
49415,3,7
49416,1,8
49417,5,5
49418,1,6
49419,6,8
49420,6,9
49421,4,6
49422,0,5
49423,3,3
49424,5,5
49425,4,6
49426,2,6
49427,4,6
49428,0,6
49429,4,4
49430,4,4
49431,2,5
49432,2,3
49433,2,2
49434,6,8
49435,3,4
49436,0,4
49437,4,4
49438,4,7
49439,5,5
49440,1,1
49441,5,8
49442,0,4
49443,7,7
49444,5,7
49445,6,6
49446,3,4
49447,4,4
49448,2,2
49449,4,4
49450,2,3
49451,5,5
49452,2,4
49453,6,8
49454,4,4
49455,6,6
49456,5,6
49457,2,2
49458,3,5
49459,4,7
49460,1,3
49461,4,4
49462,7,8
49463,4,5
49464,0,2
49465,4,4
49466,0,7
49467,3,3
49468,0,4
49469,2,2
49470,7,8
49471,5,5
49472,4,6
49473,2,2
49474,3,6
49475,5,5
49476,3,6
49477,3,4
49478,4,5
49479,6,6
49480,3,6
49481,6,6
49482,1,8
49483,8,8
49484,2,4
49485,5,7
49486,1,4
49487,4,5
49488,1,6
49489,4,4
49490,0,2
49491,6,7
49492,3,5
49493,3,3
49494,4,6
49495,4,4
49496,1,4
49497,2,6
49498,2,2
49499,5,5
49500,4,5
49501,6,6
49502,3,6
49503,3,5
49504,2,4
49505,7,8
49506,4,6
49507,6,7
49508,3,5
49509,2,6
49510,6,7
49511,3,5
49512,3,7
49513,8,8
49514,1,2
49515,4,4
49516,2,6
49517,4,4
49518,5,7
49519,3,8
49520,2,2
49521,2,5
49522,5,8
49523,2,2
49524,2,4
49525,2,6
49526,1,7
49527,6,8
49528,3,3
49529,4,6
49530,4,6
49531,2,5
49532,2,3
49533,3,3
49534,3,3
49535,5,5
49536,6,7
49537,5,5
49538,0,4
49539,6,6
49540,1,4
49541,5,5
49542,1,7
49543,2,6
49544,1,4
49545,4,6
49546,3,4
49547,2,2
49548,3,4
49549,4,4
49550,0,5
49551,6,6
49552,4,7
49553,7,7
49554,1,2
49555,6,6
49556,3,4
49557,3,3
49558,4,6
49559,2,2
49560,4,6
49561,3,3
49562,3,3
49563,5,5
49564,2,7
49565,5,7
49566,3,8
49567,4,4
49568,1,6
49569,6,8
49570,1,2
49571,7,8
49572,1,3
49573,4,5
49574,3,3
49575,4,4
49576,0,8
49577,2,2
49578,0,6
49579,6,6
49580,3,7
49581,5,5
49582,4,6
49583,3,6
49584,4,4
49585,8,8
49586,3,3
49587,7,7
49588,5,7
49589,4,4
49590,2,2
49591,5,5
49592,0,3
49593,2,3
49594,5,6
49595,4,4
49596,7,8
49597,1,1
49598,1,3
49599,6,6
49600,1,3
49601,2,2
49602,0,5
49603,8,8
49604,2,3
49605,5,5
49606,0,2
49607,6,6
49608,0,4
49609,2,2
49610,1,3
49611,4,4
49612,4,8
49613,5,5
49614,0,2
49615,6,6
49616,3,4
49617,8,8
49618,1,5
49619,2,2
49620,3,3
49621,5,7
49622,1,6
49623,5,5
49624,5,8
49625,3,3
49626,2,2
49627,4,4
49628,3,4
49629,4,4
49630,1,6
49631,6,6
49632,2,4
49633,2,2
49634,6,6
49635,8,8
49636,0,2
49637,6,6
49638,1,2
49639,7,7
49640,5,7
49641,5,5
49642,0,2
49643,4,4
49644,2,5
49645,2,2
49646,5,6
49647,3,6
49648,1,2
49649,2,2
49650,1,4
49651,6,6
49652,3,6
49653,2,3
49654,1,4
49655,5,5
49656,3,4
49657,3,3
49658,2,2
49659,6,6
49660,2,8
49661,5,6
49662,3,3
49663,3,3
49664,4,5
49665,5,5
49666,7,7
49667,3,3
49668,1,3
49669,4,8
49670,4,7
49671,7,7
49672,2,3
49673,4,7
49674,0,5
49675,6,7
49676,1,3
49677,6,7
49678,2,3
49679,3,8
49680,2,4
49681,4,4
49682,2,3
49683,3,3
49684,3,4
49685,2,2
49686,4,6
49687,4,4
49688,3,6
49689,6,6
49690,4,4
49691,3,7
49692,4,5
49693,5,6
49694,4,7
49695,4,4
49696,1,7
49697,4,4
49698,3,5
49699,5,5
49700,0,7
49701,5,5
49702,0,8
49703,5,6
49704,2,2
49705,5,8
49706,2,2
49707,4,4
49708,2,2
49709,3,6
49710,2,5
49711,3,3
49712,4,5
49713,2,2
49714,4,7
49715,4,4
49716,0,6
49717,3,5
49718,6,7
49719,4,4
49720,3,4
49721,3,3
49722,0,1
49723,3,3
49724,3,6
49725,3,3
49726,1,6
49727,5,5
49728,3,4
49729,2,2
49730,2,6
49731,2,6
49732,4,4
49733,4,7
49734,0,4
49735,4,6
49736,4,5
49737,3,7
49738,1,4
49739,5,5
49740,6,6
49741,6,6
49742,1,5
49743,5,7
49744,5,6
49745,2,2
49746,2,5
49747,2,7
49748,1,2
49749,4,5
49750,3,3
49751,2,2
49752,5,6
49753,5,6
49754,1,1
49755,2,2
49756,3,4
49757,7,7
49758,3,6
49759,2,2
49760,0,3
49761,3,3
49762,5,6
49763,3,4
49764,2,5
49765,5,5
49766,0,6
49767,4,4
49768,3,5
49769,2,2
49770,2,4
49771,4,6
49772,3,6
49773,3,6
49774,0,2
49775,5,5
49776,2,2
49777,2,5
49778,4,4
49779,7,7
49780,4,7
49781,3,3
49782,1,6
49783,3,3
49784,1,2
49785,5,5
49786,1,1
49787,7,7
49788,3,3
49789,5,5
49790,2,7
49791,3,8
49792,5,9
49793,6,6
49794,1,2
49795,2,6
49796,2,2
49797,2,4
49798,1,2
49799,3,3
49800,5,7
49801,2,6
49802,5,7
49803,2,2
49804,3,3
49805,5,5
49806,7,7
49807,8,8
49808,2,2
49809,5,5
49810,1,8
49811,2,2
49812,6,6
49813,4,4
49814,4,7
49815,2,4
49816,4,4
49817,7,7
49818,2,2
49819,2,2
49820,5,5
49821,2,2
49822,1,5
49823,5,6
49824,6,7
49825,6,6
49826,0,2
49827,2,7
49828,5,6
49829,5,5
49830,0,7
49831,7,7
49832,3,4
49833,5,5
49834,2,3
49835,2,2
49836,3,4
49837,6,8
49838,0,2
49839,3,7
49840,1,2
49841,6,6
49842,7,8
49843,2,2
49844,1,6
49845,4,7
49846,1,7
49847,3,7
49848,1,2
49849,2,4
49850,1,3
49851,3,3
49852,4,6
49853,6,6
49854,1,2
49855,7,7
49856,0,2
49857,4,4
49858,0,3
49859,6,6
49860,6,7
49861,4,5
49862,1,2
49863,4,5
49864,5,7
49865,5,8
49866,1,7
49867,7,8
49868,2,6
49869,4,5
49870,1,4
49871,8,8
49872,3,3
49873,5,5
49874,5,5
49875,5,5
49876,5,8
49877,5,5
49878,2,4
49879,3,3
49880,0,2
49881,4,4
49882,3,3
49883,3,3
49884,2,7
49885,4,4
49886,5,7
49887,4,4
49888,1,2
49889,6,7
49890,4,6
49891,2,2
49892,0,4
49893,6,6
49894,4,6
49895,7,7
49896,1,2
49897,8,8
49898,2,7
49899,6,7
49900,2,5
49901,3,3
49902,4,8
49903,5,7
49904,1,3
49905,3,3
49906,4,5
49907,4,4
49908,3,3
49909,2,2
49910,2,2
49911,2,3
49912,6,7
49913,3,8
49914,0,6
49915,7,8
49916,1,7
49917,8,8
49918,2,3
49919,5,5
49920,4,4
49921,2,2
49922,5,7
49923,4,5
49924,0,6
49925,2,2
49926,4,6
49927,3,4
49928,0,5
49929,7,8
49930,1,8
49931,5,5
49932,1,5
49933,5,8
49934,0,2
49935,5,5
49936,1,2
49937,4,4
49938,6,7
49939,4,5
49940,3,3
49941,3,3
49942,5,6
49943,4,6
49944,4,7
49945,2,4
49946,4,6
49947,5,5
49948,3,3
49949,2,2
49950,5,8
49951,5,5
49952,3,6
49953,4,5
49954,3,5
49955,6,6
49956,3,4
49957,3,3
49958,4,7
49959,2,3
49960,2,4
49961,2,2
49962,3,4
49963,2,3
49964,4,5
49965,3,8
49966,1,4
49967,3,4
49968,4,6
49969,2,2
49970,2,8
49971,6,6
49972,1,3
49973,2,2
49974,3,4
49975,3,3
49976,2,3
49977,3,3
49978,3,4
49979,2,2
49980,4,6
49981,2,2
49982,2,2
49983,4,4
49984,2,6
49985,3,5
49986,4,4
49987,6,6
49988,2,7
49989,2,2
49990,1,2
49991,2,2
49992,1,4
49993,3,5
49994,4,5
49995,5,5
49996,2,3
49997,4,4
49998,4,8
49999,4,4
50000,2,6
